intersection,count,ratio
"('amelia',)",32091,100.0
"('amelia', 'calliope')",8065,25.131656850830453
"('amelia', 'gura')",11833,36.873266647969835
"('amelia', 'inanis')",9271,28.889719859150542
"('amelia', 'kiara')",7478,23.30248356236951
"('amelia', 'irys')",6443,20.077280234333614
"('amelia', 'sana')",3406,10.613567666947118
"('amelia', 'ceres')",7685,23.94752422797669
"('amelia', 'ouro')",8671,27.020036770434082
"('amelia', 'mumei')",7051,21.97189243089963
"('amelia', 'hakos')",8756,27.28490854133558
"('amelia', 'calliope', 'gura')",5196,16.191455548284566
"('amelia', 'calliope', 'inanis')",4684,14.595992645913183
"('amelia', 'calliope', 'kiara')",4102,12.782400049858216
"('amelia', 'calliope', 'irys')",3461,10.784955283412796
"('amelia', 'calliope', 'sana')",2048,6.381851609485525
"('amelia', 'calliope', 'ceres')",3968,12.364837493378205
"('amelia', 'calliope', 'ouro')",4373,13.626873578261817
"('amelia', 'calliope', 'mumei')",3614,11.261724471035492
"('amelia', 'calliope', 'hakos')",4553,14.187778504876757
"('amelia', 'gura', 'inanis')",6152,19.17048393630613
"('amelia', 'gura', 'kiara')",4921,15.334517465956187
"('amelia', 'gura', 'irys')",4359,13.583247639525101
"('amelia', 'gura', 'sana')",2475,7.712442740955408
"('amelia', 'gura', 'ceres')",5343,16.649527905020097
"('amelia', 'gura', 'ouro')",5838,18.19201645321118
"('amelia', 'gura', 'mumei')",5098,15.886073977127543
"('amelia', 'gura', 'hakos')",5976,18.622043563615968
"('amelia', 'inanis', 'kiara')",4532,14.12233959677168
"('amelia', 'inanis', 'irys')",3832,11.941042659935807
"('amelia', 'inanis', 'sana')",2326,7.248138107257486
"('amelia', 'inanis', 'ceres')",4817,15.010439063912001
"('amelia', 'inanis', 'ouro')",4774,14.876445109220654
"('amelia', 'inanis', 'mumei')",4367,13.608176747374653
"('amelia', 'inanis', 'hakos')",5052,15.742731606992615
"('amelia', 'kiara', 'irys')",3406,10.613567666947118
"('amelia', 'kiara', 'sana')",2172,6.768252781153594
"('amelia', 'kiara', 'ceres')",3980,12.402231155152535
"('amelia', 'kiara', 'ouro')",4098,12.76993549593344
"('amelia', 'kiara', 'mumei')",3613,11.2586083325543
"('amelia', 'kiara', 'hakos')",4488,13.98522950359914
"('amelia', 'irys', 'sana')",1849,5.761740051727899
"('amelia', 'irys', 'ceres')",3617,11.271072886479075
"('amelia', 'irys', 'ouro')",3967,12.361721354897012
"('amelia', 'irys', 'mumei')",3282,10.22716649527905
"('amelia', 'irys', 'hakos')",4192,13.062852513165685
"('amelia', 'sana', 'ceres')",2236,6.967685643950016
"('amelia', 'sana', 'ouro')",2241,6.983266336355988
"('amelia', 'sana', 'mumei')",1999,6.229160823907014
"('amelia', 'sana', 'hakos')",2395,7.46315166245988
"('amelia', 'ceres', 'ouro')",4641,14.461998691221838
"('amelia', 'ceres', 'mumei')",4197,13.078433205571654
"('amelia', 'ceres', 'hakos')",4649,14.486927799071392
"('amelia', 'ouro', 'mumei')",4366,13.60506060889346
"('amelia', 'ouro', 'hakos')",5245,16.344146333863076
"('amelia', 'mumei', 'hakos')",4562,14.215823751207504
"('amelia', 'calliope', 'gura', 'inanis')",3617,11.271072886479075
"('amelia', 'calliope', 'gura', 'kiara')",3116,9.709887507400829
"('amelia', 'calliope', 'gura', 'irys')",2699,8.410457760742887
"('amelia', 'calliope', 'gura', 'sana')",1681,5.238228786887289
"('amelia', 'calliope', 'gura', 'ceres')",3163,9.856346016016952
"('amelia', 'calliope', 'gura', 'ouro')",3419,10.654077467202642
"('amelia', 'calliope', 'gura', 'mumei')",2998,9.342183166619925
"('amelia', 'calliope', 'gura', 'hakos')",3578,11.149543485712506
"('amelia', 'calliope', 'inanis', 'kiara')",2994,9.329718612695148
"('amelia', 'calliope', 'inanis', 'irys')",2533,7.893178772864666
"('amelia', 'calliope', 'inanis', 'sana')",1602,4.992053846872955
"('amelia', 'calliope', 'inanis', 'ceres')",3006,9.367112274469477
"('amelia', 'calliope', 'inanis', 'ouro')",3035,9.457480290424106
"('amelia', 'calliope', 'inanis', 'mumei')",2721,8.479012807329157
"('amelia', 'calliope', 'inanis', 'hakos')",3235,10.080707986662928
"('amelia', 'calliope', 'kiara', 'irys')",2311,7.201396030039575
"('amelia', 'calliope', 'kiara', 'sana')",1554,4.842479199775638
"('amelia', 'calliope', 'kiara', 'ceres')",2668,8.313857467825871
"('amelia', 'calliope', 'kiara', 'ouro')",2761,8.603658346576921
"('amelia', 'calliope', 'kiara', 'mumei')",2427,7.562868093858091
"('amelia', 'calliope', 'kiara', 'hakos')",3013,9.388925243837837
"('amelia', 'calliope', 'irys', 'sana')",1319,4.110186656695023
"('amelia', 'calliope', 'irys', 'ceres')",2321,7.232557414851517
"('amelia', 'calliope', 'irys', 'ouro')",2540,7.914991742233026
"('amelia', 'calliope', 'irys', 'mumei')",2162,6.737091396341653
"('amelia', 'calliope', 'irys', 'hakos')",2682,8.357483406562588
"('amelia', 'calliope', 'sana', 'ceres')",1517,4.727182075971456
"('amelia', 'calliope', 'sana', 'ouro')",1559,4.8580598921816085
"('amelia', 'calliope', 'sana', 'mumei')",1413,4.403103673927269
"('amelia', 'calliope', 'sana', 'hakos')",1674,5.21641581751893
"('amelia', 'calliope', 'ceres', 'ouro')",2887,8.996291795207378
"('amelia', 'calliope', 'ceres', 'mumei')",2607,8.12377302047303
"('amelia', 'calliope', 'ceres', 'hakos')",2977,9.27674425851485
"('amelia', 'calliope', 'ouro', 'mumei')",2712,8.45096756099841
"('amelia', 'calliope', 'ouro', 'hakos')",3232,10.071359571219345
"('amelia', 'calliope', 'mumei', 'hakos')",2861,8.915272194696332
"('amelia', 'gura', 'inanis', 'kiara')",3526,10.987504284690413
"('amelia', 'gura', 'inanis', 'irys')",3059,9.532267613972765
"('amelia', 'gura', 'inanis', 'sana')",1910,5.95182449908074
"('amelia', 'gura', 'inanis', 'ceres')",3844,11.978436321710136
"('amelia', 'gura', 'inanis', 'ouro')",3835,11.95039107537939
"('amelia', 'gura', 'inanis', 'mumei')",3624,11.292885855847434
"('amelia', 'gura', 'inanis', 'hakos')",4056,12.639057679723287
"('amelia', 'gura', 'kiara', 'irys')",2670,8.320089744788259
"('amelia', 'gura', 'kiara', 'sana')",1755,5.468823034495653
"('amelia', 'gura', 'kiara', 'ceres')",3191,9.943597893490388
"('amelia', 'gura', 'kiara', 'ouro')",3260,10.15861144869278
"('amelia', 'gura', 'kiara', 'mumei')",2980,9.28609267395843
"('amelia', 'gura', 'kiara', 'hakos')",3514,10.950110622916084
"('amelia', 'gura', 'irys', 'sana')",1527,4.758343460783397
"('amelia', 'gura', 'irys', 'ceres')",2914,9.08042753419962
"('amelia', 'gura', 'irys', 'ouro')",3127,9.744165030693965
"('amelia', 'gura', 'irys', 'mumei')",2740,8.538219438471845
"('amelia', 'gura', 'irys', 'hakos')",3299,10.28014084945935
"('amelia', 'gura', 'sana', 'ceres')",1857,5.7866691595774515
"('amelia', 'gura', 'sana', 'ouro')",1855,5.780436882615064
"('amelia', 'gura', 'sana', 'mumei')",1704,5.309899971954754
"('amelia', 'gura', 'sana', 'hakos')",1978,6.163721915801938
"('amelia', 'gura', 'ceres', 'ouro')",3732,11.629428811816398
"('amelia', 'gura', 'ceres', 'mumei')",3468,10.806768252781154
"('amelia', 'gura', 'ceres', 'hakos')",3779,11.775887320432519
"('amelia', 'gura', 'ouro', 'mumei')",3592,11.193169424449223
"('amelia', 'gura', 'ouro', 'hakos')",4161,12.966252220248666
"('amelia', 'gura', 'mumei', 'hakos')",3771,11.750958212582967
"('amelia', 'inanis', 'kiara', 'irys')",2485,7.743604125767349
"('amelia', 'inanis', 'kiara', 'sana')",1698,5.291203141067589
"('amelia', 'inanis', 'kiara', 'ceres')",3052,9.510454644604406
"('amelia', 'inanis', 'kiara', 'ouro')",2933,9.139634165342308
"('amelia', 'inanis', 'kiara', 'mumei')",2764,8.613006762020504
"('amelia', 'inanis', 'kiara', 'hakos')",3208,9.996572247670686
"('amelia', 'inanis', 'irys', 'sana')",1469,4.577607428874139
"('amelia', 'inanis', 'irys', 'ceres')",2728,8.500825776697516
"('amelia', 'inanis', 'irys', 'ouro')",2728,8.500825776697516
"('amelia', 'inanis', 'irys', 'mumei')",2479,7.724907294880184
"('amelia', 'inanis', 'irys', 'hakos')",2937,9.152098719267084
"('amelia', 'inanis', 'sana', 'ceres')",1772,5.521797388675953
"('amelia', 'inanis', 'sana', 'ouro')",1695,5.281854725624006
"('amelia', 'inanis', 'sana', 'mumei')",1608,5.01075067776012
"('amelia', 'inanis', 'sana', 'hakos')",1840,5.733694805397152
"('amelia', 'inanis', 'ceres', 'ouro')",3340,10.407902527188307
"('amelia', 'inanis', 'ceres', 'mumei')",3177,9.899971954753669
"('amelia', 'inanis', 'ceres', 'hakos')",3448,10.744445483157271
"('amelia', 'inanis', 'ouro', 'mumei')",3085,9.613287214483812
"('amelia', 'inanis', 'ouro', 'hakos')",3520,10.968807453803247
"('amelia', 'inanis', 'mumei', 'hakos')",3332,10.382973419338756
"('amelia', 'kiara', 'irys', 'sana')",1403,4.371942289115329
"('amelia', 'kiara', 'irys', 'ceres')",2386,7.435106416129132
"('amelia', 'kiara', 'irys', 'ouro')",2484,7.740487987286156
"('amelia', 'kiara', 'irys', 'mumei')",2192,6.830575550777477
"('amelia', 'kiara', 'irys', 'hakos')",2686,8.369947960487364
"('amelia', 'kiara', 'sana', 'ceres')",1633,5.088654139789972
"('amelia', 'kiara', 'sana', 'ouro')",1583,4.932847215730267
"('amelia', 'kiara', 'sana', 'mumei')",1500,4.674207721791157
"('amelia', 'kiara', 'sana', 'hakos')",1747,5.4438939266461
"('amelia', 'kiara', 'ceres', 'ouro')",2828,8.812439624816927
"('amelia', 'kiara', 'ceres', 'mumei')",2656,8.276463806051542
"('amelia', 'kiara', 'ceres', 'hakos')",2999,9.34529930510112
"('amelia', 'kiara', 'ouro', 'mumei')",2654,8.270231529089154
"('amelia', 'kiara', 'ouro', 'hakos')",3180,9.909320370197252
"('amelia', 'kiara', 'mumei', 'hakos')",2892,9.01187248761335
"('amelia', 'irys', 'sana', 'ceres')",1448,4.512168520769063
"('amelia', 'irys', 'sana', 'ouro')",1473,4.590071982798916
"('amelia', 'irys', 'sana', 'mumei')",1342,4.181857841762488
"('amelia', 'irys', 'sana', 'hakos')",1590,4.954660185098626
"('amelia', 'irys', 'ceres', 'ouro')",2766,8.619239038982892
"('amelia', 'irys', 'ceres', 'mumei')",2483,7.737371848804961
"('amelia', 'irys', 'ceres', 'hakos')",2865,8.927736748621108
"('amelia', 'irys', 'ouro', 'mumei')",2555,7.961733819450936
"('amelia', 'irys', 'ouro', 'hakos')",3100,9.660029291701724
"('amelia', 'irys', 'mumei', 'hakos')",2701,8.416690037705274
"('amelia', 'sana', 'ceres', 'ouro')",1728,5.384687295503412
"('amelia', 'sana', 'ceres', 'mumei')",1623,5.057492754978031
"('amelia', 'sana', 'ceres', 'hakos')",1819,5.668255897292076
"('amelia', 'sana', 'ouro', 'mumei')",1592,4.960892462061014
"('amelia', 'sana', 'ouro', 'hakos')",1858,5.7897852980586455
"('amelia', 'sana', 'mumei', 'hakos')",1711,5.331712941323112
"('amelia', 'ceres', 'ouro', 'mumei')",3142,9.790907107911876
"('amelia', 'ceres', 'ouro', 'hakos')",3479,10.841045776074289
"('amelia', 'ceres', 'mumei', 'hakos')",3238,10.090056402106509
"('amelia', 'ouro', 'mumei', 'hakos')",3396,10.582406282135178
"('amelia', 'calliope', 'gura', 'inanis', 'kiara')",2475,7.712442740955408
"('amelia', 'calliope', 'gura', 'inanis', 'irys')",2133,6.646723380387025
"('amelia', 'calliope', 'gura', 'inanis', 'sana')",1387,4.322084073416223
"('amelia', 'calliope', 'gura', 'inanis', 'ceres')",2563,7.986662927300489
"('amelia', 'calliope', 'gura', 'inanis', 'ouro')",2596,8.089495497179895
"('amelia', 'calliope', 'gura', 'inanis', 'mumei')",2399,7.4756162163846565
"('amelia', 'calliope', 'gura', 'inanis', 'hakos')",2754,8.581845377208563
"('amelia', 'calliope', 'gura', 'kiara', 'irys')",1934,6.026611822629397
"('amelia', 'calliope', 'gura', 'kiara', 'sana')",1324,4.125767349100994
"('amelia', 'calliope', 'gura', 'kiara', 'ceres')",2248,7.005079305724346
"('amelia', 'calliope', 'gura', 'kiara', 'ouro')",2315,7.213860583964352
"('amelia', 'calliope', 'gura', 'kiara', 'mumei')",2116,6.593749026206725
"('amelia', 'calliope', 'gura', 'kiara', 'hakos')",2508,7.8152753108348145
"('amelia', 'calliope', 'gura', 'irys', 'sana')",1156,3.602256084260384
"('amelia', 'calliope', 'gura', 'irys', 'ceres')",1998,6.22604468542582
"('amelia', 'calliope', 'gura', 'irys', 'ouro')",2138,6.6623040727929945
"('amelia', 'calliope', 'gura', 'irys', 'mumei')",1909,5.948708360599545
"('amelia', 'calliope', 'gura', 'irys', 'hakos')",2260,7.042472967498675
"('amelia', 'calliope', 'gura', 'sana', 'ceres')",1339,4.172509426318906
"('amelia', 'calliope', 'gura', 'sana', 'ouro')",1357,4.228599918980399
"('amelia', 'calliope', 'gura', 'sana', 'mumei')",1268,3.9512635941541245
"('amelia', 'calliope', 'gura', 'sana', 'hakos')",1454,4.530865351656228
"('amelia', 'calliope', 'gura', 'ceres', 'ouro')",2465,7.681281356143467
"('amelia', 'calliope', 'gura', 'ceres', 'mumei')",2286,7.123492568009722
"('amelia', 'calliope', 'gura', 'ceres', 'hakos')",2557,7.967966096413324
"('amelia', 'calliope', 'gura', 'ouro', 'mumei')",2361,7.3572029540992805
"('amelia', 'calliope', 'gura', 'ouro', 'hakos')",2749,8.566264684802592
"('amelia', 'calliope', 'gura', 'mumei', 'hakos')",2500,7.790346202985261
"('amelia', 'calliope', 'inanis', 'kiara', 'irys')",1860,5.796017575021034
"('amelia', 'calliope', 'inanis', 'kiara', 'sana')",1302,4.057212302514724
"('amelia', 'calliope', 'inanis', 'kiara', 'ceres')",2194,6.8368078277398645
"('amelia', 'calliope', 'inanis', 'kiara', 'ouro')",2174,6.774485058115983
"('amelia', 'calliope', 'inanis', 'kiara', 'mumei')",2004,6.244741516312985
"('amelia', 'calliope', 'inanis', 'kiara', 'hakos')",2371,7.388364338911221
"('amelia', 'calliope', 'inanis', 'irys', 'sana')",1124,3.502539652862173
"('amelia', 'calliope', 'inanis', 'irys', 'ceres')",1931,6.0172634071858155
"('amelia', 'calliope', 'inanis', 'irys', 'ouro')",1964,6.120095977065221
"('amelia', 'calliope', 'inanis', 'irys', 'mumei')",1780,5.546726496525506
"('amelia', 'calliope', 'inanis', 'irys', 'hakos')",2121,6.609329718612695
"('amelia', 'calliope', 'inanis', 'sana', 'ceres')",1294,4.032283194665172
"('amelia', 'calliope', 'inanis', 'sana', 'ouro')",1273,3.966844286560095
"('amelia', 'calliope', 'inanis', 'sana', 'mumei')",1203,3.748714592876507
"('amelia', 'calliope', 'inanis', 'sana', 'hakos')",1376,4.287806550123087
"('amelia', 'calliope', 'inanis', 'ceres', 'ouro')",2312,7.204512168520768
"('amelia', 'calliope', 'inanis', 'ceres', 'mumei')",2172,6.768252781153594
"('amelia', 'calliope', 'inanis', 'ceres', 'hakos')",2424,7.553519678414508
"('amelia', 'calliope', 'inanis', 'ouro', 'mumei')",2148,6.693465457604936
"('amelia', 'calliope', 'inanis', 'ouro', 'hakos')",2476,7.715558879436603
"('amelia', 'calliope', 'inanis', 'mumei', 'hakos')",2309,7.195163753077187
"('amelia', 'calliope', 'kiara', 'irys', 'sana')",1104,3.440216883238291
"('amelia', 'calliope', 'kiara', 'irys', 'ceres')",1768,5.509332834751176
"('amelia', 'calliope', 'kiara', 'irys', 'ouro')",1846,5.752391636284317
"('amelia', 'calliope', 'kiara', 'irys', 'mumei')",1644,5.122931663083107
"('amelia', 'calliope', 'kiara', 'irys', 'hakos')",1990,6.201115577576267
"('amelia', 'calliope', 'kiara', 'sana', 'ceres')",1245,3.8795924090866603
"('amelia', 'calliope', 'kiara', 'sana', 'ouro')",1238,3.8577794397183016
"('amelia', 'calliope', 'kiara', 'sana', 'mumei')",1167,3.6365336075535195
"('amelia', 'calliope', 'kiara', 'sana', 'hakos')",1362,4.24418061138637
"('amelia', 'calliope', 'kiara', 'ceres', 'ouro')",2082,6.4878003178461245
"('amelia', 'calliope', 'kiara', 'ceres', 'mumei')",1937,6.03596023807298
"('amelia', 'calliope', 'kiara', 'ceres', 'hakos')",2228,6.942756536100464
"('amelia', 'calliope', 'kiara', 'ouro', 'mumei')",1962,6.113863700102833
"('amelia', 'calliope', 'kiara', 'ouro', 'hakos')",2329,7.257486522701069
"('amelia', 'calliope', 'kiara', 'mumei', 'hakos')",2110,6.57505219531956
"('amelia', 'calliope', 'irys', 'sana', 'ceres')",1092,3.4028232214639615
"('amelia', 'calliope', 'irys', 'sana', 'ouro')",1132,3.527468760711726
"('amelia', 'calliope', 'irys', 'sana', 'mumei')",1038,3.2345517434794804
"('amelia', 'calliope', 'irys', 'sana', 'hakos')",1215,3.7861082546508364
"('amelia', 'calliope', 'irys', 'ceres', 'ouro')",1922,5.989218160855068
"('amelia', 'calliope', 'irys', 'ceres', 'mumei')",1752,5.459474619052071
"('amelia', 'calliope', 'irys', 'ceres', 'hakos')",2019,6.291483593530897
"('amelia', 'calliope', 'irys', 'ouro', 'mumei')",1818,5.665139758810882
"('amelia', 'calliope', 'irys', 'ouro', 'hakos')",2156,6.7183945654544885
"('amelia', 'calliope', 'irys', 'mumei', 'hakos')",1926,6.001682714779845
"('amelia', 'calliope', 'sana', 'ceres', 'ouro')",1267,3.9481474556729306
"('amelia', 'calliope', 'sana', 'ceres', 'mumei')",1211,3.77364370072606
"('amelia', 'calliope', 'sana', 'ceres', 'hakos')",1344,4.188090118724876
"('amelia', 'calliope', 'sana', 'ouro', 'mumei')",1196,3.7269016235081485
"('amelia', 'calliope', 'sana', 'ouro', 'hakos')",1383,4.309619519491446
"('amelia', 'calliope', 'sana', 'mumei', 'hakos')",1279,3.9855411174472595
"('amelia', 'calliope', 'ceres', 'ouro', 'mumei')",2135,6.652955657349413
"('amelia', 'calliope', 'ceres', 'ouro', 'hakos')",2394,7.460035523978685
"('amelia', 'calliope', 'ceres', 'mumei', 'hakos')",2231,6.952104951544047
"('amelia', 'calliope', 'ouro', 'mumei', 'hakos')",2321,7.232557414851517
"('amelia', 'gura', 'inanis', 'kiara', 'irys')",2117,6.5968651646879195
"('amelia', 'gura', 'inanis', 'kiara', 'sana')",1466,4.5682590134305565
"('amelia', 'gura', 'inanis', 'kiara', 'ceres')",2593,8.080147081736312
"('amelia', 'gura', 'inanis', 'kiara', 'ouro')",2511,7.8246237262783955
"('amelia', 'gura', 'inanis', 'kiara', 'mumei')",2408,7.503661462715402
"('amelia', 'gura', 'inanis', 'kiara', 'hakos')",2723,8.485245084291545
"('amelia', 'gura', 'inanis', 'irys', 'sana')",1278,3.9824249789660655
"('amelia', 'gura', 'inanis', 'irys', 'ceres')",2347,7.313577015362563
"('amelia', 'gura', 'inanis', 'irys', 'ouro')",2347,7.313577015362563
"('amelia', 'gura', 'inanis', 'irys', 'mumei')",2190,6.824343273815088
"('amelia', 'gura', 'inanis', 'irys', 'hakos')",2506,7.809043033872426
"('amelia', 'gura', 'inanis', 'sana', 'ceres')",1550,4.830014645850862
"('amelia', 'gura', 'inanis', 'sana', 'ouro')",1487,4.633697921535633
"('amelia', 'gura', 'inanis', 'sana', 'mumei')",1437,4.477890997475928
"('amelia', 'gura', 'inanis', 'sana', 'hakos')",1606,5.004518400797731
"('amelia', 'gura', 'inanis', 'ceres', 'ouro')",2877,8.965130410395437
"('amelia', 'gura', 'inanis', 'ceres', 'mumei')",2780,8.662864977719611
"('amelia', 'gura', 'inanis', 'ceres', 'hakos')",2988,9.311021781807984
"('amelia', 'gura', 'inanis', 'ouro', 'mumei')",2709,8.441619145554828
"('amelia', 'gura', 'inanis', 'ouro', 'hakos')",3032,9.448131874980524
"('amelia', 'gura', 'inanis', 'mumei', 'hakos')",2925,9.114705057492754
"('amelia', 'gura', 'kiara', 'irys', 'sana')",1221,3.804805085538001
"('amelia', 'gura', 'kiara', 'irys', 'ceres')",2048,6.381851609485525
"('amelia', 'gura', 'kiara', 'irys', 'ouro')",2113,6.584400610763143
"('amelia', 'gura', 'kiara', 'irys', 'mumei')",1932,6.0203795456670095
"('amelia', 'gura', 'kiara', 'irys', 'hakos')",2264,7.054937521423452
"('amelia', 'gura', 'kiara', 'sana', 'ceres')",1415,4.409335950889657
"('amelia', 'gura', 'kiara', 'sana', 'ouro')",1380,4.300271104047864
"('amelia', 'gura', 'kiara', 'sana', 'mumei')",1322,4.119535072138606
"('amelia', 'gura', 'kiara', 'sana', 'hakos')",1507,4.696020691159515
"('amelia', 'gura', 'kiara', 'ceres', 'ouro')",2451,7.63765541740675
"('amelia', 'gura', 'kiara', 'ceres', 'mumei')",2323,7.2387896918139045
"('amelia', 'gura', 'kiara', 'ceres', 'hakos')",2575,8.024056589074819
"('amelia', 'gura', 'kiara', 'ouro', 'mumei')",2327,7.25125424573868
"('amelia', 'gura', 'kiara', 'ouro', 'hakos')",2697,8.404225483780499
"('amelia', 'gura', 'kiara', 'mumei', 'hakos')",2507,7.81215917235362
"('amelia', 'gura', 'irys', 'sana', 'ceres')",1271,3.960612009597707
"('amelia', 'gura', 'irys', 'sana', 'ouro')",1286,4.007354086815618
"('amelia', 'gura', 'irys', 'sana', 'mumei')",1196,3.7269016235081485
"('amelia', 'gura', 'irys', 'sana', 'hakos')",1378,4.294038827085476
"('amelia', 'gura', 'irys', 'ceres', 'ouro')",2366,7.37278364650525
"('amelia', 'gura', 'irys', 'ceres', 'mumei')",2181,6.796298027484342
"('amelia', 'gura', 'irys', 'ceres', 'hakos')",2463,7.675049079181079
"('amelia', 'gura', 'irys', 'ouro', 'mumei')",2228,6.942756536100464
"('amelia', 'gura', 'irys', 'ouro', 'hakos')",2590,8.070798666292731
"('amelia', 'gura', 'irys', 'mumei', 'hakos')",2353,7.332273846249728
"('amelia', 'gura', 'sana', 'ceres', 'ouro')",1516,4.724065937490262
"('amelia', 'gura', 'sana', 'ceres', 'mumei')",1439,4.484123274438316
"('amelia', 'gura', 'sana', 'ceres', 'hakos')",1593,4.964008600542208
"('amelia', 'gura', 'sana', 'ouro', 'mumei')",1420,4.424916643295628
"('amelia', 'gura', 'sana', 'ouro', 'hakos')",1616,5.035679785609672
"('amelia', 'gura', 'sana', 'mumei', 'hakos')",1512,4.711601383565486
"('amelia', 'gura', 'ceres', 'ouro', 'mumei')",2724,8.48836122277274
"('amelia', 'gura', 'ceres', 'ouro', 'hakos')",2996,9.335950889657536
"('amelia', 'gura', 'ceres', 'mumei', 'hakos')",2830,8.818671901779314
"('amelia', 'gura', 'ouro', 'mumei', 'hakos')",2944,9.173911688635442
"('amelia', 'inanis', 'kiara', 'irys', 'sana')",1192,3.714437069583372
"('amelia', 'inanis', 'kiara', 'irys', 'ceres')",1967,6.129444392508803
"('amelia', 'inanis', 'kiara', 'irys', 'ouro')",1925,5.998566576298651
"('amelia', 'inanis', 'kiara', 'irys', 'mumei')",1806,5.627746097036552
"('amelia', 'inanis', 'kiara', 'irys', 'hakos')",2107,6.565703779875978
"('amelia', 'inanis', 'kiara', 'sana', 'ceres')",1392,4.337664765822193
"('amelia', 'inanis', 'kiara', 'sana', 'ouro')",1309,4.079025271883083
"('amelia', 'inanis', 'kiara', 'sana', 'mumei')",1282,3.994889532890842
"('amelia', 'inanis', 'kiara', 'sana', 'hakos')",1444,4.499703966844287
"('amelia', 'inanis', 'kiara', 'ceres', 'ouro')",2294,7.148421675859275
"('amelia', 'inanis', 'kiara', 'ceres', 'mumei')",2229,6.945872674581659
"('amelia', 'inanis', 'kiara', 'ceres', 'hakos')",2451,7.63765541740675
"('amelia', 'inanis', 'kiara', 'ouro', 'mumei')",2127,6.62802654949986
"('amelia', 'inanis', 'kiara', 'ouro', 'hakos')",2424,7.553519678414508
"('amelia', 'inanis', 'kiara', 'mumei', 'hakos')",2329,7.257486522701069
"('amelia', 'inanis', 'irys', 'sana', 'ceres')",1233,3.84219874731233
"('amelia', 'inanis', 'irys', 'sana', 'ouro')",1213,3.779875977688448
"('amelia', 'inanis', 'irys', 'sana', 'mumei')",1154,3.596023807297996
"('amelia', 'inanis', 'irys', 'sana', 'hakos')",1319,4.110186656695023
"('amelia', 'inanis', 'irys', 'ceres', 'ouro')",2192,6.830575550777477
"('amelia', 'inanis', 'irys', 'ceres', 'mumei')",2059,6.416129132778662
"('amelia', 'inanis', 'irys', 'ceres', 'hakos')",2311,7.201396030039575
"('amelia', 'inanis', 'irys', 'ouro', 'mumei')",2008,6.257206070237761
"('amelia', 'inanis', 'irys', 'ouro', 'hakos')",2308,7.192047614595992
"('amelia', 'inanis', 'irys', 'mumei', 'hakos')",2179,6.790065750521953
"('amelia', 'inanis', 'sana', 'ceres', 'ouro')",1409,4.3906391200024935
"('amelia', 'inanis', 'sana', 'ceres', 'mumei')",1381,4.303387242529058
"('amelia', 'inanis', 'sana', 'ceres', 'hakos')",1515,4.720949799009068
"('amelia', 'inanis', 'sana', 'ouro', 'mumei')",1318,4.107070518213829
"('amelia', 'inanis', 'sana', 'ouro', 'hakos')",1483,4.621233367610857
"('amelia', 'inanis', 'sana', 'mumei', 'hakos')",1432,4.462310305069957
"('amelia', 'inanis', 'ceres', 'ouro', 'mumei')",2486,7.746720264248544
"('amelia', 'inanis', 'ceres', 'ouro', 'hakos')",2715,8.460315976441994
"('amelia', 'inanis', 'ceres', 'mumei', 'hakos')",2645,8.242186282758405
"('amelia', 'inanis', 'ouro', 'mumei', 'hakos')",2609,8.130005297435417
"('amelia', 'kiara', 'irys', 'sana', 'ceres')",1161,3.617836776666355
"('amelia', 'kiara', 'irys', 'sana', 'ouro')",1161,3.617836776666355
"('amelia', 'kiara', 'irys', 'sana', 'mumei')",1100,3.4277523293135146
"('amelia', 'kiara', 'irys', 'sana', 'hakos')",1263,3.935682901748154
"('amelia', 'kiara', 'irys', 'ceres', 'ouro')",1939,6.042192515035368
"('amelia', 'kiara', 'irys', 'ceres', 'mumei')",1805,5.624629958555358
"('amelia', 'kiara', 'irys', 'ceres', 'hakos')",2066,6.437942102147019
"('amelia', 'kiara', 'irys', 'ouro', 'mumei')",1814,5.652675204886106
"('amelia', 'kiara', 'irys', 'ouro', 'hakos')",2136,6.656071795830607
"('amelia', 'kiara', 'irys', 'mumei', 'hakos')",1945,6.060889345922533
"('amelia', 'kiara', 'sana', 'ceres', 'ouro')",1304,4.063444579477112
"('amelia', 'kiara', 'sana', 'ceres', 'mumei')",1277,3.9793088404848715
"('amelia', 'kiara', 'sana', 'ceres', 'hakos')",1410,4.393755258483687
"('amelia', 'kiara', 'sana', 'ouro', 'mumei')",1230,3.832850331868748
"('amelia', 'kiara', 'sana', 'ouro', 'hakos')",1409,4.3906391200024935
"('amelia', 'kiara', 'sana', 'mumei', 'hakos')",1346,4.194322395687265
"('amelia', 'kiara', 'ceres', 'ouro', 'mumei')",2127,6.62802654949986
"('amelia', 'kiara', 'ceres', 'ouro', 'hakos')",2379,7.4132934467607745
"('amelia', 'kiara', 'ceres', 'mumei', 'hakos')",2269,7.0705182138294225
"('amelia', 'kiara', 'ouro', 'mumei', 'hakos')",2309,7.195163753077187
"('amelia', 'irys', 'sana', 'ceres', 'ouro')",1246,3.882708547567854
"('amelia', 'irys', 'sana', 'ceres', 'mumei')",1171,3.648998161478296
"('amelia', 'irys', 'sana', 'ceres', 'hakos')",1321,4.116418933657412
"('amelia', 'irys', 'sana', 'ouro', 'mumei')",1166,3.6334174690723255
"('amelia', 'irys', 'sana', 'ouro', 'hakos')",1341,4.178741703281294
"('amelia', 'irys', 'sana', 'mumei', 'hakos')",1242,3.870243993643078
"('amelia', 'irys', 'ceres', 'ouro', 'mumei')",2092,6.518961702658066
"('amelia', 'irys', 'ceres', 'ouro', 'hakos')",2354,7.335389984730921
"('amelia', 'irys', 'ceres', 'mumei', 'hakos')",2184,6.805646442927923
"('amelia', 'irys', 'ouro', 'mumei', 'hakos')",2221,6.920943566732106
"('amelia', 'sana', 'ceres', 'ouro', 'mumei')",1361,4.241064472905176
"('amelia', 'sana', 'ceres', 'ouro', 'hakos')",1523,4.7458789068586205
"('amelia', 'sana', 'ceres', 'mumei', 'hakos')",1457,4.54021376709981
"('amelia', 'sana', 'ouro', 'mumei', 'hakos')",1439,4.484123274438316
"('amelia', 'ceres', 'ouro', 'mumei', 'hakos')",2637,8.217257174908852
"('amelia', 'calliope', 'gura', 'inanis', 'kiara', 'irys')",1626,5.066841170421613
"('amelia', 'calliope', 'gura', 'inanis', 'kiara', 'sana')",1148,3.5773269764108315
"('amelia', 'calliope', 'gura', 'inanis', 'kiara', 'ceres')",1925,5.998566576298651
"('amelia', 'calliope', 'gura', 'inanis', 'kiara', 'ouro')",1914,5.9642890530055155
"('amelia', 'calliope', 'gura', 'inanis', 'kiara', 'mumei')",1805,5.624629958555358
"('amelia', 'calliope', 'gura', 'inanis', 'kiara', 'hakos')",2069,6.447290517590602
"('amelia', 'calliope', 'gura', 'inanis', 'irys', 'sana')",1008,3.141067589043657
"('amelia', 'calliope', 'gura', 'inanis', 'irys', 'ceres')",1722,5.365990464616247
"('amelia', 'calliope', 'gura', 'inanis', 'irys', 'ouro')",1745,5.4376616496837125
"('amelia', 'calliope', 'gura', 'inanis', 'irys', 'mumei')",1622,5.054376616496837
"('amelia', 'calliope', 'gura', 'inanis', 'irys', 'hakos')",1860,5.796017575021034
"('amelia', 'calliope', 'gura', 'inanis', 'sana', 'ceres')",1170,3.645882022997102
"('amelia', 'calliope', 'gura', 'inanis', 'sana', 'ouro')",1150,3.5835592533732195
"('amelia', 'calliope', 'gura', 'inanis', 'sana', 'mumei')",1108,3.452681437163067
"('amelia', 'calliope', 'gura', 'inanis', 'sana', 'hakos')",1233,3.84219874731233
"('amelia', 'calliope', 'gura', 'inanis', 'ceres', 'ouro')",2061,6.4223614097410495
"('amelia', 'calliope', 'gura', 'inanis', 'ceres', 'mumei')",1969,6.1356766694711915
"('amelia', 'calliope', 'gura', 'inanis', 'ceres', 'hakos')",2164,6.743323673304041
"('amelia', 'calliope', 'gura', 'inanis', 'ouro', 'mumei')",1950,6.0764700383285035
"('amelia', 'calliope', 'gura', 'inanis', 'ouro', 'hakos')",2205,6.871085351033
"('amelia', 'calliope', 'gura', 'inanis', 'mumei', 'hakos')",2090,6.512729425695678
"('amelia', 'calliope', 'gura', 'kiara', 'irys', 'sana')",988,3.078744819419775
"('amelia', 'calliope', 'gura', 'kiara', 'irys', 'ceres')",1573,4.901685830918326
"('amelia', 'calliope', 'gura', 'kiara', 'irys', 'ouro')",1620,5.048144339534448
"('amelia', 'calliope', 'gura', 'kiara', 'irys', 'mumei')",1492,4.649278613941603
"('amelia', 'calliope', 'gura', 'kiara', 'irys', 'hakos')",1736,5.409616403352965
"('amelia', 'calliope', 'gura', 'kiara', 'sana', 'ceres')",1109,3.4557975756442616
"('amelia', 'calliope', 'gura', 'kiara', 'sana', 'ouro')",1099,3.4246361908323206
"('amelia', 'calliope', 'gura', 'kiara', 'sana', 'mumei')",1054,3.2844099591785856
"('amelia', 'calliope', 'gura', 'kiara', 'sana', 'hakos')",1202,3.745598454395313
"('amelia', 'calliope', 'gura', 'kiara', 'ceres', 'ouro')",1844,5.746159359321928
"('amelia', 'calliope', 'gura', 'kiara', 'ceres', 'mumei')",1740,5.422080957277742
"('amelia', 'calliope', 'gura', 'kiara', 'ceres', 'hakos')",1958,6.101399146178056
"('amelia', 'calliope', 'gura', 'kiara', 'ouro', 'mumei')",1763,5.4937521423452065
"('amelia', 'calliope', 'gura', 'kiara', 'ouro', 'hakos')",2036,6.344457947711196
"('amelia', 'calliope', 'gura', 'kiara', 'mumei', 'hakos')",1888,5.883269452494469
"('amelia', 'calliope', 'gura', 'irys', 'sana', 'ceres')",993,3.0943255118257453
"('amelia', 'calliope', 'gura', 'irys', 'sana', 'ouro')",1017,3.169112835374404
"('amelia', 'calliope', 'gura', 'irys', 'sana', 'mumei')",959,2.988376803465146
"('amelia', 'calliope', 'gura', 'irys', 'sana', 'hakos')",1086,3.384126390576797
"('amelia', 'calliope', 'gura', 'irys', 'ceres', 'ouro')",1706,5.316132248917142
"('amelia', 'calliope', 'gura', 'irys', 'ceres', 'mumei')",1597,4.9764731544669845
"('amelia', 'calliope', 'gura', 'irys', 'ceres', 'hakos')",1802,5.615281543111776
"('amelia', 'calliope', 'gura', 'irys', 'ouro', 'mumei')",1639,5.107350970677136
"('amelia', 'calliope', 'gura', 'irys', 'ouro', 'hakos')",1889,5.886385590975663
"('amelia', 'calliope', 'gura', 'irys', 'mumei', 'hakos')",1732,5.397151849428189
"('amelia', 'calliope', 'gura', 'sana', 'ceres', 'ouro')",1143,3.561746284004861
"('amelia', 'calliope', 'gura', 'sana', 'ceres', 'mumei')",1112,3.465145991087844
"('amelia', 'calliope', 'gura', 'sana', 'ceres', 'hakos')",1219,3.7985728085756127
"('amelia', 'calliope', 'gura', 'sana', 'ouro', 'mumei')",1102,3.433984606275903
"('amelia', 'calliope', 'gura', 'sana', 'ouro', 'hakos')",1240,3.8640117166806895
"('amelia', 'calliope', 'gura', 'sana', 'mumei', 'hakos')",1167,3.6365336075535195
"('amelia', 'calliope', 'gura', 'ceres', 'ouro', 'mumei')",1923,5.992334299336263
"('amelia', 'calliope', 'gura', 'ceres', 'ouro', 'hakos')",2130,6.637374964943442
"('amelia', 'calliope', 'gura', 'ceres', 'mumei', 'hakos')",2010,6.263438347200149
"('amelia', 'calliope', 'gura', 'ouro', 'mumei', 'hakos')",2086,6.500264871770901
"('amelia', 'calliope', 'inanis', 'kiara', 'irys', 'sana')",977,3.0444672961266397
"('amelia', 'calliope', 'inanis', 'kiara', 'irys', 'ceres')",1529,4.764575737745785
"('amelia', 'calliope', 'inanis', 'kiara', 'irys', 'ouro')",1523,4.7458789068586205
"('amelia', 'calliope', 'inanis', 'kiara', 'irys', 'mumei')",1415,4.409335950889657
"('amelia', 'calliope', 'inanis', 'kiara', 'irys', 'hakos')",1658,5.166557601819824
"('amelia', 'calliope', 'inanis', 'kiara', 'sana', 'ceres')",1097,3.4184039138699323
"('amelia', 'calliope', 'inanis', 'kiara', 'sana', 'ouro')",1065,3.318687482471721
"('amelia', 'calliope', 'inanis', 'kiara', 'sana', 'mumei')",1028,3.203390358667539
"('amelia', 'calliope', 'inanis', 'kiara', 'sana', 'hakos')",1171,3.648998161478296
"('amelia', 'calliope', 'inanis', 'kiara', 'ceres', 'ouro')",1778,5.540494219563118
"('amelia', 'calliope', 'inanis', 'kiara', 'ceres', 'mumei')",1695,5.281854725624006
"('amelia', 'calliope', 'inanis', 'kiara', 'ceres', 'hakos')",1902,5.926895391231186
"('amelia', 'calliope', 'inanis', 'kiara', 'ouro', 'mumei')",1657,5.16344146333863
"('amelia', 'calliope', 'inanis', 'kiara', 'ouro', 'hakos')",1907,5.942476083637157
"('amelia', 'calliope', 'inanis', 'kiara', 'mumei', 'hakos')",1795,5.593468573743418
"('amelia', 'calliope', 'inanis', 'irys', 'sana', 'ceres')",975,3.0382350191642518
"('amelia', 'calliope', 'inanis', 'irys', 'sana', 'ouro')",973,3.0320027422018634
"('amelia', 'calliope', 'inanis', 'irys', 'sana', 'mumei')",926,2.8855442335857404
"('amelia', 'calliope', 'inanis', 'irys', 'sana', 'hakos')",1052,3.2781776822161977
"('amelia', 'calliope', 'inanis', 'irys', 'ceres', 'ouro')",1634,5.0917702782711665
"('amelia', 'calliope', 'inanis', 'irys', 'ceres', 'mumei')",1535,4.78327256863295
"('amelia', 'calliope', 'inanis', 'irys', 'ceres', 'hakos')",1743,5.431429372721324
"('amelia', 'calliope', 'inanis', 'irys', 'ouro', 'mumei')",1527,4.758343460783397
"('amelia', 'calliope', 'inanis', 'irys', 'ouro', 'hakos')",1759,5.48128758842043
"('amelia', 'calliope', 'inanis', 'irys', 'mumei', 'hakos')",1640,5.110467109158331
"('amelia', 'calliope', 'inanis', 'sana', 'ceres', 'ouro')",1094,3.40905549842635
"('amelia', 'calliope', 'inanis', 'sana', 'ceres', 'mumei')",1071,3.3373843133588856
"('amelia', 'calliope', 'inanis', 'sana', 'ceres', 'hakos')",1171,3.648998161478296
"('amelia', 'calliope', 'inanis', 'sana', 'ouro', 'mumei')",1036,3.228319466517092
"('amelia', 'calliope', 'inanis', 'sana', 'ouro', 'hakos')",1165,3.630301330591131
"('amelia', 'calliope', 'inanis', 'sana', 'mumei', 'hakos')",1111,3.4620298526066495
"('amelia', 'calliope', 'inanis', 'ceres', 'ouro', 'mumei')",1815,5.6557913433673
"('amelia', 'calliope', 'inanis', 'ceres', 'ouro', 'hakos')",2012,6.269670624162538
"('amelia', 'calliope', 'inanis', 'ceres', 'mumei', 'hakos')",1936,6.032844099591786
"('amelia', 'calliope', 'inanis', 'ouro', 'mumei', 'hakos')",1929,6.011031130223428
"('amelia', 'calliope', 'kiara', 'irys', 'sana', 'ceres')",942,2.9354024492848465
"('amelia', 'calliope', 'kiara', 'irys', 'sana', 'ouro')",956,2.9790283880215638
"('amelia', 'calliope', 'kiara', 'irys', 'sana', 'mumei')",904,2.8169891869994705
"('amelia', 'calliope', 'kiara', 'irys', 'sana', 'hakos')",1039,3.2376678819606743
"('amelia', 'calliope', 'kiara', 'irys', 'ceres', 'ouro')",1508,4.699136829640709
"('amelia', 'calliope', 'kiara', 'irys', 'ceres', 'mumei')",1412,4.399987535446075
"('amelia', 'calliope', 'kiara', 'irys', 'ceres', 'hakos')",1620,5.048144339534448
"('amelia', 'calliope', 'kiara', 'irys', 'ouro', 'mumei')",1433,4.465426443551151
"('amelia', 'calliope', 'kiara', 'irys', 'ouro', 'hakos')",1669,5.20083512511296
"('amelia', 'calliope', 'kiara', 'irys', 'mumei', 'hakos')",1531,4.770808014708174
"('amelia', 'calliope', 'kiara', 'sana', 'ceres', 'ouro')",1050,3.2719454052538093
"('amelia', 'calliope', 'kiara', 'sana', 'ceres', 'mumei')",1029,3.2065064971487334
"('amelia', 'calliope', 'kiara', 'sana', 'ceres', 'hakos')",1141,3.555514007042473
"('amelia', 'calliope', 'kiara', 'sana', 'ouro', 'mumei')",1006,3.134835312081269
"('amelia', 'calliope', 'kiara', 'sana', 'ouro', 'hakos')",1150,3.5835592533732195
"('amelia', 'calliope', 'kiara', 'sana', 'mumei', 'hakos')",1087,3.3872425290579913
"('amelia', 'calliope', 'kiara', 'ceres', 'ouro', 'mumei')",1641,5.113583247639525
"('amelia', 'calliope', 'kiara', 'ceres', 'ouro', 'hakos')",1849,5.761740051727899
"('amelia', 'calliope', 'kiara', 'ceres', 'mumei', 'hakos')",1753,5.462590757533265
"('amelia', 'calliope', 'kiara', 'ouro', 'mumei', 'hakos')",1790,5.577887881337447
"('amelia', 'calliope', 'irys', 'sana', 'ceres', 'ouro')",983,3.0631641270138044
"('amelia', 'calliope', 'irys', 'sana', 'ceres', 'mumei')",934,2.9104733414352935
"('amelia', 'calliope', 'irys', 'sana', 'ceres', 'hakos')",1044,3.2532485743666446
"('amelia', 'calliope', 'irys', 'sana', 'ouro', 'mumei')",938,2.9229378953600698
"('amelia', 'calliope', 'irys', 'sana', 'ouro', 'hakos')",1070,3.3342681748776917
"('amelia', 'calliope', 'irys', 'sana', 'mumei', 'hakos')",994,3.0974416503069397
"('amelia', 'calliope', 'irys', 'ceres', 'ouro', 'mumei')",1539,4.7957371225577266
"('amelia', 'calliope', 'irys', 'ceres', 'ouro', 'hakos')",1736,5.409616403352965
"('amelia', 'calliope', 'irys', 'ceres', 'mumei', 'hakos')",1620,5.048144339534448
"('amelia', 'calliope', 'irys', 'ouro', 'mumei', 'hakos')",1666,5.191486709669378
"('amelia', 'calliope', 'sana', 'ceres', 'ouro', 'mumei')",1060,3.3031067900657503
"('amelia', 'calliope', 'sana', 'ceres', 'ouro', 'hakos')",1172,3.6521142999594898
"('amelia', 'calliope', 'sana', 'ceres', 'mumei', 'hakos')",1129,3.5181203452681435
"('amelia', 'calliope', 'sana', 'ouro', 'mumei', 'hakos')",1118,3.483842821975008
"('amelia', 'calliope', 'ceres', 'ouro', 'mumei', 'hakos')",1909,5.948708360599545
"('amelia', 'gura', 'inanis', 'kiara', 'irys', 'sana')",1069,3.3311520363964973
"('amelia', 'gura', 'inanis', 'kiara', 'irys', 'ceres')",1759,5.48128758842043
"('amelia', 'gura', 'inanis', 'kiara', 'irys', 'ouro')",1723,5.369106603097442
"('amelia', 'gura', 'inanis', 'kiara', 'irys', 'mumei')",1642,5.116699386120719
"('amelia', 'gura', 'inanis', 'kiara', 'irys', 'hakos')",1860,5.796017575021034
"('amelia', 'gura', 'inanis', 'kiara', 'sana', 'ceres')",1248,3.8889408245302426
"('amelia', 'gura', 'inanis', 'kiara', 'sana', 'ouro')",1181,3.680159546290237
"('amelia', 'gura', 'inanis', 'kiara', 'sana', 'mumei')",1165,3.630301330591131
"('amelia', 'gura', 'inanis', 'kiara', 'sana', 'hakos')",1288,4.013586363778007
"('amelia', 'gura', 'inanis', 'kiara', 'ceres', 'ouro')",2052,6.394316163410302
"('amelia', 'gura', 'inanis', 'kiara', 'ceres', 'mumei')",2003,6.241625377831791
"('amelia', 'gura', 'inanis', 'kiara', 'ceres', 'hakos')",2179,6.790065750521953
"('amelia', 'gura', 'inanis', 'kiara', 'ouro', 'mumei')",1927,6.004798853261039
"('amelia', 'gura', 'inanis', 'kiara', 'ouro', 'hakos')",2158,6.7246268424168765
"('amelia', 'gura', 'inanis', 'kiara', 'mumei', 'hakos')",2089,6.509613287214484
"('amelia', 'gura', 'inanis', 'irys', 'sana', 'ceres')",1110,3.4589137141254556
"('amelia', 'gura', 'inanis', 'irys', 'sana', 'ouro')",1092,3.4028232214639615
"('amelia', 'gura', 'inanis', 'irys', 'sana', 'mumei')",1052,3.2781776822161977
"('amelia', 'gura', 'inanis', 'irys', 'sana', 'hakos')",1171,3.648998161478296
"('amelia', 'gura', 'inanis', 'irys', 'ceres', 'ouro')",1953,6.085818453772085
"('amelia', 'gura', 'inanis', 'irys', 'ceres', 'mumei')",1864,5.80848212894581
"('amelia', 'gura', 'inanis', 'irys', 'ceres', 'hakos')",2062,6.425477548222243
"('amelia', 'gura', 'inanis', 'irys', 'ouro', 'mumei')",1817,5.662023620329688
"('amelia', 'gura', 'inanis', 'irys', 'ouro', 'hakos')",2048,6.381851609485525
"('amelia', 'gura', 'inanis', 'irys', 'mumei', 'hakos')",1962,6.113863700102833
"('amelia', 'gura', 'inanis', 'sana', 'ceres', 'ouro')",1276,3.976192702003677
"('amelia', 'gura', 'inanis', 'sana', 'ceres', 'mumei')",1264,3.9387990402293482
"('amelia', 'gura', 'inanis', 'sana', 'ceres', 'hakos')",1369,4.265993580754729
"('amelia', 'gura', 'inanis', 'sana', 'ouro', 'mumei')",1209,3.7674114237636718
"('amelia', 'gura', 'inanis', 'sana', 'ouro', 'hakos')",1339,4.172509426318906
"('amelia', 'gura', 'inanis', 'sana', 'mumei', 'hakos')",1304,4.063444579477112
"('amelia', 'gura', 'inanis', 'ceres', 'ouro', 'mumei')",2242,6.986382474837181
"('amelia', 'gura', 'inanis', 'ceres', 'ouro', 'hakos')",2430,7.572216509301673
"('amelia', 'gura', 'inanis', 'ceres', 'mumei', 'hakos')",2386,7.435106416129132
"('amelia', 'gura', 'inanis', 'ouro', 'mumei', 'hakos')",2354,7.335389984730921
"('amelia', 'gura', 'kiara', 'irys', 'sana', 'ceres')",1046,3.259480851329033
"('amelia', 'gura', 'kiara', 'irys', 'sana', 'ouro')",1049,3.2688292667726153
"('amelia', 'gura', 'kiara', 'irys', 'sana', 'mumei')",1005,3.1317191736000747
"('amelia', 'gura', 'kiara', 'irys', 'sana', 'hakos')",1129,3.5181203452681435
"('amelia', 'gura', 'kiara', 'irys', 'ceres', 'ouro')",1737,5.41273254183416
"('amelia', 'gura', 'kiara', 'irys', 'ceres', 'mumei')",1640,5.110467109158331
"('amelia', 'gura', 'kiara', 'irys', 'ceres', 'hakos')",1835,5.718114112991182
"('amelia', 'gura', 'kiara', 'irys', 'ouro', 'mumei')",1642,5.116699386120719
"('amelia', 'gura', 'kiara', 'irys', 'ouro', 'hakos')",1876,5.8458757907201395
"('amelia', 'gura', 'kiara', 'irys', 'mumei', 'hakos')",1748,5.447010065127294
"('amelia', 'gura', 'kiara', 'sana', 'ceres', 'ouro')",1176,3.6645788538842665
"('amelia', 'gura', 'kiara', 'sana', 'ceres', 'mumei')",1154,3.596023807297996
"('amelia', 'gura', 'kiara', 'sana', 'ceres', 'hakos')",1266,3.945031317191736
"('amelia', 'gura', 'kiara', 'sana', 'ouro', 'mumei')",1124,3.502539652862173
"('amelia', 'gura', 'kiara', 'sana', 'ouro', 'hakos')",1262,3.93256676326696
"('amelia', 'gura', 'kiara', 'sana', 'mumei', 'hakos')",1213,3.779875977688448
"('amelia', 'gura', 'kiara', 'ceres', 'ouro', 'mumei')",1922,5.989218160855068
"('amelia', 'gura', 'kiara', 'ceres', 'ouro', 'hakos')",2133,6.646723380387025
"('amelia', 'gura', 'kiara', 'ceres', 'mumei', 'hakos')",2042,6.363154778598361
"('amelia', 'gura', 'kiara', 'ouro', 'mumei', 'hakos')",2075,6.465987348477767
"('amelia', 'gura', 'irys', 'sana', 'ceres', 'ouro')",1125,3.5056557913433672
"('amelia', 'gura', 'irys', 'sana', 'ceres', 'mumei')",1066,3.321803620952915
"('amelia', 'gura', 'irys', 'sana', 'ceres', 'hakos')",1187,3.6988563771774015
"('amelia', 'gura', 'irys', 'sana', 'ouro', 'mumei')",1064,3.315571343990527
"('amelia', 'gura', 'irys', 'sana', 'ouro', 'hakos')",1192,3.714437069583372
"('amelia', 'gura', 'irys', 'sana', 'mumei', 'hakos')",1126,3.508771929824561
"('amelia', 'gura', 'irys', 'ceres', 'ouro', 'mumei')",1867,5.817830544389393
"('amelia', 'gura', 'irys', 'ceres', 'ouro', 'hakos')",2083,6.490916456327319
"('amelia', 'gura', 'irys', 'ceres', 'mumei', 'hakos')",1959,6.10451528465925
"('amelia', 'gura', 'irys', 'ouro', 'mumei', 'hakos')",1980,6.169954192764326
"('amelia', 'gura', 'sana', 'ceres', 'ouro', 'mumei')",1238,3.8577794397183016
"('amelia', 'gura', 'sana', 'ceres', 'ouro', 'hakos')",1370,4.269109719235923
"('amelia', 'gura', 'sana', 'ceres', 'mumei', 'hakos')",1319,4.110186656695023
"('amelia', 'gura', 'sana', 'ouro', 'mumei', 'hakos')",1306,4.0696768564395
"('amelia', 'gura', 'ceres', 'ouro', 'mumei', 'hakos')",2358,7.347854538655698
"('amelia', 'inanis', 'kiara', 'irys', 'sana', 'ceres')",1030,3.2096226356299273
"('amelia', 'inanis', 'kiara', 'irys', 'sana', 'ouro')",1003,3.1254868966376868
"('amelia', 'inanis', 'kiara', 'irys', 'sana', 'mumei')",976,3.0413511576454457
"('amelia', 'inanis', 'kiara', 'irys', 'sana', 'hakos')",1097,3.4184039138699323
"('amelia', 'inanis', 'kiara', 'irys', 'ceres', 'ouro')",1640,5.110467109158331
"('amelia', 'inanis', 'kiara', 'irys', 'ceres', 'mumei')",1574,4.90480196939952
"('amelia', 'inanis', 'kiara', 'irys', 'ceres', 'hakos')",1764,5.4968682808264
"('amelia', 'inanis', 'kiara', 'irys', 'ouro', 'mumei')",1521,4.7396466298962325
"('amelia', 'inanis', 'kiara', 'irys', 'ouro', 'hakos')",1723,5.369106603097442
"('amelia', 'inanis', 'kiara', 'irys', 'mumei', 'hakos')",1653,5.150976909413854
"('amelia', 'inanis', 'kiara', 'sana', 'ceres', 'ouro')",1137,3.543049453117696
"('amelia', 'inanis', 'kiara', 'sana', 'ceres', 'mumei')",1134,3.5337010376741143
"('amelia', 'inanis', 'kiara', 'sana', 'ceres', 'hakos')",1236,3.8515471627559132
"('amelia', 'inanis', 'kiara', 'sana', 'ouro', 'mumei')",1070,3.3342681748776917
"('amelia', 'inanis', 'kiara', 'sana', 'ouro', 'hakos')",1191,3.7113209311021778
"('amelia', 'inanis', 'kiara', 'sana', 'mumei', 'hakos')",1171,3.648998161478296
"('amelia', 'inanis', 'kiara', 'ceres', 'ouro', 'mumei')",1817,5.662023620329688
"('amelia', 'inanis', 'kiara', 'ceres', 'ouro', 'hakos')",1999,6.229160823907014
"('amelia', 'inanis', 'kiara', 'ceres', 'mumei', 'hakos')",1965,6.123212115546415
"('amelia', 'inanis', 'kiara', 'ouro', 'mumei', 'hakos')",1904,5.933127668193575
"('amelia', 'inanis', 'irys', 'sana', 'ceres', 'ouro')",1073,3.3436165903212736
"('amelia', 'inanis', 'irys', 'sana', 'ceres', 'mumei')",1037,3.231435604998286
"('amelia', 'inanis', 'irys', 'sana', 'ceres', 'hakos')",1148,3.5773269764108315
"('amelia', 'inanis', 'irys', 'sana', 'ouro', 'mumei')",1016,3.16599669689321
"('amelia', 'inanis', 'irys', 'sana', 'ouro', 'hakos')",1128,3.5150042067869496
"('amelia', 'inanis', 'irys', 'sana', 'mumei', 'hakos')",1088,3.3903586675391852
"('amelia', 'inanis', 'irys', 'ceres', 'ouro', 'mumei')",1756,5.471939172976848
"('amelia', 'inanis', 'irys', 'ceres', 'ouro', 'hakos')",1944,6.057773207441339
"('amelia', 'inanis', 'irys', 'ceres', 'mumei', 'hakos')",1879,5.855224206163722
"('amelia', 'inanis', 'irys', 'ouro', 'mumei', 'hakos')",1830,5.702533420585211
"('amelia', 'inanis', 'sana', 'ceres', 'ouro', 'mumei')",1166,3.6334174690723255
"('amelia', 'inanis', 'sana', 'ceres', 'ouro', 'hakos')",1284,4.00112180985323
"('amelia', 'inanis', 'sana', 'ceres', 'mumei', 'hakos')",1269,3.9543797326353185
"('amelia', 'inanis', 'sana', 'ouro', 'mumei', 'hakos')",1222,3.807921224019195
"('amelia', 'inanis', 'ceres', 'ouro', 'mumei', 'hakos')",2195,6.839923966221059
"('amelia', 'kiara', 'irys', 'sana', 'ceres', 'ouro')",1012,3.1535321429684333
"('amelia', 'kiara', 'irys', 'sana', 'ceres', 'mumei')",979,3.050699573089028
"('amelia', 'kiara', 'irys', 'sana', 'ceres', 'hakos')",1082,3.3716618366520206
"('amelia', 'kiara', 'irys', 'sana', 'ouro', 'mumei')",967,3.0133059113146987
"('amelia', 'kiara', 'irys', 'sana', 'ouro', 'hakos')",1086,3.384126390576797
"('amelia', 'kiara', 'irys', 'sana', 'mumei', 'hakos')",1034,3.2220871895547036
"('amelia', 'kiara', 'irys', 'ceres', 'ouro', 'mumei')",1564,4.873640584587579
"('amelia', 'kiara', 'irys', 'ceres', 'ouro', 'hakos')",1750,5.453242342089683
"('amelia', 'kiara', 'irys', 'ceres', 'mumei', 'hakos')",1658,5.166557601819824
"('amelia', 'kiara', 'irys', 'ouro', 'mumei', 'hakos')",1663,5.182138294225795
"('amelia', 'kiara', 'sana', 'ceres', 'ouro', 'mumei')",1081,3.3685456981708266
"('amelia', 'kiara', 'sana', 'ceres', 'ouro', 'hakos')",1196,3.7269016235081485
"('amelia', 'kiara', 'sana', 'ceres', 'mumei', 'hakos')",1178,3.6708111308466544
"('amelia', 'kiara', 'sana', 'ouro', 'mumei', 'hakos')",1151,3.586675391854414
"('amelia', 'kiara', 'ceres', 'ouro', 'mumei', 'hakos')",1911,5.954940637561934
"('amelia', 'irys', 'sana', 'ceres', 'ouro', 'mumei')",1047,3.262596989810227
"('amelia', 'irys', 'sana', 'ceres', 'ouro', 'hakos')",1170,3.645882022997102
"('amelia', 'irys', 'sana', 'ceres', 'mumei', 'hakos')",1107,3.4495652986818732
"('amelia', 'irys', 'sana', 'ouro', 'mumei', 'hakos')",1103,3.437100744757097
"('amelia', 'irys', 'ceres', 'ouro', 'mumei', 'hakos')",1889,5.886385590975663
"('amelia', 'sana', 'ceres', 'ouro', 'mumei', 'hakos')",1264,3.9387990402293482
"('amelia', 'calliope', 'gura', 'inanis', 'kiara', 'irys', 'sana')",886,2.7608986943379765
"('amelia', 'calliope', 'gura', 'inanis', 'kiara', 'irys', 'ceres')",1394,4.343897042784581
"('amelia', 'calliope', 'gura', 'inanis', 'kiara', 'irys', 'ouro')",1382,4.306503381010252
"('amelia', 'calliope', 'gura', 'inanis', 'kiara', 'irys', 'mumei')",1308,4.075909133401889
"('amelia', 'calliope', 'gura', 'inanis', 'kiara', 'irys', 'hakos')",1485,4.6274656445732445
"('amelia', 'calliope', 'gura', 'inanis', 'kiara', 'sana', 'ceres')",1000,3.1161384811941044
"('amelia', 'calliope', 'gura', 'inanis', 'kiara', 'sana', 'ouro')",971,3.0257704652394755
"('amelia', 'calliope', 'gura', 'inanis', 'kiara', 'sana', 'mumei')",948,2.9540992801720107
"('amelia', 'calliope', 'gura', 'inanis', 'kiara', 'sana', 'hakos')",1057,3.293758374622168
"('amelia', 'calliope', 'gura', 'inanis', 'kiara', 'ceres', 'ouro')",1615,5.0325636471284785
"('amelia', 'calliope', 'gura', 'inanis', 'kiara', 'ceres', 'mumei')",1556,4.848711476738026
"('amelia', 'calliope', 'gura', 'inanis', 'kiara', 'ceres', 'hakos')",1716,5.347293633729082
"('amelia', 'calliope', 'gura', 'inanis', 'kiara', 'ouro', 'mumei')",1528,4.761459599264591
"('amelia', 'calliope', 'gura', 'inanis', 'kiara', 'ouro', 'hakos')",1720,5.359758187653859
"('amelia', 'calliope', 'gura', 'inanis', 'kiara', 'mumei', 'hakos')",1643,5.119815524601913
"('amelia', 'calliope', 'gura', 'inanis', 'irys', 'sana', 'ceres')",896,2.7920600791499175
"('amelia', 'calliope', 'gura', 'inanis', 'irys', 'sana', 'ouro')",894,2.785827802187529
"('amelia', 'calliope', 'gura', 'inanis', 'irys', 'sana', 'mumei')",865,2.6954597862329
"('amelia', 'calliope', 'gura', 'inanis', 'irys', 'sana', 'hakos')",953,2.9696799725779814
"('amelia', 'calliope', 'gura', 'inanis', 'irys', 'ceres', 'ouro')",1489,4.639930198498021
"('amelia', 'calliope', 'gura', 'inanis', 'irys', 'ceres', 'mumei')",1424,4.437381197220405
"('amelia', 'calliope', 'gura', 'inanis', 'irys', 'ceres', 'hakos')",1587,4.945311769655043
"('amelia', 'calliope', 'gura', 'inanis', 'irys', 'ouro', 'mumei')",1414,4.406219812408463
"('amelia', 'calliope', 'gura', 'inanis', 'irys', 'ouro', 'hakos')",1595,4.9702408775045965
"('amelia', 'calliope', 'gura', 'inanis', 'irys', 'mumei', 'hakos')",1508,4.699136829640709
"('amelia', 'calliope', 'gura', 'inanis', 'sana', 'ceres', 'ouro')",1007,3.137951450562463
"('amelia', 'calliope', 'gura', 'inanis', 'sana', 'ceres', 'mumei')",1001,3.1192546196752984
"('amelia', 'calliope', 'gura', 'inanis', 'sana', 'ceres', 'hakos')",1078,3.3591972827272443
"('amelia', 'calliope', 'gura', 'inanis', 'sana', 'ouro', 'mumei')",974,3.035118880683058
"('amelia', 'calliope', 'gura', 'inanis', 'sana', 'ouro', 'hakos')",1070,3.3342681748776917
"('amelia', 'calliope', 'gura', 'inanis', 'sana', 'mumei', 'hakos')",1033,3.2189710510735097
"('amelia', 'calliope', 'gura', 'inanis', 'ceres', 'ouro', 'mumei')",1678,5.228880371443707
"('amelia', 'calliope', 'gura', 'inanis', 'ceres', 'ouro', 'hakos')",1837,5.72434638995357
"('amelia', 'calliope', 'gura', 'inanis', 'ceres', 'mumei', 'hakos')",1781,5.5498426350067
"('amelia', 'calliope', 'gura', 'inanis', 'ouro', 'mumei', 'hakos')",1779,5.543610358044312
"('amelia', 'calliope', 'gura', 'kiara', 'irys', 'sana', 'ceres')",865,2.6954597862329
"('amelia', 'calliope', 'gura', 'kiara', 'irys', 'sana', 'ouro')",873,2.720388894082453
"('amelia', 'calliope', 'gura', 'kiara', 'irys', 'sana', 'mumei')",841,2.6206724626842415
"('amelia', 'calliope', 'gura', 'kiara', 'irys', 'sana', 'hakos')",942,2.9354024492848465
"('amelia', 'calliope', 'gura', 'kiara', 'irys', 'ceres', 'ouro')",1374,4.281574273160699
"('amelia', 'calliope', 'gura', 'kiara', 'irys', 'ceres', 'mumei')",1307,4.072792994920695
"('amelia', 'calliope', 'gura', 'kiara', 'irys', 'ceres', 'hakos')",1468,4.574491290392945
"('amelia', 'calliope', 'gura', 'kiara', 'irys', 'ouro', 'mumei')",1318,4.107070518213829
"('amelia', 'calliope', 'gura', 'kiara', 'irys', 'ouro', 'hakos')",1497,4.664859306347574
"('amelia', 'calliope', 'gura', 'kiara', 'irys', 'mumei', 'hakos')",1402,4.368826150634134
"('amelia', 'calliope', 'gura', 'kiara', 'sana', 'ceres', 'ouro')",957,2.9821445265027577
"('amelia', 'calliope', 'gura', 'kiara', 'sana', 'ceres', 'mumei')",947,2.9509831416908168
"('amelia', 'calliope', 'gura', 'kiara', 'sana', 'ceres', 'hakos')",1040,3.2407840204418683
"('amelia', 'calliope', 'gura', 'kiara', 'sana', 'ouro', 'mumei')",932,2.904241064472905
"('amelia', 'calliope', 'gura', 'kiara', 'sana', 'ouro', 'hakos')",1041,3.2439001589230623
"('amelia', 'calliope', 'gura', 'kiara', 'sana', 'mumei', 'hakos')",995,3.1005577887881337
"('amelia', 'calliope', 'gura', 'kiara', 'ceres', 'ouro', 'mumei')",1508,4.699136829640709
"('amelia', 'calliope', 'gura', 'kiara', 'ceres', 'ouro', 'hakos')",1676,5.222648094481318
"('amelia', 'calliope', 'gura', 'kiara', 'ceres', 'mumei', 'hakos')",1600,4.985821569910566
"('amelia', 'calliope', 'gura', 'kiara', 'ouro', 'mumei', 'hakos')",1632,5.085538001308778
"('amelia', 'calliope', 'gura', 'irys', 'sana', 'ceres', 'ouro')",902,2.810756910037082
"('amelia', 'calliope', 'gura', 'irys', 'sana', 'ceres', 'mumei')",871,2.714156617120065
"('amelia', 'calliope', 'gura', 'irys', 'sana', 'ceres', 'hakos')",958,2.9852606649839517
"('amelia', 'calliope', 'gura', 'irys', 'sana', 'ouro', 'mumei')",874,2.723505032563647
"('amelia', 'calliope', 'gura', 'irys', 'sana', 'ouro', 'hakos')",971,3.0257704652394755
"('amelia', 'calliope', 'gura', 'irys', 'sana', 'mumei', 'hakos')",923,2.8761958181421585
"('amelia', 'calliope', 'gura', 'irys', 'ceres', 'ouro', 'mumei')",1414,4.406219812408463
"('amelia', 'calliope', 'gura', 'irys', 'ceres', 'ouro', 'hakos')",1577,4.9141503848431025
"('amelia', 'calliope', 'gura', 'irys', 'ceres', 'mumei', 'hakos')",1491,4.646162475460409
"('amelia', 'calliope', 'gura', 'irys', 'ouro', 'mumei', 'hakos')",1525,4.752111183821009
"('amelia', 'calliope', 'gura', 'sana', 'ceres', 'ouro', 'mumei')",987,3.075628680938581
"('amelia', 'calliope', 'gura', 'sana', 'ceres', 'ouro', 'hakos')",1075,3.349848867283662
"('amelia', 'calliope', 'gura', 'sana', 'ceres', 'mumei', 'hakos')",1048,3.2657131282914214
"('amelia', 'calliope', 'gura', 'sana', 'ouro', 'mumei', 'hakos')",1041,3.2439001589230623
"('amelia', 'calliope', 'gura', 'ceres', 'ouro', 'mumei', 'hakos')",1752,5.459474619052071
"('amelia', 'calliope', 'inanis', 'kiara', 'irys', 'sana', 'ceres')",858,2.673646816864541
"('amelia', 'calliope', 'inanis', 'kiara', 'irys', 'sana', 'ouro')",849,2.6456015705337945
"('amelia', 'calliope', 'inanis', 'kiara', 'irys', 'sana', 'mumei')",823,2.564581970022748
"('amelia', 'calliope', 'inanis', 'kiara', 'irys', 'sana', 'hakos')",927,2.888660372066935
"('amelia', 'calliope', 'inanis', 'kiara', 'irys', 'ceres', 'ouro')",1327,4.135115764544577
"('amelia', 'calliope', 'inanis', 'kiara', 'irys', 'ceres', 'mumei')",1265,3.941915178710542
"('amelia', 'calliope', 'inanis', 'kiara', 'irys', 'ceres', 'hakos')",1429,4.452961889626375
"('amelia', 'calliope', 'inanis', 'kiara', 'irys', 'ouro', 'mumei')",1245,3.8795924090866603
"('amelia', 'calliope', 'inanis', 'kiara', 'irys', 'ouro', 'hakos')",1413,4.403103673927269
"('amelia', 'calliope', 'inanis', 'kiara', 'irys', 'mumei', 'hakos')",1339,4.172509426318906
"('amelia', 'calliope', 'inanis', 'kiara', 'sana', 'ceres', 'ouro')",938,2.9229378953600698
"('amelia', 'calliope', 'inanis', 'kiara', 'sana', 'ceres', 'mumei')",933,2.9073572029540995
"('amelia', 'calliope', 'inanis', 'kiara', 'sana', 'ceres', 'hakos')",1022,3.1846935277803743
"('amelia', 'calliope', 'inanis', 'kiara', 'sana', 'ouro', 'mumei')",895,2.7889439406687235
"('amelia', 'calliope', 'inanis', 'kiara', 'sana', 'ouro', 'hakos')",1004,3.1286030351188807
"('amelia', 'calliope', 'inanis', 'kiara', 'sana', 'mumei', 'hakos')",969,3.019538188277087
"('amelia', 'calliope', 'inanis', 'kiara', 'ceres', 'ouro', 'mumei')",1456,4.537097628618616
"('amelia', 'calliope', 'inanis', 'kiara', 'ceres', 'ouro', 'hakos')",1617,5.038795924090866
"('amelia', 'calliope', 'inanis', 'kiara', 'ceres', 'mumei', 'hakos')",1569,4.889221276993549
"('amelia', 'calliope', 'inanis', 'kiara', 'ouro', 'mumei', 'hakos')",1544,4.811317814963697
"('amelia', 'calliope', 'inanis', 'irys', 'sana', 'ceres', 'ouro')",877,2.7328534480072295
"('amelia', 'calliope', 'inanis', 'irys', 'sana', 'ceres', 'mumei')",852,2.654949985977377
"('amelia', 'calliope', 'inanis', 'irys', 'sana', 'ceres', 'hakos')",938,2.9229378953600698
"('amelia', 'calliope', 'inanis', 'irys', 'sana', 'ouro', 'mumei')",841,2.6206724626842415
"('amelia', 'calliope', 'inanis', 'irys', 'sana', 'ouro', 'hakos')",932,2.904241064472905
"('amelia', 'calliope', 'inanis', 'irys', 'sana', 'mumei', 'hakos')",892,2.779595525225141
"('amelia', 'calliope', 'inanis', 'irys', 'ceres', 'ouro', 'mumei')",1355,4.222367642018011
"('amelia', 'calliope', 'inanis', 'irys', 'ceres', 'ouro', 'hakos')",1518,4.730298214452651
"('amelia', 'calliope', 'inanis', 'irys', 'ceres', 'mumei', 'hakos')",1454,4.530865351656228
"('amelia', 'calliope', 'inanis', 'irys', 'ouro', 'mumei', 'hakos')",1441,4.490355551400704
"('amelia', 'calliope', 'inanis', 'sana', 'ceres', 'ouro', 'mumei')",940,2.929170172322458
"('amelia', 'calliope', 'inanis', 'sana', 'ceres', 'ouro', 'hakos')",1030,3.2096226356299273
"('amelia', 'calliope', 'inanis', 'sana', 'ceres', 'mumei', 'hakos')",1012,3.1535321429684333
"('amelia', 'calliope', 'inanis', 'sana', 'ouro', 'mumei', 'hakos')",983,3.0631641270138044
"('amelia', 'calliope', 'inanis', 'ceres', 'ouro', 'mumei', 'hakos')",1676,5.222648094481318
"('amelia', 'calliope', 'kiara', 'irys', 'sana', 'ceres', 'ouro')",848,2.6424854320526
"('amelia', 'calliope', 'kiara', 'irys', 'sana', 'ceres', 'mumei')",822,2.5614658315415535
"('amelia', 'calliope', 'kiara', 'irys', 'sana', 'ceres', 'hakos')",912,2.841918294849023
"('amelia', 'calliope', 'kiara', 'irys', 'sana', 'ouro', 'mumei')",820,2.5552335545791656
"('amelia', 'calliope', 'kiara', 'irys', 'sana', 'ouro', 'hakos')",921,2.86996354117977
"('amelia', 'calliope', 'kiara', 'irys', 'sana', 'mumei', 'hakos')",873,2.720388894082453
"('amelia', 'calliope', 'kiara', 'irys', 'ceres', 'ouro', 'mumei')",1257,3.9169860708609896
"('amelia', 'calliope', 'kiara', 'irys', 'ceres', 'ouro', 'hakos')",1415,4.409335950889657
"('amelia', 'calliope', 'kiara', 'irys', 'ceres', 'mumei', 'hakos')",1345,4.191206257206071
"('amelia', 'calliope', 'kiara', 'irys', 'ouro', 'mumei', 'hakos')",1359,4.234832195942788
"('amelia', 'calliope', 'kiara', 'sana', 'ceres', 'ouro', 'mumei')",904,2.8169891869994705
"('amelia', 'calliope', 'kiara', 'sana', 'ceres', 'ouro', 'hakos')",998,3.109906204231716
"('amelia', 'calliope', 'kiara', 'sana', 'ceres', 'mumei', 'hakos')",976,3.0413511576454457
"('amelia', 'calliope', 'kiara', 'sana', 'ouro', 'mumei', 'hakos')",961,2.994609080427534
"('amelia', 'calliope', 'kiara', 'ceres', 'ouro', 'mumei', 'hakos')",1528,4.761459599264591
"('amelia', 'calliope', 'irys', 'sana', 'ceres', 'ouro', 'mumei')",858,2.673646816864541
"('amelia', 'calliope', 'irys', 'sana', 'ceres', 'ouro', 'hakos')",950,2.960331557134399
"('amelia', 'calliope', 'irys', 'sana', 'ceres', 'mumei', 'hakos')",906,2.8232214639618585
"('amelia', 'calliope', 'irys', 'sana', 'ouro', 'mumei', 'hakos')",907,2.826337602443053
"('amelia', 'calliope', 'irys', 'ceres', 'ouro', 'mumei', 'hakos')",1445,4.502820105325481
"('amelia', 'calliope', 'sana', 'ceres', 'ouro', 'mumei', 'hakos')",1009,3.144183727524851
"('amelia', 'gura', 'inanis', 'kiara', 'irys', 'sana', 'ceres')",946,2.947867003209623
"('amelia', 'gura', 'inanis', 'kiara', 'irys', 'sana', 'ouro')",923,2.8761958181421585
"('amelia', 'gura', 'inanis', 'kiara', 'irys', 'sana', 'mumei')",904,2.8169891869994705
"('amelia', 'gura', 'inanis', 'kiara', 'irys', 'sana', 'hakos')",994,3.0974416503069397
"('amelia', 'gura', 'inanis', 'kiara', 'irys', 'ceres', 'ouro')",1504,4.6866722757159325
"('amelia', 'gura', 'inanis', 'kiara', 'irys', 'ceres', 'mumei')",1457,4.54021376709981
"('amelia', 'gura', 'inanis', 'kiara', 'irys', 'ceres', 'hakos')",1606,5.004518400797731
"('amelia', 'gura', 'inanis', 'kiara', 'irys', 'ouro', 'mumei')",1408,4.387522981521299
"('amelia', 'gura', 'inanis', 'kiara', 'irys', 'ouro', 'hakos')",1568,4.886105138512355
"('amelia', 'gura', 'inanis', 'kiara', 'irys', 'mumei', 'hakos')",1517,4.727182075971456
"('amelia', 'gura', 'inanis', 'kiara', 'sana', 'ceres', 'ouro')",1045,3.256364712847839
"('amelia', 'gura', 'inanis', 'kiara', 'sana', 'ceres', 'mumei')",1050,3.2719454052538093
"('amelia', 'gura', 'inanis', 'kiara', 'sana', 'ceres', 'hakos')",1131,3.524352622230532
"('amelia', 'gura', 'inanis', 'kiara', 'sana', 'ouro', 'mumei')",995,3.1005577887881337
"('amelia', 'gura', 'inanis', 'kiara', 'sana', 'ouro', 'hakos')",1090,3.3965909445015736
"('amelia', 'gura', 'inanis', 'kiara', 'sana', 'mumei', 'hakos')",1077,3.3560811442460503
"('amelia', 'gura', 'inanis', 'kiara', 'ceres', 'ouro', 'mumei')",1676,5.222648094481318
"('amelia', 'gura', 'inanis', 'kiara', 'ceres', 'ouro', 'hakos')",1829,5.699417282104017
"('amelia', 'gura', 'inanis', 'kiara', 'ceres', 'mumei', 'hakos')",1801,5.612165404630582
"('amelia', 'gura', 'inanis', 'kiara', 'ouro', 'mumei', 'hakos')",1750,5.453242342089683
"('amelia', 'gura', 'inanis', 'irys', 'sana', 'ceres', 'ouro')",984,3.0662802654949988
"('amelia', 'gura', 'inanis', 'irys', 'sana', 'ceres', 'mumei')",960,2.99149294194634
"('amelia', 'gura', 'inanis', 'irys', 'sana', 'ceres', 'hakos')",1045,3.256364712847839
"('amelia', 'gura', 'inanis', 'irys', 'sana', 'ouro', 'mumei')",940,2.929170172322458
"('amelia', 'gura', 'inanis', 'irys', 'sana', 'ouro', 'hakos')",1024,3.1909258047427627
"('amelia', 'gura', 'inanis', 'irys', 'sana', 'mumei', 'hakos')",999,3.11302234271291
"('amelia', 'gura', 'inanis', 'irys', 'ceres', 'ouro', 'mumei')",1606,5.004518400797731
"('amelia', 'gura', 'inanis', 'irys', 'ceres', 'ouro', 'hakos')",1768,5.509332834751176
"('amelia', 'gura', 'inanis', 'irys', 'ceres', 'mumei', 'hakos')",1721,5.362874326135053
"('amelia', 'gura', 'inanis', 'irys', 'ouro', 'mumei', 'hakos')",1673,5.213299679037736
"('amelia', 'gura', 'inanis', 'sana', 'ceres', 'ouro', 'mumei')",1086,3.384126390576797
"('amelia', 'gura', 'inanis', 'sana', 'ceres', 'ouro', 'hakos')",1181,3.680159546290237
"('amelia', 'gura', 'inanis', 'sana', 'ceres', 'mumei', 'hakos')",1175,3.661462715403072
"('amelia', 'gura', 'inanis', 'sana', 'ouro', 'mumei', 'hakos')",1133,3.53058489919292
"('amelia', 'gura', 'inanis', 'ceres', 'ouro', 'mumei', 'hakos')",2012,6.269670624162538
"('amelia', 'gura', 'kiara', 'irys', 'sana', 'ceres', 'ouro')",933,2.9073572029540995
"('amelia', 'gura', 'kiara', 'irys', 'sana', 'ceres', 'mumei')",905,2.8201053254806645
"('amelia', 'gura', 'kiara', 'irys', 'sana', 'ceres', 'hakos')",991,3.0880932348633574
"('amelia', 'gura', 'kiara', 'irys', 'sana', 'ouro', 'mumei')",899,2.8014084945935
"('amelia', 'gura', 'kiara', 'irys', 'sana', 'ouro', 'hakos')",991,3.0880932348633574
"('amelia', 'gura', 'kiara', 'irys', 'sana', 'mumei', 'hakos')",955,2.97591224954037
"('amelia', 'gura', 'kiara', 'irys', 'ceres', 'ouro', 'mumei')",1440,4.48723941291951
"('amelia', 'gura', 'kiara', 'irys', 'ceres', 'ouro', 'hakos')",1596,4.9733570159857905
"('amelia', 'gura', 'kiara', 'irys', 'ceres', 'mumei', 'hakos')",1524,4.748995045339814
"('amelia', 'gura', 'kiara', 'irys', 'ouro', 'mumei', 'hakos')",1521,4.7396466298962325
"('amelia', 'gura', 'kiara', 'sana', 'ceres', 'ouro', 'mumei')",999,3.11302234271291
"('amelia', 'gura', 'kiara', 'sana', 'ceres', 'ouro', 'hakos')",1098,3.421520052351126
"('amelia', 'gura', 'kiara', 'sana', 'ceres', 'mumei', 'hakos')",1081,3.3685456981708266
"('amelia', 'gura', 'kiara', 'sana', 'ouro', 'mumei', 'hakos')",1062,3.3093390670281386
"('amelia', 'gura', 'kiara', 'ceres', 'ouro', 'mumei', 'hakos')",1752,5.459474619052071
"('amelia', 'gura', 'irys', 'sana', 'ceres', 'ouro', 'mumei')",966,3.0101897728335048
"('amelia', 'gura', 'irys', 'sana', 'ceres', 'ouro', 'hakos')",1068,3.3280358979153033
"('amelia', 'gura', 'irys', 'sana', 'ceres', 'mumei', 'hakos')",1020,3.1784612508179864
"('amelia', 'gura', 'irys', 'sana', 'ouro', 'mumei', 'hakos')",1015,3.1628805584120157
"('amelia', 'gura', 'irys', 'ceres', 'ouro', 'mumei', 'hakos')",1712,5.334829079804306
"('amelia', 'gura', 'sana', 'ceres', 'ouro', 'mumei', 'hakos')",1163,3.624069053628743
"('amelia', 'inanis', 'kiara', 'irys', 'sana', 'ceres', 'ouro')",907,2.826337602443053
"('amelia', 'inanis', 'kiara', 'irys', 'sana', 'ceres', 'mumei')",888,2.767130971300365
"('amelia', 'inanis', 'kiara', 'irys', 'sana', 'ceres', 'hakos')",974,3.035118880683058
"('amelia', 'inanis', 'kiara', 'irys', 'sana', 'ouro', 'mumei')",864,2.692343647751706
"('amelia', 'inanis', 'kiara', 'irys', 'sana', 'ouro', 'hakos')",950,2.960331557134399
"('amelia', 'inanis', 'kiara', 'irys', 'sana', 'mumei', 'hakos')",929,2.8948926490293228
"('amelia', 'inanis', 'kiara', 'irys', 'ceres', 'ouro', 'mumei')",1371,4.2722258577171175
"('amelia', 'inanis', 'kiara', 'irys', 'ceres', 'ouro', 'hakos')",1515,4.720949799009068
"('amelia', 'inanis', 'kiara', 'irys', 'ceres', 'mumei', 'hakos')",1478,4.605652675204886
"('amelia', 'inanis', 'kiara', 'irys', 'ouro', 'mumei', 'hakos')",1424,4.437381197220405
"('amelia', 'inanis', 'kiara', 'sana', 'ceres', 'ouro', 'mumei')",968,3.016422049795893
"('amelia', 'inanis', 'kiara', 'sana', 'ceres', 'ouro', 'hakos')",1060,3.3031067900657503
"('amelia', 'inanis', 'kiara', 'sana', 'ceres', 'mumei', 'hakos')",1059,3.2999906515845563
"('amelia', 'inanis', 'kiara', 'sana', 'ouro', 'mumei', 'hakos')",1010,3.1472998660060454
"('amelia', 'inanis', 'kiara', 'ceres', 'ouro', 'mumei', 'hakos')",1672,5.210183540556542
"('amelia', 'inanis', 'irys', 'sana', 'ceres', 'ouro', 'mumei')",932,2.904241064472905
"('amelia', 'inanis', 'irys', 'sana', 'ceres', 'ouro', 'hakos')",1021,3.1815773892991803
"('amelia', 'inanis', 'irys', 'sana', 'ceres', 'mumei', 'hakos')",993,3.0943255118257453
"('amelia', 'inanis', 'irys', 'sana', 'ouro', 'mumei', 'hakos')",971,3.0257704652394755
"('amelia', 'inanis', 'irys', 'ceres', 'ouro', 'mumei', 'hakos')",1636,5.098002555233554
"('amelia', 'inanis', 'sana', 'ceres', 'ouro', 'mumei', 'hakos')",1106,3.4464491602006793
"('amelia', 'kiara', 'irys', 'sana', 'ceres', 'ouro', 'mumei')",878,2.735969586488424
"('amelia', 'kiara', 'irys', 'sana', 'ceres', 'ouro', 'hakos')",966,3.0101897728335048
"('amelia', 'kiara', 'irys', 'sana', 'ceres', 'mumei', 'hakos')",936,2.916705618397682
"('amelia', 'kiara', 'irys', 'sana', 'ouro', 'mumei', 'hakos')",925,2.8824280951045465
"('amelia', 'kiara', 'irys', 'ceres', 'ouro', 'mumei', 'hakos')",1463,4.558910597986975
"('amelia', 'kiara', 'sana', 'ceres', 'ouro', 'mumei', 'hakos')",1028,3.203390358667539
"('amelia', 'irys', 'sana', 'ceres', 'ouro', 'mumei', 'hakos')",1004,3.1286030351188807
"('amelia', 'calliope', 'gura', 'inanis', 'kiara', 'irys', 'sana', 'ceres')",795,2.477330092549313
"('amelia', 'calliope', 'gura', 'inanis', 'kiara', 'irys', 'sana', 'ouro')",786,2.449284846218566
"('amelia', 'calliope', 'gura', 'inanis', 'kiara', 'irys', 'sana', 'mumei')",771,2.402542769000654
"('amelia', 'calliope', 'gura', 'inanis', 'kiara', 'irys', 'sana', 'hakos')",847,2.639369293571406
"('amelia', 'calliope', 'gura', 'inanis', 'kiara', 'irys', 'ceres', 'ouro')",1229,3.8297341933875537
"('amelia', 'calliope', 'gura', 'inanis', 'kiara', 'irys', 'ceres', 'mumei')",1186,3.6957402386962075
"('amelia', 'calliope', 'gura', 'inanis', 'kiara', 'irys', 'ceres', 'hakos')",1315,4.0977221027702475
"('amelia', 'calliope', 'gura', 'inanis', 'kiara', 'irys', 'ouro', 'mumei')",1165,3.630301330591131
"('amelia', 'calliope', 'gura', 'inanis', 'kiara', 'irys', 'ouro', 'hakos')",1297,4.0416316101087535
"('amelia', 'calliope', 'gura', 'inanis', 'kiara', 'irys', 'mumei', 'hakos')",1244,3.876476270605466
"('amelia', 'calliope', 'gura', 'inanis', 'kiara', 'sana', 'ceres', 'ouro')",871,2.714156617120065
"('amelia', 'calliope', 'gura', 'inanis', 'kiara', 'sana', 'ceres', 'mumei')",873,2.720388894082453
"('amelia', 'calliope', 'gura', 'inanis', 'kiara', 'sana', 'ceres', 'hakos')",944,2.9416347262472344
"('amelia', 'calliope', 'gura', 'inanis', 'kiara', 'sana', 'ouro', 'mumei')",843,2.62690473964663
"('amelia', 'calliope', 'gura', 'inanis', 'kiara', 'sana', 'ouro', 'hakos')",925,2.8824280951045465
"('amelia', 'calliope', 'gura', 'inanis', 'kiara', 'sana', 'mumei', 'hakos')",900,2.804524633074694
"('amelia', 'calliope', 'gura', 'inanis', 'kiara', 'ceres', 'ouro', 'mumei')",1360,4.237948334423982
"('amelia', 'calliope', 'gura', 'inanis', 'kiara', 'ceres', 'ouro', 'hakos')",1490,4.643046336979215
"('amelia', 'calliope', 'gura', 'inanis', 'kiara', 'ceres', 'mumei', 'hakos')",1455,4.533981490137422
"('amelia', 'calliope', 'gura', 'inanis', 'kiara', 'ouro', 'mumei', 'hakos')",1435,4.47165872051354
"('amelia', 'calliope', 'gura', 'inanis', 'irys', 'sana', 'ceres', 'ouro')",814,2.536536723692001
"('amelia', 'calliope', 'gura', 'inanis', 'irys', 'sana', 'ceres', 'mumei')",801,2.4960269234364776
"('amelia', 'calliope', 'gura', 'inanis', 'irys', 'sana', 'ceres', 'hakos')",866,2.6985759247140946
"('amelia', 'calliope', 'gura', 'inanis', 'irys', 'sana', 'ouro', 'mumei')",793,2.4710978155869245
"('amelia', 'calliope', 'gura', 'inanis', 'irys', 'sana', 'ouro', 'hakos')",860,2.6798790938269295
"('amelia', 'calliope', 'gura', 'inanis', 'irys', 'sana', 'mumei', 'hakos')",835,2.601975631797077
"('amelia', 'calliope', 'gura', 'inanis', 'irys', 'ceres', 'ouro', 'mumei')",1265,3.941915178710542
"('amelia', 'calliope', 'gura', 'inanis', 'irys', 'ceres', 'ouro', 'hakos')",1402,4.368826150634134
"('amelia', 'calliope', 'gura', 'inanis', 'irys', 'ceres', 'mumei', 'hakos')",1355,4.222367642018011
"('amelia', 'calliope', 'gura', 'inanis', 'irys', 'ouro', 'mumei', 'hakos')",1343,4.184973980243682
"('amelia', 'calliope', 'gura', 'inanis', 'sana', 'ceres', 'ouro', 'mumei')",890,2.773363248262753
"('amelia', 'calliope', 'gura', 'inanis', 'sana', 'ceres', 'ouro', 'hakos')",957,2.9821445265027577
"('amelia', 'calliope', 'gura', 'inanis', 'sana', 'ceres', 'mumei', 'hakos')",950,2.960331557134399
"('amelia', 'calliope', 'gura', 'inanis', 'sana', 'ouro', 'mumei', 'hakos')",929,2.8948926490293228
"('amelia', 'calliope', 'gura', 'inanis', 'ceres', 'ouro', 'mumei', 'hakos')",1563,4.870524446106385
"('amelia', 'calliope', 'gura', 'kiara', 'irys', 'sana', 'ceres', 'ouro')",786,2.449284846218566
"('amelia', 'calliope', 'gura', 'kiara', 'irys', 'sana', 'ceres', 'mumei')",770,2.3994266305194603
"('amelia', 'calliope', 'gura', 'kiara', 'irys', 'sana', 'ceres', 'hakos')",844,2.630020878127824
"('amelia', 'calliope', 'gura', 'kiara', 'irys', 'sana', 'ouro', 'mumei')",769,2.3963104920382663
"('amelia', 'calliope', 'gura', 'kiara', 'irys', 'sana', 'ouro', 'hakos')",847,2.639369293571406
"('amelia', 'calliope', 'gura', 'kiara', 'irys', 'sana', 'mumei', 'hakos')",816,2.542769000654389
"('amelia', 'calliope', 'gura', 'kiara', 'irys', 'ceres', 'ouro', 'mumei')",1173,3.655230438440684
"('amelia', 'calliope', 'gura', 'kiara', 'irys', 'ceres', 'ouro', 'hakos')",1304,4.063444579477112
"('amelia', 'calliope', 'gura', 'kiara', 'irys', 'ceres', 'mumei', 'hakos')",1251,3.898289239973825
"('amelia', 'calliope', 'gura', 'kiara', 'irys', 'ouro', 'mumei', 'hakos')",1258,3.9201022093421836
"('amelia', 'calliope', 'gura', 'kiara', 'sana', 'ceres', 'ouro', 'mumei')",845,2.6331370166090178
"('amelia', 'calliope', 'gura', 'kiara', 'sana', 'ceres', 'ouro', 'hakos')",921,2.86996354117977
"('amelia', 'calliope', 'gura', 'kiara', 'sana', 'ceres', 'mumei', 'hakos')",907,2.826337602443053
"('amelia', 'calliope', 'gura', 'kiara', 'sana', 'ouro', 'mumei', 'hakos')",897,2.7951762176311115
"('amelia', 'calliope', 'gura', 'kiara', 'ceres', 'ouro', 'mumei', 'hakos')",1417,4.415568227852046
"('amelia', 'calliope', 'gura', 'irys', 'sana', 'ceres', 'ouro', 'mumei')",804,2.50537533888006
"('amelia', 'calliope', 'gura', 'irys', 'sana', 'ceres', 'ouro', 'hakos')",878,2.735969586488424
"('amelia', 'calliope', 'gura', 'irys', 'sana', 'ceres', 'mumei', 'hakos')",850,2.6487177090149885
"('amelia', 'calliope', 'gura', 'irys', 'sana', 'ouro', 'mumei', 'hakos')",850,2.6487177090149885
"('amelia', 'calliope', 'gura', 'irys', 'ceres', 'ouro', 'mumei', 'hakos')",1341,4.178741703281294
"('amelia', 'calliope', 'gura', 'sana', 'ceres', 'ouro', 'mumei', 'hakos')",947,2.9509831416908168
"('amelia', 'calliope', 'inanis', 'kiara', 'irys', 'sana', 'ceres', 'ouro')",773,2.4087750459630426
"('amelia', 'calliope', 'inanis', 'kiara', 'irys', 'sana', 'ceres', 'mumei')",760,2.3682652457075193
"('amelia', 'calliope', 'inanis', 'kiara', 'irys', 'sana', 'ceres', 'hakos')",835,2.601975631797077
"('amelia', 'calliope', 'inanis', 'kiara', 'irys', 'sana', 'ouro', 'mumei')",747,2.327755445451996
"('amelia', 'calliope', 'inanis', 'kiara', 'irys', 'sana', 'ouro', 'hakos')",824,2.567698108503942
"('amelia', 'calliope', 'inanis', 'kiara', 'irys', 'sana', 'mumei', 'hakos')",798,2.4866785079928952
"('amelia', 'calliope', 'inanis', 'kiara', 'irys', 'ceres', 'ouro', 'mumei')",1132,3.527468760711726
"('amelia', 'calliope', 'inanis', 'kiara', 'irys', 'ceres', 'ouro', 'hakos')",1262,3.93256676326696
"('amelia', 'calliope', 'inanis', 'kiara', 'irys', 'ceres', 'mumei', 'hakos')",1222,3.807921224019195
"('amelia', 'calliope', 'inanis', 'kiara', 'irys', 'ouro', 'mumei', 'hakos')",1196,3.7269016235081485
"('amelia', 'calliope', 'inanis', 'kiara', 'sana', 'ceres', 'ouro', 'mumei')",823,2.564581970022748
"('amelia', 'calliope', 'inanis', 'kiara', 'sana', 'ceres', 'ouro', 'hakos')",902,2.810756910037082
"('amelia', 'calliope', 'inanis', 'kiara', 'sana', 'ceres', 'mumei', 'hakos')",893,2.782711663706335
"('amelia', 'calliope', 'inanis', 'kiara', 'sana', 'ouro', 'mumei', 'hakos')",862,2.686111370789318
"('amelia', 'calliope', 'inanis', 'kiara', 'ceres', 'ouro', 'mumei', 'hakos')",1380,4.300271104047864
"('amelia', 'calliope', 'inanis', 'irys', 'sana', 'ceres', 'ouro', 'mumei')",782,2.4368202922937896
"('amelia', 'calliope', 'inanis', 'irys', 'sana', 'ceres', 'ouro', 'hakos')",854,2.661182262939765
"('amelia', 'calliope', 'inanis', 'irys', 'sana', 'ceres', 'mumei', 'hakos')",831,2.5895110778723005
"('amelia', 'calliope', 'inanis', 'irys', 'sana', 'ouro', 'mumei', 'hakos')",817,2.5458851391355832
"('amelia', 'calliope', 'inanis', 'irys', 'ceres', 'ouro', 'mumei', 'hakos')",1301,4.05409616403353
"('amelia', 'calliope', 'inanis', 'sana', 'ceres', 'ouro', 'mumei', 'hakos')",907,2.826337602443053
"('amelia', 'calliope', 'kiara', 'irys', 'sana', 'ceres', 'ouro', 'mumei')",754,2.3495684148203546
"('amelia', 'calliope', 'kiara', 'irys', 'sana', 'ceres', 'ouro', 'hakos')",830,2.5863949393911065
"('amelia', 'calliope', 'kiara', 'irys', 'sana', 'ceres', 'mumei', 'hakos')",805,2.508491477361254
"('amelia', 'calliope', 'kiara', 'irys', 'sana', 'ouro', 'mumei', 'hakos')",800,2.492910784955283
"('amelia', 'calliope', 'kiara', 'irys', 'ceres', 'ouro', 'mumei', 'hakos')",1211,3.77364370072606
"('amelia', 'calliope', 'kiara', 'sana', 'ceres', 'ouro', 'mumei', 'hakos')",874,2.723505032563647
"('amelia', 'calliope', 'irys', 'sana', 'ceres', 'ouro', 'mumei', 'hakos')",838,2.611324047240659
"('amelia', 'gura', 'inanis', 'kiara', 'irys', 'sana', 'ceres', 'ouro')",843,2.62690473964663
"('amelia', 'gura', 'inanis', 'kiara', 'irys', 'sana', 'ceres', 'mumei')",832,2.5926272163534945
"('amelia', 'gura', 'inanis', 'kiara', 'irys', 'sana', 'ceres', 'hakos')",899,2.8014084945935
"('amelia', 'gura', 'inanis', 'kiara', 'irys', 'sana', 'ouro', 'mumei')",810,2.524072169767224
"('amelia', 'gura', 'inanis', 'kiara', 'irys', 'sana', 'ouro', 'hakos')",876,2.7297373095260355
"('amelia', 'gura', 'inanis', 'kiara', 'irys', 'sana', 'mumei', 'hakos')",864,2.692343647751706
"('amelia', 'gura', 'inanis', 'kiara', 'irys', 'ceres', 'ouro', 'mumei')",1281,3.991773394409648
"('amelia', 'gura', 'inanis', 'kiara', 'irys', 'ceres', 'ouro', 'hakos')",1403,4.371942289115329
"('amelia', 'gura', 'inanis', 'kiara', 'irys', 'ceres', 'mumei', 'hakos')",1375,4.284690411641893
"('amelia', 'gura', 'inanis', 'kiara', 'irys', 'ouro', 'mumei', 'hakos')",1324,4.125767349100994
"('amelia', 'gura', 'inanis', 'kiara', 'sana', 'ceres', 'ouro', 'mumei')",908,2.829453740924247
"('amelia', 'gura', 'inanis', 'kiara', 'sana', 'ceres', 'ouro', 'hakos')",983,3.0631641270138044
"('amelia', 'gura', 'inanis', 'kiara', 'sana', 'ceres', 'mumei', 'hakos')",988,3.078744819419775
"('amelia', 'gura', 'inanis', 'kiara', 'sana', 'ouro', 'mumei', 'hakos')",944,2.9416347262472344
"('amelia', 'gura', 'inanis', 'kiara', 'ceres', 'ouro', 'mumei', 'hakos')",1555,4.845595338256832
"('amelia', 'gura', 'inanis', 'irys', 'sana', 'ceres', 'ouro', 'mumei')",869,2.707924340157677
"('amelia', 'gura', 'inanis', 'irys', 'sana', 'ceres', 'ouro', 'hakos')",941,2.932286310803652
"('amelia', 'gura', 'inanis', 'irys', 'sana', 'ceres', 'mumei', 'hakos')",924,2.8793119566233525
"('amelia', 'gura', 'inanis', 'irys', 'sana', 'ouro', 'mumei', 'hakos')",902,2.810756910037082
"('amelia', 'gura', 'inanis', 'irys', 'ceres', 'ouro', 'mumei', 'hakos')",1508,4.699136829640709
"('amelia', 'gura', 'inanis', 'sana', 'ceres', 'ouro', 'mumei', 'hakos')",1035,3.225203328035898
"('amelia', 'gura', 'kiara', 'irys', 'sana', 'ceres', 'ouro', 'mumei')",821,2.5583496930603595
"('amelia', 'gura', 'kiara', 'irys', 'sana', 'ceres', 'ouro', 'hakos')",897,2.7951762176311115
"('amelia', 'gura', 'kiara', 'irys', 'sana', 'ceres', 'mumei', 'hakos')",874,2.723505032563647
"('amelia', 'gura', 'kiara', 'irys', 'sana', 'ouro', 'mumei', 'hakos')",865,2.6954597862329
"('amelia', 'gura', 'kiara', 'irys', 'ceres', 'ouro', 'mumei', 'hakos')",1357,4.228599918980399
"('amelia', 'gura', 'kiara', 'sana', 'ceres', 'ouro', 'mumei', 'hakos')",957,2.9821445265027577
"('amelia', 'gura', 'irys', 'sana', 'ceres', 'ouro', 'mumei', 'hakos')",933,2.9073572029540995
"('amelia', 'inanis', 'kiara', 'irys', 'sana', 'ceres', 'ouro', 'mumei')",801,2.4960269234364776
"('amelia', 'inanis', 'kiara', 'irys', 'sana', 'ceres', 'ouro', 'hakos')",873,2.720388894082453
"('amelia', 'inanis', 'kiara', 'irys', 'sana', 'ceres', 'mumei', 'hakos')",858,2.673646816864541
"('amelia', 'inanis', 'kiara', 'irys', 'sana', 'ouro', 'mumei', 'hakos')",832,2.5926272163534945
"('amelia', 'inanis', 'kiara', 'irys', 'ceres', 'ouro', 'mumei', 'hakos')",1307,4.072792994920695
"('amelia', 'inanis', 'kiara', 'sana', 'ceres', 'ouro', 'mumei', 'hakos')",929,2.8948926490293228
"('amelia', 'inanis', 'irys', 'sana', 'ceres', 'ouro', 'mumei', 'hakos')",902,2.810756910037082
"('amelia', 'kiara', 'irys', 'sana', 'ceres', 'ouro', 'mumei', 'hakos')",851,2.6518338474961825
"('amelia', 'calliope', 'gura', 'inanis', 'kiara', 'irys', 'sana', 'ceres', 'ouro')",723,2.2529681219033373
"('amelia', 'calliope', 'gura', 'inanis', 'kiara', 'irys', 'sana', 'ceres', 'mumei')",717,2.2342712910161726
"('amelia', 'calliope', 'gura', 'inanis', 'kiara', 'irys', 'sana', 'ceres', 'hakos')",776,2.418123461406625
"('amelia', 'calliope', 'gura', 'inanis', 'kiara', 'irys', 'sana', 'ouro', 'mumei')",706,2.1999937677230377
"('amelia', 'calliope', 'gura', 'inanis', 'kiara', 'irys', 'sana', 'ouro', 'hakos')",765,2.3838459381134895
"('amelia', 'calliope', 'gura', 'inanis', 'kiara', 'irys', 'sana', 'mumei', 'hakos')",749,2.333987722414384
"('amelia', 'calliope', 'gura', 'inanis', 'kiara', 'irys', 'ceres', 'ouro', 'mumei')",1068,3.3280358979153033
"('amelia', 'calliope', 'gura', 'inanis', 'kiara', 'irys', 'ceres', 'ouro', 'hakos')",1176,3.6645788538842665
"('amelia', 'calliope', 'gura', 'inanis', 'kiara', 'irys', 'ceres', 'mumei', 'hakos')",1147,3.5742108379296376
"('amelia', 'calliope', 'gura', 'inanis', 'kiara', 'irys', 'ouro', 'mumei', 'hakos')",1123,3.499423514380979
"('amelia', 'calliope', 'gura', 'inanis', 'kiara', 'sana', 'ceres', 'ouro', 'mumei')",780,2.4305880153314012
"('amelia', 'calliope', 'gura', 'inanis', 'kiara', 'sana', 'ceres', 'ouro', 'hakos')",841,2.6206724626842415
"('amelia', 'calliope', 'gura', 'inanis', 'kiara', 'sana', 'ceres', 'mumei', 'hakos')",839,2.6144401857218535
"('amelia', 'calliope', 'gura', 'inanis', 'kiara', 'sana', 'ouro', 'mumei', 'hakos')",814,2.536536723692001
"('amelia', 'calliope', 'gura', 'inanis', 'kiara', 'ceres', 'ouro', 'mumei', 'hakos')",1295,4.035399333146366
"('amelia', 'calliope', 'gura', 'inanis', 'irys', 'sana', 'ceres', 'ouro', 'mumei')",739,2.302826337602443
"('amelia', 'calliope', 'gura', 'inanis', 'irys', 'sana', 'ceres', 'ouro', 'hakos')",795,2.477330092549313
"('amelia', 'calliope', 'gura', 'inanis', 'irys', 'sana', 'ceres', 'mumei', 'hakos')",783,2.4399364307749836
"('amelia', 'calliope', 'gura', 'inanis', 'irys', 'sana', 'ouro', 'mumei', 'hakos')",773,2.4087750459630426
"('amelia', 'calliope', 'gura', 'inanis', 'irys', 'ceres', 'ouro', 'mumei', 'hakos')",1220,3.8016889470568067
"('amelia', 'calliope', 'gura', 'inanis', 'sana', 'ceres', 'ouro', 'mumei', 'hakos')",860,2.6798790938269295
"('amelia', 'calliope', 'gura', 'kiara', 'irys', 'sana', 'ceres', 'ouro', 'mumei')",710,2.212458321647814
"('amelia', 'calliope', 'gura', 'kiara', 'irys', 'sana', 'ceres', 'ouro', 'hakos')",774,2.4118911844442366
"('amelia', 'calliope', 'gura', 'kiara', 'irys', 'sana', 'ceres', 'mumei', 'hakos')",758,2.362032968745131
"('amelia', 'calliope', 'gura', 'kiara', 'irys', 'sana', 'ouro', 'mumei', 'hakos')",754,2.3495684148203546
"('amelia', 'calliope', 'gura', 'kiara', 'irys', 'ceres', 'ouro', 'mumei', 'hakos')",1135,3.536817176155308
"('amelia', 'calliope', 'gura', 'kiara', 'sana', 'ceres', 'ouro', 'mumei', 'hakos')",822,2.5614658315415535
"('amelia', 'calliope', 'gura', 'irys', 'sana', 'ceres', 'ouro', 'mumei', 'hakos')",790,2.461749400143342
"('amelia', 'calliope', 'inanis', 'kiara', 'irys', 'sana', 'ceres', 'ouro', 'mumei')",697,2.1719485213922907
"('amelia', 'calliope', 'inanis', 'kiara', 'irys', 'sana', 'ceres', 'ouro', 'hakos')",761,2.3713813841887132
"('amelia', 'calliope', 'inanis', 'kiara', 'irys', 'sana', 'ceres', 'mumei', 'hakos')",747,2.327755445451996
"('amelia', 'calliope', 'inanis', 'kiara', 'irys', 'sana', 'ouro', 'mumei', 'hakos')",731,2.2778972297528903
"('amelia', 'calliope', 'inanis', 'kiara', 'irys', 'ceres', 'ouro', 'mumei', 'hakos')",1104,3.440216883238291
"('amelia', 'calliope', 'inanis', 'kiara', 'sana', 'ceres', 'ouro', 'mumei', 'hakos')",802,2.4991430619176715
"('amelia', 'calliope', 'inanis', 'irys', 'sana', 'ceres', 'ouro', 'mumei', 'hakos')",768,2.393194353557072
"('amelia', 'calliope', 'kiara', 'irys', 'sana', 'ceres', 'ouro', 'mumei', 'hakos')",744,2.3184070300084136
"('amelia', 'gura', 'inanis', 'kiara', 'irys', 'sana', 'ceres', 'ouro', 'mumei')",754,2.3495684148203546
"('amelia', 'gura', 'inanis', 'kiara', 'irys', 'sana', 'ceres', 'ouro', 'hakos')",813,2.5334205852108065
"('amelia', 'gura', 'inanis', 'kiara', 'irys', 'sana', 'ceres', 'mumei', 'hakos')",806,2.511607615842448
"('amelia', 'gura', 'inanis', 'kiara', 'irys', 'sana', 'ouro', 'mumei', 'hakos')",782,2.4368202922937896
"('amelia', 'gura', 'inanis', 'kiara', 'irys', 'ceres', 'ouro', 'mumei', 'hakos')",1224,3.8141535009815835
"('amelia', 'gura', 'inanis', 'kiara', 'sana', 'ceres', 'ouro', 'mumei', 'hakos')",874,2.723505032563647
"('amelia', 'gura', 'inanis', 'irys', 'sana', 'ceres', 'ouro', 'mumei', 'hakos')",844,2.630020878127824
"('amelia', 'gura', 'kiara', 'irys', 'sana', 'ceres', 'ouro', 'mumei', 'hakos')",800,2.492910784955283
"('amelia', 'inanis', 'kiara', 'irys', 'sana', 'ceres', 'ouro', 'mumei', 'hakos')",781,2.433704153812595
"('amelia', 'calliope', 'gura', 'inanis', 'kiara', 'irys', 'sana', 'ceres', 'ouro', 'mumei')",661,2.059767536069303
"('amelia', 'calliope', 'gura', 'inanis', 'kiara', 'irys', 'sana', 'ceres', 'ouro', 'hakos')",713,2.2218067370913963
"('amelia', 'calliope', 'gura', 'inanis', 'kiara', 'irys', 'sana', 'ceres', 'mumei', 'hakos')",706,2.1999937677230377
"('amelia', 'calliope', 'gura', 'inanis', 'kiara', 'irys', 'sana', 'ouro', 'mumei', 'hakos')",693,2.1594839674675144
"('amelia', 'calliope', 'gura', 'inanis', 'kiara', 'irys', 'ceres', 'ouro', 'mumei', 'hakos')",1043,3.2501324358854506
"('amelia', 'calliope', 'gura', 'inanis', 'kiara', 'sana', 'ceres', 'ouro', 'mumei', 'hakos')",761,2.3713813841887132
"('amelia', 'calliope', 'gura', 'inanis', 'irys', 'sana', 'ceres', 'ouro', 'mumei', 'hakos')",728,2.268548814309308
"('amelia', 'calliope', 'gura', 'kiara', 'irys', 'sana', 'ceres', 'ouro', 'mumei', 'hakos')",704,2.1937614907606493
"('amelia', 'calliope', 'inanis', 'kiara', 'irys', 'sana', 'ceres', 'ouro', 'mumei', 'hakos')",690,2.150135552023932
"('amelia', 'gura', 'inanis', 'kiara', 'irys', 'sana', 'ceres', 'ouro', 'mumei', 'hakos')",737,2.296594060640055
"('amelia', 'calliope', 'gura', 'inanis', 'kiara', 'irys', 'sana', 'ceres', 'ouro', 'mumei', 'hakos')",656,2.0441868436633324
