intersection,count,ratio
"('calliope',)",28881,100.0
"('amelia', 'calliope')",8065,27.924933347183266
"('calliope', 'gura')",8585,29.725425019909284
"('calliope', 'inanis')",7733,26.77538866382743
"('calliope', 'kiara')",6966,24.11966344655656
"('calliope', 'irys')",5633,19.504172293203144
"('calliope', 'sana')",2937,10.169315466915965
"('calliope', 'ceres')",6223,21.54703784494997
"('calliope', 'ouro')",7224,25.012984314947545
"('calliope', 'mumei')",5404,18.711263460406496
"('calliope', 'hakos')",7561,26.17984141823344
"('amelia', 'calliope', 'gura')",5196,17.99106679131609
"('amelia', 'calliope', 'inanis')",4684,16.218274990478168
"('amelia', 'calliope', 'kiara')",4102,14.203109310619439
"('amelia', 'calliope', 'irys')",3461,11.983657075586025
"('amelia', 'calliope', 'sana')",2048,7.091167203351685
"('amelia', 'calliope', 'ceres')",3968,13.739136456493888
"('amelia', 'calliope', 'ouro')",4373,15.141442470828572
"('amelia', 'calliope', 'mumei')",3614,12.513417125445795
"('amelia', 'calliope', 'hakos')",4553,15.764689588310654
"('calliope', 'gura', 'inanis')",4804,16.633773068799556
"('calliope', 'gura', 'kiara')",4085,14.144247082857241
"('calliope', 'gura', 'irys')",3553,12.30220560229909
"('calliope', 'gura', 'sana')",2062,7.139641979155846
"('calliope', 'gura', 'ceres')",4140,14.334683702087878
"('calliope', 'gura', 'ouro')",4591,15.896263979779093
"('calliope', 'gura', 'mumei')",3871,13.403275509850769
"('calliope', 'gura', 'hakos')",4868,16.855372043904296
"('calliope', 'inanis', 'kiara')",4067,14.081922371109034
"('calliope', 'inanis', 'irys')",3338,11.557771545306602
"('calliope', 'inanis', 'sana')",1998,6.918043004051107
"('calliope', 'inanis', 'ceres')",3990,13.815311104186142
"('calliope', 'inanis', 'ouro')",4008,13.87763581593435
"('calliope', 'inanis', 'mumei')",3506,12.139468854956545
"('calliope', 'inanis', 'hakos')",4323,14.968318271527995
"('calliope', 'kiara', 'irys')",3052,10.567501125307295
"('calliope', 'kiara', 'sana')",1949,6.74838128873654
"('calliope', 'kiara', 'ceres')",3500,12.118693951040477
"('calliope', 'kiara', 'ouro')",3650,12.638066548942211
"('calliope', 'kiara', 'mumei')",3079,10.660988192929608
"('calliope', 'kiara', 'hakos')",4081,14.130397146913195
"('calliope', 'irys', 'sana')",1636,5.66462380111492
"('calliope', 'irys', 'ceres')",3040,10.525951317475158
"('calliope', 'irys', 'ouro')",3411,11.810532876285446
"('calliope', 'irys', 'mumei')",2700,9.348706762231226
"('calliope', 'irys', 'hakos')",3710,12.845815588102905
"('calliope', 'sana', 'ceres')",1892,6.551019701533881
"('calliope', 'sana', 'ouro')",1974,6.8349433883868285
"('calliope', 'sana', 'mumei')",1702,5.893147744191683
"('calliope', 'sana', 'hakos')",2152,7.451265537896886
"('calliope', 'ceres', 'ouro')",3852,13.337488314116547
"('calliope', 'ceres', 'mumei')",3379,11.699733388733078
"('calliope', 'ceres', 'hakos')",3969,13.7425989404799
"('calliope', 'ouro', 'mumei')",3533,12.232955922578858
"('calliope', 'ouro', 'hakos')",4459,15.439216093625566
"('calliope', 'mumei', 'hakos')",3709,12.842353104116894
"('amelia', 'calliope', 'gura', 'inanis')",3617,12.52380457740383
"('amelia', 'calliope', 'gura', 'kiara')",3116,10.789100100412035
"('amelia', 'calliope', 'gura', 'irys')",2699,9.345244278245213
"('amelia', 'calliope', 'gura', 'sana')",1681,5.820435580485441
"('amelia', 'calliope', 'gura', 'ceres')",3163,10.951836847754578
"('amelia', 'calliope', 'gura', 'ouro')",3419,11.83823274817354
"('amelia', 'calliope', 'gura', 'mumei')",2998,10.38052699006267
"('amelia', 'calliope', 'gura', 'hakos')",3578,12.388767701949378
"('amelia', 'calliope', 'inanis', 'kiara')",2994,10.366677054118625
"('amelia', 'calliope', 'inanis', 'irys')",2533,8.770471936567294
"('amelia', 'calliope', 'inanis', 'sana')",1602,5.546899345590527
"('amelia', 'calliope', 'inanis', 'ceres')",3006,10.408226861950762
"('amelia', 'calliope', 'inanis', 'ouro')",3035,10.508638897545099
"('amelia', 'calliope', 'inanis', 'mumei')",2721,9.421418925937468
"('amelia', 'calliope', 'inanis', 'hakos')",3235,11.201135694747412
"('amelia', 'calliope', 'kiara', 'irys')",2311,8.001800491672725
"('amelia', 'calliope', 'kiara', 'sana')",1554,5.3807001142619715
"('amelia', 'calliope', 'kiara', 'ceres')",2668,9.237907274678854
"('amelia', 'calliope', 'kiara', 'ouro')",2761,9.55991828537793
"('amelia', 'calliope', 'kiara', 'mumei')",2427,8.403448634050067
"('amelia', 'calliope', 'kiara', 'hakos')",3013,10.432464249852845
"('amelia', 'calliope', 'irys', 'sana')",1319,4.567016377549254
"('amelia', 'calliope', 'irys', 'ceres')",2321,8.036425331532842
"('amelia', 'calliope', 'irys', 'ouro')",2540,8.794709324469373
"('amelia', 'calliope', 'irys', 'mumei')",2162,7.485890377757003
"('amelia', 'calliope', 'irys', 'hakos')",2682,9.286382050483017
"('amelia', 'calliope', 'sana', 'ceres')",1517,5.252588206779544
"('amelia', 'calliope', 'sana', 'ouro')",1559,5.39801253419203
"('amelia', 'calliope', 'sana', 'mumei')",1413,4.892489872234341
"('amelia', 'calliope', 'sana', 'hakos')",1674,5.796198192583359
"('amelia', 'calliope', 'ceres', 'ouro')",2887,9.996191267615387
"('amelia', 'calliope', 'ceres', 'mumei')",2607,9.026695751532149
"('amelia', 'calliope', 'ceres', 'hakos')",2977,10.307814826356427
"('amelia', 'calliope', 'ouro', 'mumei')",2712,9.390256570063363
"('amelia', 'calliope', 'ouro', 'hakos')",3232,11.190748242789377
"('amelia', 'calliope', 'mumei', 'hakos')",2861,9.906166683979087
"('calliope', 'gura', 'inanis', 'kiara')",2982,10.325127246286486
"('calliope', 'gura', 'inanis', 'irys')",2569,8.89512136006371
"('calliope', 'gura', 'inanis', 'sana')",1620,5.609224057338735
"('calliope', 'gura', 'inanis', 'ceres')",3101,10.737162840621863
"('calliope', 'gura', 'inanis', 'ouro')",3170,10.976074235656661
"('calliope', 'gura', 'inanis', 'mumei')",2875,9.954641459783248
"('calliope', 'gura', 'inanis', 'hakos')",3377,11.692808420761054
"('calliope', 'gura', 'kiara', 'irys')",2296,7.949863231882552
"('calliope', 'gura', 'kiara', 'sana')",1529,5.294138014611683
"('calliope', 'gura', 'kiara', 'ceres')",2682,9.286382050483017
"('calliope', 'gura', 'kiara', 'ouro')",2774,9.60493057719608
"('calliope', 'gura', 'kiara', 'mumei')",2498,8.649284997056888
"('calliope', 'gura', 'kiara', 'hakos')",3056,10.581351061251342
"('calliope', 'gura', 'irys', 'sana')",1330,4.6051037013953815
"('calliope', 'gura', 'irys', 'ceres')",2408,8.337661438315848
"('calliope', 'gura', 'irys', 'ouro')",2613,9.047470655448219
"('calliope', 'gura', 'irys', 'mumei')",2254,7.804438904470066
"('calliope', 'gura', 'irys', 'hakos')",2807,9.719192548734462
"('calliope', 'gura', 'sana', 'ceres')",1561,5.404937502164053
"('calliope', 'gura', 'sana', 'ouro')",1603,5.550361829576538
"('calliope', 'gura', 'sana', 'mumei')",1463,5.065614071534919
"('calliope', 'gura', 'sana', 'hakos')",1720,5.9554724559398915
"('calliope', 'gura', 'ceres', 'ouro')",3015,10.439389217824868
"('calliope', 'gura', 'ceres', 'mumei')",2772,9.598005609224057
"('calliope', 'gura', 'ceres', 'hakos')",3132,10.84449984418822
"('calliope', 'gura', 'ouro', 'mumei')",2874,9.951178975797237
"('calliope', 'gura', 'ouro', 'hakos')",3449,11.942107267753887
"('calliope', 'gura', 'mumei', 'hakos')",3043,10.536338769433192
"('calliope', 'inanis', 'kiara', 'irys')",2228,7.714414320833766
"('calliope', 'inanis', 'kiara', 'sana')",1529,5.294138014611683
"('calliope', 'inanis', 'kiara', 'ceres')",2695,9.331394342301166
"('calliope', 'inanis', 'kiara', 'ouro')",2607,9.026695751532149
"('calliope', 'inanis', 'kiara', 'mumei')",2395,8.292649146497698
"('calliope', 'inanis', 'kiara', 'hakos')",2880,9.971953879713306
"('calliope', 'inanis', 'irys', 'sana')",1297,4.490841729856999
"('calliope', 'inanis', 'irys', 'ceres')",2345,8.11952494719712
"('calliope', 'inanis', 'irys', 'ouro')",2387,8.264949274609606
"('calliope', 'inanis', 'irys', 'mumei')",2093,7.246978982722204
"('calliope', 'inanis', 'irys', 'hakos')",2612,9.044008171462208
"('calliope', 'inanis', 'sana', 'ceres')",1521,5.266438142723589
"('calliope', 'inanis', 'sana', 'ouro')",1489,5.15563865517122
"('calliope', 'inanis', 'sana', 'mumei')",1385,4.795540320626017
"('calliope', 'inanis', 'sana', 'hakos')",1634,5.657698833142897
"('calliope', 'inanis', 'ceres', 'ouro')",2817,9.753817388594578
"('calliope', 'inanis', 'ceres', 'mumei')",2620,9.071708043350299
"('calliope', 'inanis', 'ceres', 'hakos')",2954,10.22817769467816
"('calliope', 'inanis', 'ouro', 'mumei')",2574,8.912433779993767
"('calliope', 'inanis', 'ouro', 'hakos')",3041,10.529413801461168
"('calliope', 'inanis', 'mumei', 'hakos')",2773,9.60146809321007
"('calliope', 'kiara', 'irys', 'sana')",1280,4.431979502094803
"('calliope', 'kiara', 'irys', 'ceres')",2113,7.316228662442437
"('calliope', 'kiara', 'irys', 'ouro')",2214,7.665939545029604
"('calliope', 'kiara', 'irys', 'mumei')",1893,6.554482185519891
"('calliope', 'kiara', 'irys', 'hakos')",2431,8.417298569994113
"('calliope', 'kiara', 'sana', 'ceres')",1458,5.048301651604861
"('calliope', 'kiara', 'sana', 'ouro')",1454,5.034451715660815
"('calliope', 'kiara', 'sana', 'mumei')",1327,4.594716249437346
"('calliope', 'kiara', 'sana', 'hakos')",1624,5.623073993282781
"('calliope', 'kiara', 'ceres', 'ouro')",2497,8.645822513070877
"('calliope', 'kiara', 'ceres', 'mumei')",2314,8.01218794363076
"('calliope', 'kiara', 'ceres', 'hakos')",2697,9.338319310273189
"('calliope', 'kiara', 'ouro', 'mumei')",2318,8.026037879574806
"('calliope', 'kiara', 'ouro', 'hakos')",2860,9.902704199993074
"('calliope', 'kiara', 'mumei', 'hakos')",2514,8.704684740833073
"('calliope', 'irys', 'sana', 'ceres')",1273,4.407742114192722
"('calliope', 'irys', 'sana', 'ouro')",1331,4.608566185381393
"('calliope', 'irys', 'sana', 'mumei')",1179,4.0822686195076345
"('calliope', 'irys', 'sana', 'hakos')",1453,5.030989231674803
"('calliope', 'irys', 'ceres', 'ouro')",2342,8.109137495239084
"('calliope', 'irys', 'ceres', 'mumei')",2071,7.170804335029951
"('calliope', 'irys', 'ceres', 'hakos')",2483,8.597347737266716
"('calliope', 'irys', 'ouro', 'mumei')",2153,7.454728021882899
"('calliope', 'irys', 'ouro', 'hakos')",2711,9.386794086077352
"('calliope', 'irys', 'mumei', 'hakos')",2286,7.915238392022437
"('calliope', 'sana', 'ceres', 'ouro')",1510,5.228350818877463
"('calliope', 'sana', 'ceres', 'mumei')",1401,4.850940064402202
"('calliope', 'sana', 'ceres', 'hakos')",1599,5.5365118936324915
"('calliope', 'sana', 'ouro', 'mumei')",1397,4.837090128458156
"('calliope', 'sana', 'ouro', 'hakos')",1684,5.830823032443475
"('calliope', 'sana', 'mumei', 'hakos')",1488,5.152176171185208
"('calliope', 'ceres', 'ouro', 'mumei')",2598,8.995533395658045
"('calliope', 'ceres', 'ouro', 'hakos')",2971,10.287039922440359
"('calliope', 'ceres', 'mumei', 'hakos')",2706,9.369481666147294
"('calliope', 'ouro', 'mumei', 'hakos')",2846,9.854229424188913
"('amelia', 'calliope', 'gura', 'inanis', 'kiara')",2475,8.569647865378622
"('amelia', 'calliope', 'gura', 'inanis', 'irys')",2133,7.385478342162667
"('amelia', 'calliope', 'gura', 'inanis', 'sana')",1387,4.80246528859804
"('amelia', 'calliope', 'gura', 'inanis', 'ceres')",2563,8.87434645614764
"('amelia', 'calliope', 'gura', 'inanis', 'ouro')",2596,8.988608427686023
"('amelia', 'calliope', 'gura', 'inanis', 'mumei')",2399,8.306499082441745
"('amelia', 'calliope', 'gura', 'inanis', 'hakos')",2754,9.53568089747585
"('amelia', 'calliope', 'gura', 'kiara', 'irys')",1934,6.696444028946366
"('amelia', 'calliope', 'gura', 'kiara', 'sana')",1324,4.584328797479312
"('amelia', 'calliope', 'gura', 'kiara', 'ceres')",2248,7.783664000553997
"('amelia', 'calliope', 'gura', 'kiara', 'ouro')",2315,8.015650427616771
"('amelia', 'calliope', 'gura', 'kiara', 'mumei')",2116,7.326616114400471
"('amelia', 'calliope', 'gura', 'kiara', 'hakos')",2508,8.683909836917005
"('amelia', 'calliope', 'gura', 'irys', 'sana')",1156,4.002631487829369
"('amelia', 'calliope', 'gura', 'irys', 'ceres')",1998,6.918043004051107
"('amelia', 'calliope', 'gura', 'irys', 'ouro')",2138,7.402790762092726
"('amelia', 'calliope', 'gura', 'irys', 'mumei')",1909,6.609881929296077
"('amelia', 'calliope', 'gura', 'irys', 'hakos')",2260,7.8252138083861364
"('amelia', 'calliope', 'gura', 'sana', 'ceres')",1339,4.636266057269485
"('amelia', 'calliope', 'gura', 'sana', 'ouro')",1357,4.698590769017693
"('amelia', 'calliope', 'gura', 'sana', 'mumei')",1268,4.3904296942626635
"('amelia', 'calliope', 'gura', 'sana', 'hakos')",1454,5.034451715660815
"('amelia', 'calliope', 'gura', 'ceres', 'ouro')",2465,8.535023025518507
"('amelia', 'calliope', 'gura', 'ceres', 'mumei')",2286,7.915238392022437
"('amelia', 'calliope', 'gura', 'ceres', 'hakos')",2557,8.853571552231571
"('amelia', 'calliope', 'gura', 'ouro', 'mumei')",2361,8.174924690973304
"('amelia', 'calliope', 'gura', 'ouro', 'hakos')",2749,9.518368477545792
"('amelia', 'calliope', 'gura', 'mumei', 'hakos')",2500,8.656209965028912
"('amelia', 'calliope', 'inanis', 'kiara', 'irys')",1860,6.440220213981511
"('amelia', 'calliope', 'inanis', 'kiara', 'sana')",1302,4.508154149787058
"('amelia', 'calliope', 'inanis', 'kiara', 'ceres')",2194,7.596689865309372
"('amelia', 'calliope', 'inanis', 'kiara', 'ouro')",2174,7.527440185589142
"('amelia', 'calliope', 'inanis', 'kiara', 'mumei')",2004,6.938817907967175
"('amelia', 'calliope', 'inanis', 'kiara', 'hakos')",2371,8.209549530833419
"('amelia', 'calliope', 'inanis', 'irys', 'sana')",1124,3.8918320002769984
"('amelia', 'calliope', 'inanis', 'irys', 'ceres')",1931,6.6860565769883324
"('amelia', 'calliope', 'inanis', 'irys', 'ouro')",1964,6.800318548526713
"('amelia', 'calliope', 'inanis', 'irys', 'mumei')",1780,6.1632214951005855
"('amelia', 'calliope', 'inanis', 'irys', 'hakos')",2121,7.343928534330529
"('amelia', 'calliope', 'inanis', 'sana', 'ceres')",1294,4.480454277898964
"('amelia', 'calliope', 'inanis', 'sana', 'ouro')",1273,4.407742114192722
"('amelia', 'calliope', 'inanis', 'sana', 'mumei')",1203,4.165368235171912
"('amelia', 'calliope', 'inanis', 'sana', 'hakos')",1376,4.7643779647519136
"('amelia', 'calliope', 'inanis', 'ceres', 'ouro')",2312,8.005262975658738
"('amelia', 'calliope', 'inanis', 'ceres', 'mumei')",2172,7.520515217617119
"('amelia', 'calliope', 'inanis', 'ceres', 'hakos')",2424,8.393061182092033
"('amelia', 'calliope', 'inanis', 'ouro', 'mumei')",2148,7.43741560195284
"('amelia', 'calliope', 'inanis', 'ouro', 'hakos')",2476,8.573110349364633
"('amelia', 'calliope', 'inanis', 'mumei', 'hakos')",2309,7.994875523700704
"('amelia', 'calliope', 'kiara', 'irys', 'sana')",1104,3.8225823205567675
"('amelia', 'calliope', 'kiara', 'irys', 'ceres')",1768,6.121671687268447
"('amelia', 'calliope', 'kiara', 'irys', 'ouro')",1846,6.391745438177349
"('amelia', 'calliope', 'kiara', 'irys', 'mumei')",1644,5.6923236730030125
"('amelia', 'calliope', 'kiara', 'irys', 'hakos')",1990,6.890343132163014
"('amelia', 'calliope', 'kiara', 'sana', 'ceres')",1245,4.310792562584398
"('amelia', 'calliope', 'kiara', 'sana', 'ouro')",1238,4.2865551746823165
"('amelia', 'calliope', 'kiara', 'sana', 'mumei')",1167,4.040718811675497
"('amelia', 'calliope', 'kiara', 'sana', 'hakos')",1362,4.715903188947751
"('amelia', 'calliope', 'kiara', 'ceres', 'ouro')",2082,7.208891658876078
"('amelia', 'calliope', 'kiara', 'ceres', 'mumei')",1937,6.7068314809044
"('amelia', 'calliope', 'kiara', 'ceres', 'hakos')",2228,7.714414320833766
"('amelia', 'calliope', 'kiara', 'ouro', 'mumei')",1962,6.79339358055469
"('amelia', 'calliope', 'kiara', 'ouro', 'hakos')",2329,8.064125203420934
"('amelia', 'calliope', 'kiara', 'mumei', 'hakos')",2110,7.3058412104844015
"('amelia', 'calliope', 'irys', 'sana', 'ceres')",1092,3.7810325127246287
"('amelia', 'calliope', 'irys', 'sana', 'ouro')",1132,3.9195318721650914
"('amelia', 'calliope', 'irys', 'sana', 'mumei')",1038,3.594058377480004
"('amelia', 'calliope', 'irys', 'sana', 'hakos')",1215,4.206918043004051
"('amelia', 'calliope', 'irys', 'ceres', 'ouro')",1922,6.654894221114227
"('amelia', 'calliope', 'irys', 'ceres', 'mumei')",1752,6.066271943492262
"('amelia', 'calliope', 'irys', 'ceres', 'hakos')",2019,6.990755167757349
"('amelia', 'calliope', 'irys', 'ouro', 'mumei')",1818,6.294795886569024
"('amelia', 'calliope', 'irys', 'ouro', 'hakos')",2156,7.4651154738409335
"('amelia', 'calliope', 'irys', 'mumei', 'hakos')",1926,6.668744157058273
"('amelia', 'calliope', 'sana', 'ceres', 'ouro')",1267,4.386967210276652
"('amelia', 'calliope', 'sana', 'ceres', 'mumei')",1211,4.1930681070600055
"('amelia', 'calliope', 'sana', 'ceres', 'hakos')",1344,4.6535784771995425
"('amelia', 'calliope', 'sana', 'ouro', 'mumei')",1196,4.141130847269832
"('amelia', 'calliope', 'sana', 'ouro', 'hakos')",1383,4.788615352653994
"('amelia', 'calliope', 'sana', 'mumei', 'hakos')",1279,4.428517018108791
"('amelia', 'calliope', 'ceres', 'ouro', 'mumei')",2135,7.39240331013469
"('amelia', 'calliope', 'ceres', 'ouro', 'hakos')",2394,8.289186662511685
"('amelia', 'calliope', 'ceres', 'mumei', 'hakos')",2231,7.724801772791801
"('amelia', 'calliope', 'ouro', 'mumei', 'hakos')",2321,8.036425331532842
"('calliope', 'gura', 'inanis', 'kiara', 'irys')",1846,6.391745438177349
"('calliope', 'gura', 'inanis', 'kiara', 'sana')",1290,4.466604341954918
"('calliope', 'gura', 'inanis', 'kiara', 'ceres')",2218,7.679789480973651
"('calliope', 'gura', 'inanis', 'kiara', 'ouro')",2191,7.586302413351338
"('calliope', 'gura', 'inanis', 'kiara', 'mumei')",2058,7.1257920432118
"('calliope', 'gura', 'inanis', 'kiara', 'hakos')",2380,8.240711886707524
"('calliope', 'gura', 'inanis', 'irys', 'sana')",1126,3.8987569682490215
"('calliope', 'gura', 'inanis', 'irys', 'ceres')",1989,6.8868806481770015
"('calliope', 'gura', 'inanis', 'irys', 'ouro')",2021,6.9976801357293725
"('calliope', 'gura', 'inanis', 'irys', 'mumei')",1835,6.353658114331222
"('calliope', 'gura', 'inanis', 'irys', 'hakos')",2171,7.517052733631107
"('calliope', 'gura', 'inanis', 'sana', 'ceres')",1328,4.598178733423358
"('calliope', 'gura', 'inanis', 'sana', 'ouro')",1310,4.535854021675149
"('calliope', 'gura', 'inanis', 'sana', 'mumei')",1249,4.324642498528444
"('calliope', 'gura', 'inanis', 'sana', 'hakos')",1407,4.871714968318272
"('calliope', 'gura', 'inanis', 'ceres', 'ouro')",2410,8.34458640628787
"('calliope', 'gura', 'inanis', 'ceres', 'mumei')",2277,7.884076036148333
"('calliope', 'gura', 'inanis', 'ceres', 'hakos')",2516,8.711609708805097
"('calliope', 'gura', 'inanis', 'ouro', 'mumei')",2258,7.818288840414113
"('calliope', 'gura', 'inanis', 'ouro', 'hakos')",2605,9.019770783560126
"('calliope', 'gura', 'inanis', 'mumei', 'hakos')",2421,8.382673730133998
"('calliope', 'gura', 'kiara', 'irys', 'sana')",1094,3.787957480696652
"('calliope', 'gura', 'kiara', 'irys', 'ceres')",1784,6.177071431044631
"('calliope', 'gura', 'kiara', 'irys', 'ouro')",1844,6.384820470205326
"('calliope', 'gura', 'kiara', 'irys', 'mumei')",1666,5.768498320695267
"('calliope', 'gura', 'kiara', 'irys', 'hakos')",1992,6.8972681001350375
"('calliope', 'gura', 'kiara', 'sana', 'ceres')",1247,4.317717530556421
"('calliope', 'gura', 'kiara', 'sana', 'ouro')",1233,4.269242754752259
"('calliope', 'gura', 'kiara', 'sana', 'mumei')",1163,4.02686887573145
"('calliope', 'gura', 'kiara', 'sana', 'hakos')",1362,4.715903188947751
"('calliope', 'gura', 'kiara', 'ceres', 'ouro')",2110,7.3058412104844015
"('calliope', 'gura', 'kiara', 'ceres', 'mumei')",1995,6.907655552093071
"('calliope', 'gura', 'kiara', 'ceres', 'hakos')",2251,7.794051452512033
"('calliope', 'gura', 'kiara', 'ouro', 'mumei')",2014,6.973442747827291
"('calliope', 'gura', 'kiara', 'ouro', 'hakos')",2373,8.216474498805443
"('calliope', 'gura', 'kiara', 'mumei', 'hakos')",2164,7.492815345729026
"('calliope', 'gura', 'irys', 'sana', 'ceres')",1113,3.8537446764308716
"('calliope', 'gura', 'irys', 'sana', 'ouro')",1146,3.968006647969253
"('calliope', 'gura', 'irys', 'sana', 'mumei')",1061,3.67369550915827
"('calliope', 'gura', 'irys', 'sana', 'hakos')",1232,4.265780270766248
"('calliope', 'gura', 'irys', 'ceres', 'ouro')",1978,6.848793324330875
"('calliope', 'gura', 'irys', 'ceres', 'mumei')",1823,6.312108306499082
"('calliope', 'gura', 'irys', 'ceres', 'hakos')",2098,7.264291402652264
"('calliope', 'gura', 'irys', 'ouro', 'mumei')",1875,6.492157473771684
"('calliope', 'gura', 'irys', 'ouro', 'hakos')",2237,7.74557667670787
"('calliope', 'gura', 'irys', 'mumei', 'hakos')",1993,6.900730584121048
"('calliope', 'gura', 'sana', 'ceres', 'ouro')",1305,4.518541601745092
"('calliope', 'gura', 'sana', 'ceres', 'mumei')",1253,4.3384924344724904
"('calliope', 'gura', 'sana', 'ceres', 'hakos')",1387,4.80246528859804
"('calliope', 'gura', 'sana', 'ouro', 'mumei')",1251,4.331567466500467
"('calliope', 'gura', 'sana', 'ouro', 'hakos')",1438,4.97905197188463
"('calliope', 'gura', 'sana', 'mumei', 'hakos')",1322,4.577403829507289
"('calliope', 'gura', 'ceres', 'ouro', 'mumei')",2252,7.797513936498043
"('calliope', 'gura', 'ceres', 'ouro', 'hakos')",2515,8.708147224819085
"('calliope', 'gura', 'ceres', 'mumei', 'hakos')",2354,8.150687303071223
"('calliope', 'gura', 'ouro', 'mumei', 'hakos')",2459,8.514248121602437
"('calliope', 'inanis', 'kiara', 'irys', 'sana')",1087,3.763720092794571
"('calliope', 'inanis', 'kiara', 'irys', 'ceres')",1770,6.12859665524047
"('calliope', 'inanis', 'kiara', 'irys', 'ouro')",1745,6.04203455559018
"('calliope', 'inanis', 'kiara', 'irys', 'mumei')",1594,5.519199473702434
"('calliope', 'inanis', 'kiara', 'irys', 'hakos')",1909,6.609881929296077
"('calliope', 'inanis', 'kiara', 'sana', 'ceres')",1246,4.31425504657041
"('calliope', 'inanis', 'kiara', 'sana', 'ouro')",1201,4.158443267199889
"('calliope', 'inanis', 'kiara', 'sana', 'mumei')",1145,3.9645441639832413
"('calliope', 'inanis', 'kiara', 'sana', 'hakos')",1335,4.622416121325439
"('calliope', 'inanis', 'kiara', 'ceres', 'ouro')",2048,7.091167203351685
"('calliope', 'inanis', 'kiara', 'ceres', 'mumei')",1961,6.7899310965686785
"('calliope', 'inanis', 'kiara', 'ceres', 'hakos')",2204,7.631314705169488
"('calliope', 'inanis', 'kiara', 'ouro', 'mumei')",1884,6.5233198296457875
"('calliope', 'inanis', 'kiara', 'ouro', 'hakos')",2196,7.603614833281395
"('calliope', 'inanis', 'kiara', 'mumei', 'hakos')",2060,7.132717011183823
"('calliope', 'inanis', 'irys', 'sana', 'ceres')",1098,3.8018074166406977
"('calliope', 'inanis', 'irys', 'sana', 'ouro')",1094,3.787957480696652
"('calliope', 'inanis', 'irys', 'sana', 'mumei')",1025,3.549046085661854
"('calliope', 'inanis', 'irys', 'sana', 'hakos')",1195,4.13766836328382
"('calliope', 'inanis', 'irys', 'ceres', 'ouro')",1900,6.578719573421973
"('calliope', 'inanis', 'irys', 'ceres', 'mumei')",1749,6.0558844915342265
"('calliope', 'inanis', 'irys', 'ceres', 'hakos')",2030,7.028842491603476
"('calliope', 'inanis', 'irys', 'ouro', 'mumei')",1740,6.024722135660123
"('calliope', 'inanis', 'irys', 'ouro', 'hakos')",2063,7.143104463141858
"('calliope', 'inanis', 'irys', 'mumei', 'hakos')",1867,6.464457601883591
"('calliope', 'inanis', 'sana', 'ceres', 'ouro')",1247,4.317717530556421
"('calliope', 'inanis', 'sana', 'ceres', 'mumei')",1205,4.172293203143935
"('calliope', 'inanis', 'sana', 'ceres', 'hakos')",1340,4.639728541255496
"('calliope', 'inanis', 'sana', 'ouro', 'mumei')",1167,4.040718811675497
"('calliope', 'inanis', 'sana', 'ouro', 'hakos')",1342,4.646653509227519
"('calliope', 'inanis', 'sana', 'mumei', 'hakos')",1252,4.335029950486479
"('calliope', 'inanis', 'ceres', 'ouro', 'mumei')",2101,7.274678854610298
"('calliope', 'inanis', 'ceres', 'ouro', 'hakos')",2350,8.136837367127177
"('calliope', 'inanis', 'ceres', 'mumei', 'hakos')",2236,7.742114192721859
"('calliope', 'inanis', 'ouro', 'mumei', 'hakos')",2233,7.731726740763824
"('calliope', 'kiara', 'irys', 'sana', 'ceres')",1054,3.649458121256189
"('calliope', 'kiara', 'irys', 'sana', 'ouro')",1071,3.7083203490183863
"('calliope', 'kiara', 'irys', 'sana', 'mumei')",986,3.4140092102074027
"('calliope', 'kiara', 'irys', 'sana', 'hakos')",1180,4.0857311034936465
"('calliope', 'kiara', 'irys', 'ceres', 'ouro')",1724,5.969322391883938
"('calliope', 'kiara', 'irys', 'ceres', 'mumei')",1590,5.505349537758388
"('calliope', 'kiara', 'irys', 'ceres', 'hakos')",1865,6.457532633911568
"('calliope', 'kiara', 'irys', 'ouro', 'mumei')",1599,5.5365118936324915
"('calliope', 'kiara', 'irys', 'ouro', 'hakos')",1935,6.699906512932377
"('calliope', 'kiara', 'irys', 'mumei', 'hakos')",1722,5.962397423911915
"('calliope', 'kiara', 'sana', 'ceres', 'ouro')",1189,4.116893459367751
"('calliope', 'kiara', 'sana', 'ceres', 'mumei')",1148,3.974931615941276
"('calliope', 'kiara', 'sana', 'ceres', 'hakos')",1298,4.494304213843011
"('calliope', 'kiara', 'sana', 'ouro', 'mumei')",1115,3.8606696444028947
"('calliope', 'kiara', 'sana', 'ouro', 'hakos')",1324,4.584328797479312
"('calliope', 'kiara', 'sana', 'mumei', 'hakos')",1212,4.196530591046017
"('calliope', 'kiara', 'ceres', 'ouro', 'mumei')",1872,6.481770021813649
"('calliope', 'kiara', 'ceres', 'ouro', 'hakos')",2140,7.409715730064749
"('calliope', 'kiara', 'ceres', 'mumei', 'hakos')",2015,6.976905231813303
"('calliope', 'kiara', 'ouro', 'mumei', 'hakos')",2054,7.111942107267753
"('calliope', 'irys', 'sana', 'ceres', 'ouro')",1120,3.877982064332952
"('calliope', 'irys', 'sana', 'ceres', 'mumei')",1042,3.6079083134240504
"('calliope', 'irys', 'sana', 'ceres', 'hakos')",1196,4.141130847269832
"('calliope', 'irys', 'sana', 'ouro', 'mumei')",1050,3.6356081853121425
"('calliope', 'irys', 'sana', 'ouro', 'hakos')",1237,4.283092690696306
"('calliope', 'irys', 'sana', 'mumei', 'hakos')",1116,3.8641321283889063
"('calliope', 'irys', 'ceres', 'ouro', 'mumei')",1758,6.08704684740833
"('calliope', 'irys', 'ceres', 'ouro', 'hakos')",2042,7.070392299435616
"('calliope', 'irys', 'ceres', 'mumei', 'hakos')",1861,6.443682697967522
"('calliope', 'irys', 'ouro', 'mumei', 'hakos')",1919,6.644506769156193
"('calliope', 'sana', 'ceres', 'ouro', 'mumei')",1206,4.175755687129947
"('calliope', 'sana', 'ceres', 'ouro', 'hakos')",1364,4.722828156919774
"('calliope', 'sana', 'ceres', 'mumei', 'hakos')",1282,4.438904470066826
"('calliope', 'sana', 'ouro', 'mumei', 'hakos')",1285,4.449291922024861
"('calliope', 'ceres', 'ouro', 'mumei', 'hakos')",2233,7.731726740763824
"('amelia', 'calliope', 'gura', 'inanis', 'kiara', 'irys')",1626,5.629998961254804
"('amelia', 'calliope', 'gura', 'inanis', 'kiara', 'sana')",1148,3.974931615941276
"('amelia', 'calliope', 'gura', 'inanis', 'kiara', 'ceres')",1925,6.665281673072262
"('amelia', 'calliope', 'gura', 'inanis', 'kiara', 'ouro')",1914,6.6271943492261345
"('amelia', 'calliope', 'gura', 'inanis', 'kiara', 'mumei')",1805,6.249783594750874
"('amelia', 'calliope', 'gura', 'inanis', 'kiara', 'hakos')",2069,7.163879367057928
"('amelia', 'calliope', 'gura', 'inanis', 'irys', 'sana')",1008,3.490183857899657
"('amelia', 'calliope', 'gura', 'inanis', 'irys', 'ceres')",1722,5.962397423911915
"('amelia', 'calliope', 'gura', 'inanis', 'irys', 'ouro')",1745,6.04203455559018
"('amelia', 'calliope', 'gura', 'inanis', 'irys', 'mumei')",1622,5.616149025310758
"('amelia', 'calliope', 'gura', 'inanis', 'irys', 'hakos')",1860,6.440220213981511
"('amelia', 'calliope', 'gura', 'inanis', 'sana', 'ceres')",1170,4.05110626363353
"('amelia', 'calliope', 'gura', 'inanis', 'sana', 'ouro')",1150,3.981856583913299
"('amelia', 'calliope', 'gura', 'inanis', 'sana', 'mumei')",1108,3.8364322565008138
"('amelia', 'calliope', 'gura', 'inanis', 'sana', 'hakos')",1233,4.269242754752259
"('amelia', 'calliope', 'gura', 'inanis', 'ceres', 'ouro')",2061,7.136179495169835
"('amelia', 'calliope', 'gura', 'inanis', 'ceres', 'mumei')",1969,6.817630968456771
"('amelia', 'calliope', 'gura', 'inanis', 'ceres', 'hakos')",2164,7.492815345729026
"('amelia', 'calliope', 'gura', 'inanis', 'ouro', 'mumei')",1950,6.751843772722552
"('amelia', 'calliope', 'gura', 'inanis', 'ouro', 'hakos')",2205,7.634777189155501
"('amelia', 'calliope', 'gura', 'inanis', 'mumei', 'hakos')",2090,7.236591530764171
"('amelia', 'calliope', 'gura', 'kiara', 'irys', 'sana')",988,3.420934178179426
"('amelia', 'calliope', 'gura', 'kiara', 'irys', 'ceres')",1573,5.446487309996191
"('amelia', 'calliope', 'gura', 'kiara', 'irys', 'ouro')",1620,5.609224057338735
"('amelia', 'calliope', 'gura', 'kiara', 'irys', 'mumei')",1492,5.166026107129254
"('amelia', 'calliope', 'gura', 'kiara', 'irys', 'hakos')",1736,6.010872199716076
"('amelia', 'calliope', 'gura', 'kiara', 'sana', 'ceres')",1109,3.8398947404868253
"('amelia', 'calliope', 'gura', 'kiara', 'sana', 'ouro')",1099,3.8052699006267092
"('amelia', 'calliope', 'gura', 'kiara', 'sana', 'mumei')",1054,3.649458121256189
"('amelia', 'calliope', 'gura', 'kiara', 'sana', 'hakos')",1202,4.161905751185901
"('amelia', 'calliope', 'gura', 'kiara', 'ceres', 'ouro')",1844,6.384820470205326
"('amelia', 'calliope', 'gura', 'kiara', 'ceres', 'mumei')",1740,6.024722135660123
"('amelia', 'calliope', 'gura', 'kiara', 'ceres', 'hakos')",1958,6.779543644610643
"('amelia', 'calliope', 'gura', 'kiara', 'ouro', 'mumei')",1763,6.104359267338388
"('amelia', 'calliope', 'gura', 'kiara', 'ouro', 'hakos')",2036,7.049617395519546
"('amelia', 'calliope', 'gura', 'kiara', 'mumei', 'hakos')",1888,6.537169765589834
"('amelia', 'calliope', 'gura', 'irys', 'sana', 'ceres')",993,3.4382465981094836
"('amelia', 'calliope', 'gura', 'irys', 'sana', 'ouro')",1017,3.5213462137737612
"('amelia', 'calliope', 'gura', 'irys', 'sana', 'mumei')",959,3.3205221425850904
"('amelia', 'calliope', 'gura', 'irys', 'sana', 'hakos')",1086,3.7602576088085593
"('amelia', 'calliope', 'gura', 'irys', 'ceres', 'ouro')",1706,5.90699768013573
"('amelia', 'calliope', 'gura', 'irys', 'ceres', 'mumei')",1597,5.529586925660468
"('amelia', 'calliope', 'gura', 'irys', 'ceres', 'hakos')",1802,6.23939614279284
"('amelia', 'calliope', 'gura', 'irys', 'ouro', 'mumei')",1639,5.675011253072954
"('amelia', 'calliope', 'gura', 'irys', 'ouro', 'hakos')",1889,6.540632249575845
"('amelia', 'calliope', 'gura', 'irys', 'mumei', 'hakos')",1732,5.99702226377203
"('amelia', 'calliope', 'gura', 'sana', 'ceres', 'ouro')",1143,3.9576191960112186
"('amelia', 'calliope', 'gura', 'sana', 'ceres', 'mumei')",1112,3.85028219244486
"('amelia', 'calliope', 'gura', 'sana', 'ceres', 'hakos')",1219,4.220767978948097
"('amelia', 'calliope', 'gura', 'sana', 'ouro', 'mumei')",1102,3.815657352584744
"('amelia', 'calliope', 'gura', 'sana', 'ouro', 'hakos')",1240,4.29348014265434
"('amelia', 'calliope', 'gura', 'sana', 'mumei', 'hakos')",1167,4.040718811675497
"('amelia', 'calliope', 'gura', 'ceres', 'ouro', 'mumei')",1923,6.658356705100239
"('amelia', 'calliope', 'gura', 'ceres', 'ouro', 'hakos')",2130,7.375090890204633
"('amelia', 'calliope', 'gura', 'ceres', 'mumei', 'hakos')",2010,6.959592811883245
"('amelia', 'calliope', 'gura', 'ouro', 'mumei', 'hakos')",2086,7.222741594820124
"('amelia', 'calliope', 'inanis', 'kiara', 'irys', 'sana')",977,3.382846854333299
"('amelia', 'calliope', 'inanis', 'kiara', 'irys', 'ceres')",1529,5.294138014611683
"('amelia', 'calliope', 'inanis', 'kiara', 'irys', 'ouro')",1523,5.2733631106956125
"('amelia', 'calliope', 'inanis', 'kiara', 'irys', 'mumei')",1415,4.899414840206364
"('amelia', 'calliope', 'inanis', 'kiara', 'irys', 'hakos')",1658,5.740798448807174
"('amelia', 'calliope', 'inanis', 'kiara', 'sana', 'ceres')",1097,3.798344932654686
"('amelia', 'calliope', 'inanis', 'kiara', 'sana', 'ouro')",1065,3.6875454451023164
"('amelia', 'calliope', 'inanis', 'kiara', 'sana', 'mumei')",1028,3.5594335376198885
"('amelia', 'calliope', 'inanis', 'kiara', 'sana', 'hakos')",1171,4.054568747619542
"('amelia', 'calliope', 'inanis', 'kiara', 'ceres', 'ouro')",1778,6.156296527128562
"('amelia', 'calliope', 'inanis', 'kiara', 'ceres', 'mumei')",1695,5.868910356289602
"('amelia', 'calliope', 'inanis', 'kiara', 'ceres', 'hakos')",1902,6.585644541393997
"('amelia', 'calliope', 'inanis', 'kiara', 'ouro', 'mumei')",1657,5.737335964821163
"('amelia', 'calliope', 'inanis', 'kiara', 'ouro', 'hakos')",1907,6.602956961324054
"('amelia', 'calliope', 'inanis', 'kiara', 'mumei', 'hakos')",1795,6.2151587548907585
"('amelia', 'calliope', 'inanis', 'irys', 'sana', 'ceres')",975,3.375921886361276
"('amelia', 'calliope', 'inanis', 'irys', 'sana', 'ouro')",973,3.3689969183892527
"('amelia', 'calliope', 'inanis', 'irys', 'sana', 'mumei')",926,3.206260171046709
"('amelia', 'calliope', 'inanis', 'irys', 'sana', 'hakos')",1052,3.6425331532841656
"('amelia', 'calliope', 'inanis', 'irys', 'ceres', 'ouro')",1634,5.657698833142897
"('amelia', 'calliope', 'inanis', 'irys', 'ceres', 'mumei')",1535,5.314912918527752
"('amelia', 'calliope', 'inanis', 'irys', 'ceres', 'hakos')",1743,6.035109587618157
"('amelia', 'calliope', 'inanis', 'irys', 'ouro', 'mumei')",1527,5.287213046639659
"('amelia', 'calliope', 'inanis', 'irys', 'ouro', 'hakos')",1759,6.090509331394342
"('amelia', 'calliope', 'inanis', 'irys', 'mumei', 'hakos')",1640,5.678473737058966
"('amelia', 'calliope', 'inanis', 'sana', 'ceres', 'ouro')",1094,3.787957480696652
"('amelia', 'calliope', 'inanis', 'sana', 'ceres', 'mumei')",1071,3.7083203490183863
"('amelia', 'calliope', 'inanis', 'sana', 'ceres', 'hakos')",1171,4.054568747619542
"('amelia', 'calliope', 'inanis', 'sana', 'ouro', 'mumei')",1036,3.587133409507981
"('amelia', 'calliope', 'inanis', 'sana', 'ouro', 'hakos')",1165,4.0337938437034735
"('amelia', 'calliope', 'inanis', 'sana', 'mumei', 'hakos')",1111,3.8468197084588485
"('amelia', 'calliope', 'inanis', 'ceres', 'ouro', 'mumei')",1815,6.28440843461099
"('amelia', 'calliope', 'inanis', 'ceres', 'ouro', 'hakos')",2012,6.966517779855268
"('amelia', 'calliope', 'inanis', 'ceres', 'mumei', 'hakos')",1936,6.703368996918389
"('amelia', 'calliope', 'inanis', 'ouro', 'mumei', 'hakos')",1929,6.679131609016309
"('amelia', 'calliope', 'kiara', 'irys', 'sana', 'ceres')",942,3.2616599148228937
"('amelia', 'calliope', 'kiara', 'irys', 'sana', 'ouro')",956,3.3101346906270557
"('amelia', 'calliope', 'kiara', 'irys', 'sana', 'mumei')",904,3.1300855233544547
"('amelia', 'calliope', 'kiara', 'irys', 'sana', 'hakos')",1039,3.5975208614660157
"('amelia', 'calliope', 'kiara', 'irys', 'ceres', 'ouro')",1508,5.221425850905439
"('amelia', 'calliope', 'kiara', 'irys', 'ceres', 'mumei')",1412,4.889027388248329
"('amelia', 'calliope', 'kiara', 'irys', 'ceres', 'hakos')",1620,5.609224057338735
"('amelia', 'calliope', 'kiara', 'irys', 'ouro', 'mumei')",1433,4.961739551954572
"('amelia', 'calliope', 'kiara', 'irys', 'ouro', 'hakos')",1669,5.778885772653301
"('amelia', 'calliope', 'kiara', 'irys', 'mumei', 'hakos')",1531,5.301062982583706
"('amelia', 'calliope', 'kiara', 'sana', 'ceres', 'ouro')",1050,3.6356081853121425
"('amelia', 'calliope', 'kiara', 'sana', 'ceres', 'mumei')",1029,3.5628960216059
"('amelia', 'calliope', 'kiara', 'sana', 'ceres', 'hakos')",1141,3.9506942280391955
"('amelia', 'calliope', 'kiara', 'sana', 'ouro', 'mumei')",1006,3.483258889927634
"('amelia', 'calliope', 'kiara', 'sana', 'ouro', 'hakos')",1150,3.981856583913299
"('amelia', 'calliope', 'kiara', 'sana', 'mumei', 'hakos')",1087,3.763720092794571
"('amelia', 'calliope', 'kiara', 'ceres', 'ouro', 'mumei')",1641,5.681936221044977
"('amelia', 'calliope', 'kiara', 'ceres', 'ouro', 'hakos')",1849,6.402132890135383
"('amelia', 'calliope', 'kiara', 'ceres', 'mumei', 'hakos')",1753,6.069734427478273
"('amelia', 'calliope', 'kiara', 'ouro', 'mumei', 'hakos')",1790,6.197846334960701
"('amelia', 'calliope', 'irys', 'sana', 'ceres', 'ouro')",983,3.403621758249368
"('amelia', 'calliope', 'irys', 'sana', 'ceres', 'mumei')",934,3.233960042934801
"('amelia', 'calliope', 'irys', 'sana', 'ceres', 'hakos')",1044,3.6148332813960735
"('amelia', 'calliope', 'irys', 'sana', 'ouro', 'mumei')",938,3.2478099788788475
"('amelia', 'calliope', 'irys', 'sana', 'ouro', 'hakos')",1070,3.7048578650323747
"('amelia', 'calliope', 'irys', 'sana', 'mumei', 'hakos')",994,3.441709082095495
"('amelia', 'calliope', 'irys', 'ceres', 'ouro', 'mumei')",1539,5.328762854471798
"('amelia', 'calliope', 'irys', 'ceres', 'ouro', 'hakos')",1736,6.010872199716076
"('amelia', 'calliope', 'irys', 'ceres', 'mumei', 'hakos')",1620,5.609224057338735
"('amelia', 'calliope', 'irys', 'ouro', 'mumei', 'hakos')",1666,5.768498320695267
"('amelia', 'calliope', 'sana', 'ceres', 'ouro', 'mumei')",1060,3.6702330251722586
"('amelia', 'calliope', 'sana', 'ceres', 'ouro', 'hakos')",1172,4.058031231605554
"('amelia', 'calliope', 'sana', 'ceres', 'mumei', 'hakos')",1129,3.9091444202070567
"('amelia', 'calliope', 'sana', 'ouro', 'mumei', 'hakos')",1118,3.8710570963609294
"('amelia', 'calliope', 'ceres', 'ouro', 'mumei', 'hakos')",1909,6.609881929296077
"('calliope', 'gura', 'inanis', 'kiara', 'irys', 'sana')",966,3.3447595304871713
"('calliope', 'gura', 'inanis', 'kiara', 'irys', 'ceres')",1550,5.366850178317925
"('calliope', 'gura', 'inanis', 'kiara', 'irys', 'ouro')",1535,5.314912918527752
"('calliope', 'gura', 'inanis', 'kiara', 'irys', 'mumei')",1434,4.9652020359405835
"('calliope', 'gura', 'inanis', 'kiara', 'irys', 'hakos')",1652,5.720023544891105
"('calliope', 'gura', 'inanis', 'kiara', 'sana', 'ceres')",1104,3.8225823205567675
"('calliope', 'gura', 'inanis', 'kiara', 'sana', 'ouro')",1071,3.7083203490183863
"('calliope', 'gura', 'inanis', 'kiara', 'sana', 'mumei')",1036,3.587133409507981
"('calliope', 'gura', 'inanis', 'kiara', 'sana', 'hakos')",1171,4.054568747619542
"('calliope', 'gura', 'inanis', 'kiara', 'ceres', 'ouro')",1809,6.2636335306949205
"('calliope', 'gura', 'inanis', 'kiara', 'ceres', 'mumei')",1740,6.024722135660123
"('calliope', 'gura', 'inanis', 'kiara', 'ceres', 'hakos')",1919,6.644506769156193
"('calliope', 'gura', 'inanis', 'kiara', 'ouro', 'mumei')",1700,5.88622277621966
"('calliope', 'gura', 'inanis', 'kiara', 'ouro', 'hakos')",1931,6.6860565769883324
"('calliope', 'gura', 'inanis', 'kiara', 'mumei', 'hakos')",1832,6.343270662373186
"('calliope', 'gura', 'inanis', 'irys', 'sana', 'ceres')",989,3.4243966621654374
"('calliope', 'gura', 'inanis', 'irys', 'sana', 'ouro')",987,3.4174716941934142
"('calliope', 'gura', 'inanis', 'irys', 'sana', 'mumei')",944,3.268584882794917
"('calliope', 'gura', 'inanis', 'irys', 'sana', 'hakos')",1057,3.659845573214224
"('calliope', 'gura', 'inanis', 'irys', 'ceres', 'ouro')",1683,5.827360548457464
"('calliope', 'gura', 'inanis', 'irys', 'ceres', 'mumei')",1579,5.46726221391226
"('calliope', 'gura', 'inanis', 'irys', 'ceres', 'hakos')",1785,6.180533915030643
"('calliope', 'gura', 'inanis', 'irys', 'ouro', 'mumei')",1573,5.446487309996191
"('calliope', 'gura', 'inanis', 'irys', 'ouro', 'hakos')",1814,6.280945950624979
"('calliope', 'gura', 'inanis', 'irys', 'mumei', 'hakos')",1678,5.810048128527406
"('calliope', 'gura', 'inanis', 'sana', 'ceres', 'ouro')",1126,3.8987569682490215
"('calliope', 'gura', 'inanis', 'sana', 'ceres', 'mumei')",1110,3.843357224472837
"('calliope', 'gura', 'inanis', 'sana', 'ceres', 'hakos')",1203,4.165368235171912
"('calliope', 'gura', 'inanis', 'sana', 'ouro', 'mumei')",1082,3.746407672864513
"('calliope', 'gura', 'inanis', 'sana', 'ouro', 'hakos')",1207,4.179218171115958
"('calliope', 'gura', 'inanis', 'sana', 'mumei', 'hakos')",1149,3.9783940999272875
"('calliope', 'gura', 'inanis', 'ceres', 'ouro', 'mumei')",1901,6.582182057407985
"('calliope', 'gura', 'inanis', 'ceres', 'ouro', 'hakos')",2100,7.271216370624285
"('calliope', 'gura', 'inanis', 'ceres', 'mumei', 'hakos')",2013,6.96998026384128
"('calliope', 'gura', 'inanis', 'ouro', 'mumei', 'hakos')",2023,7.004605103701396
"('calliope', 'gura', 'kiara', 'irys', 'sana', 'ceres')",944,3.268584882794917
"('calliope', 'gura', 'kiara', 'irys', 'sana', 'ouro')",951,3.2928222706969983
"('calliope', 'gura', 'kiara', 'irys', 'sana', 'mumei')",904,3.1300855233544547
"('calliope', 'gura', 'kiara', 'irys', 'sana', 'hakos')",1036,3.587133409507981
"('calliope', 'gura', 'kiara', 'irys', 'ceres', 'ouro')",1521,5.266438142723589
"('calliope', 'gura', 'kiara', 'irys', 'ceres', 'mumei')",1437,4.975589487898619
"('calliope', 'gura', 'kiara', 'irys', 'ceres', 'hakos')",1626,5.629998961254804
"('calliope', 'gura', 'kiara', 'irys', 'ouro', 'mumei')",1444,4.999826875800699
"('calliope', 'gura', 'kiara', 'irys', 'ouro', 'hakos')",1673,5.792735708597347
"('calliope', 'gura', 'kiara', 'irys', 'mumei', 'hakos')",1541,5.335687822443822
"('calliope', 'gura', 'kiara', 'sana', 'ceres', 'ouro')",1055,3.6529206052422007
"('calliope', 'gura', 'kiara', 'sana', 'ceres', 'mumei')",1037,3.5905958934939926
"('calliope', 'gura', 'kiara', 'sana', 'ceres', 'hakos')",1150,3.981856583913299
"('calliope', 'gura', 'kiara', 'sana', 'ouro', 'mumei')",1015,3.514421245801738
"('calliope', 'gura', 'kiara', 'sana', 'ouro', 'hakos')",1160,4.016481423773415
"('calliope', 'gura', 'kiara', 'sana', 'mumei', 'hakos')",1088,3.7671825767805824
"('calliope', 'gura', 'kiara', 'ceres', 'ouro', 'mumei')",1688,5.8446729683875205
"('calliope', 'gura', 'kiara', 'ceres', 'ouro', 'hakos')",1883,6.519857345659777
"('calliope', 'gura', 'kiara', 'ceres', 'mumei', 'hakos')",1796,6.2186212388767705
"('calliope', 'gura', 'kiara', 'ouro', 'mumei', 'hakos')",1832,6.343270662373186
"('calliope', 'gura', 'irys', 'sana', 'ceres', 'ouro')",998,3.455559018039542
"('calliope', 'gura', 'irys', 'sana', 'ceres', 'mumei')",954,3.303209722655033
"('calliope', 'gura', 'irys', 'sana', 'ceres', 'hakos')",1062,3.6771579931442817
"('calliope', 'gura', 'irys', 'sana', 'ouro', 'mumei')",960,3.323984626571102
"('calliope', 'gura', 'irys', 'sana', 'ouro', 'hakos')",1085,3.7567951248225477
"('calliope', 'gura', 'irys', 'sana', 'mumei', 'hakos')",1016,3.5178837297877497
"('calliope', 'gura', 'irys', 'ceres', 'ouro', 'mumei')",1578,5.463799729926249
"('calliope', 'gura', 'irys', 'ceres', 'ouro', 'hakos')",1786,6.183996399016654
"('calliope', 'gura', 'irys', 'ceres', 'mumei', 'hakos')",1673,5.792735708597347
"('calliope', 'gura', 'irys', 'ouro', 'mumei', 'hakos')",1720,5.9554724559398915
"('calliope', 'gura', 'sana', 'ceres', 'ouro', 'mumei')",1101,3.8121948685987324
"('calliope', 'gura', 'sana', 'ceres', 'ouro', 'hakos')",1211,4.1930681070600055
"('calliope', 'gura', 'sana', 'ceres', 'mumei', 'hakos')",1167,4.040718811675497
"('calliope', 'gura', 'sana', 'ouro', 'mumei', 'hakos')",1169,4.047643779647519
"('calliope', 'gura', 'ceres', 'ouro', 'mumei', 'hakos')",2002,6.931892939995153
"('calliope', 'inanis', 'kiara', 'irys', 'sana', 'ceres')",944,3.268584882794917
"('calliope', 'inanis', 'kiara', 'irys', 'sana', 'ouro')",932,3.227035074962778
"('calliope', 'inanis', 'kiara', 'irys', 'sana', 'mumei')",892,3.0885357155223154
"('calliope', 'inanis', 'kiara', 'irys', 'sana', 'hakos')",1022,3.5386586337038195
"('calliope', 'inanis', 'kiara', 'irys', 'ceres', 'ouro')",1486,5.145251203213185
"('calliope', 'inanis', 'kiara', 'irys', 'ceres', 'mumei')",1408,4.875177452304283
"('calliope', 'inanis', 'kiara', 'irys', 'ceres', 'hakos')",1605,5.557286797548562
"('calliope', 'inanis', 'kiara', 'irys', 'ouro', 'mumei')",1372,4.750528028807867
"('calliope', 'inanis', 'kiara', 'irys', 'ouro', 'hakos')",1582,5.477649665870295
"('calliope', 'inanis', 'kiara', 'irys', 'mumei', 'hakos')",1483,5.134863751255151
"('calliope', 'inanis', 'kiara', 'sana', 'ceres', 'ouro')",1041,3.604445829438039
"('calliope', 'inanis', 'kiara', 'sana', 'ceres', 'mumei')",1027,3.5559710536338764
"('calliope', 'inanis', 'kiara', 'sana', 'ceres', 'hakos')",1137,3.936844292095149
"('calliope', 'inanis', 'kiara', 'sana', 'ouro', 'mumei')",980,3.3932343062913333
"('calliope', 'inanis', 'kiara', 'sana', 'ouro', 'hakos')",1119,3.8745195803469414
"('calliope', 'inanis', 'kiara', 'sana', 'mumei', 'hakos')",1067,3.6944704130743395
"('calliope', 'inanis', 'kiara', 'ceres', 'ouro', 'mumei')",1624,5.623073993282781
"('calliope', 'inanis', 'kiara', 'ceres', 'ouro', 'hakos')",1814,6.280945950624979
"('calliope', 'inanis', 'kiara', 'ceres', 'mumei', 'hakos')",1762,6.100896783352376
"('calliope', 'inanis', 'kiara', 'ouro', 'mumei', 'hakos')",1723,5.965859907897926
"('calliope', 'inanis', 'irys', 'sana', 'ceres', 'ouro')",971,3.3620719504172296
"('calliope', 'inanis', 'irys', 'sana', 'ceres', 'mumei')",933,3.2304975589487896
"('calliope', 'inanis', 'irys', 'sana', 'ceres', 'hakos')",1043,3.611370797410062
"('calliope', 'inanis', 'irys', 'sana', 'ouro', 'mumei')",920,3.1854852671306397
"('calliope', 'inanis', 'irys', 'sana', 'ouro', 'hakos')",1039,3.5975208614660157
"('calliope', 'inanis', 'irys', 'sana', 'mumei', 'hakos')",978,3.3863093383193106
"('calliope', 'inanis', 'irys', 'ceres', 'ouro', 'mumei')",1511,5.231813302863475
"('calliope', 'inanis', 'irys', 'ceres', 'ouro', 'hakos')",1720,5.9554724559398915
"('calliope', 'inanis', 'irys', 'ceres', 'mumei', 'hakos')",1622,5.616149025310758
"('calliope', 'inanis', 'irys', 'ouro', 'mumei', 'hakos')",1607,5.564211765520585
"('calliope', 'inanis', 'sana', 'ceres', 'ouro', 'mumei')",1042,3.6079083134240504
"('calliope', 'inanis', 'sana', 'ceres', 'ouro', 'hakos')",1159,4.013018939787403
"('calliope', 'inanis', 'sana', 'ceres', 'mumei', 'hakos')",1124,3.8918320002769984
"('calliope', 'inanis', 'sana', 'ouro', 'mumei', 'hakos')",1096,3.7948824486686754
"('calliope', 'inanis', 'ceres', 'ouro', 'mumei', 'hakos')",1888,6.537169765589834
"('calliope', 'kiara', 'irys', 'sana', 'ceres', 'ouro')",931,3.223572590976767
"('calliope', 'kiara', 'irys', 'sana', 'ceres', 'mumei')",894,3.0954606834943386
"('calliope', 'kiara', 'irys', 'sana', 'ceres', 'hakos')",1010,3.4971088258716803
"('calliope', 'kiara', 'irys', 'sana', 'ouro', 'mumei')",886,3.0677608116062465
"('calliope', 'kiara', 'irys', 'sana', 'ouro', 'hakos')",1021,3.535196149717808
"('calliope', 'kiara', 'irys', 'sana', 'mumei', 'hakos')",947,3.278972334752952
"('calliope', 'kiara', 'irys', 'ceres', 'ouro', 'mumei')",1381,4.781690384681971
"('calliope', 'kiara', 'irys', 'ceres', 'ouro', 'hakos')",1584,5.4845746338423185
"('calliope', 'kiara', 'irys', 'ceres', 'mumei', 'hakos')",1487,5.148713687199197
"('calliope', 'kiara', 'irys', 'ouro', 'mumei', 'hakos')",1495,5.1764135590872895
"('calliope', 'kiara', 'sana', 'ceres', 'ouro', 'mumei')",991,3.4313216301374605
"('calliope', 'kiara', 'sana', 'ceres', 'ouro', 'hakos')",1113,3.8537446764308716
"('calliope', 'kiara', 'sana', 'ceres', 'mumei', 'hakos')",1076,3.725632768948443
"('calliope', 'kiara', 'sana', 'ouro', 'mumei', 'hakos')",1057,3.659845573214224
"('calliope', 'kiara', 'ceres', 'ouro', 'mumei', 'hakos')",1710,5.920847616079775
"('calliope', 'irys', 'sana', 'ceres', 'ouro', 'mumei')",948,3.2824348187389636
"('calliope', 'irys', 'sana', 'ceres', 'ouro', 'hakos')",1069,3.701395381046363
"('calliope', 'irys', 'sana', 'ceres', 'mumei', 'hakos')",1003,3.472871437969599
"('calliope', 'irys', 'sana', 'ouro', 'mumei', 'hakos')",1009,3.4936463418856687
"('calliope', 'irys', 'ceres', 'ouro', 'mumei', 'hakos')",1619,5.605761573352723
"('calliope', 'sana', 'ceres', 'ouro', 'mumei', 'hakos')",1135,3.929919324123126
"('amelia', 'calliope', 'gura', 'inanis', 'kiara', 'irys', 'sana')",886,3.0677608116062465
"('amelia', 'calliope', 'gura', 'inanis', 'kiara', 'irys', 'ceres')",1394,4.826702676500121
"('amelia', 'calliope', 'gura', 'inanis', 'kiara', 'irys', 'ouro')",1382,4.785152868667982
"('amelia', 'calliope', 'gura', 'inanis', 'kiara', 'irys', 'mumei')",1308,4.528929053703127
"('amelia', 'calliope', 'gura', 'inanis', 'kiara', 'irys', 'hakos')",1485,5.141788719227174
"('amelia', 'calliope', 'gura', 'inanis', 'kiara', 'sana', 'ceres')",1000,3.462483986011565
"('amelia', 'calliope', 'gura', 'inanis', 'kiara', 'sana', 'ouro')",971,3.3620719504172296
"('amelia', 'calliope', 'gura', 'inanis', 'kiara', 'sana', 'mumei')",948,3.2824348187389636
"('amelia', 'calliope', 'gura', 'inanis', 'kiara', 'sana', 'hakos')",1057,3.659845573214224
"('amelia', 'calliope', 'gura', 'inanis', 'kiara', 'ceres', 'ouro')",1615,5.591911637408677
"('amelia', 'calliope', 'gura', 'inanis', 'kiara', 'ceres', 'mumei')",1556,5.387625082233995
"('amelia', 'calliope', 'gura', 'inanis', 'kiara', 'ceres', 'hakos')",1716,5.941622519995845
"('amelia', 'calliope', 'gura', 'inanis', 'kiara', 'ouro', 'mumei')",1528,5.290675530625671
"('amelia', 'calliope', 'gura', 'inanis', 'kiara', 'ouro', 'hakos')",1720,5.9554724559398915
"('amelia', 'calliope', 'gura', 'inanis', 'kiara', 'mumei', 'hakos')",1643,5.688861189017
"('amelia', 'calliope', 'gura', 'inanis', 'irys', 'sana', 'ceres')",896,3.102385651466362
"('amelia', 'calliope', 'gura', 'inanis', 'irys', 'sana', 'ouro')",894,3.0954606834943386
"('amelia', 'calliope', 'gura', 'inanis', 'irys', 'sana', 'mumei')",865,2.9950486479000036
"('amelia', 'calliope', 'gura', 'inanis', 'irys', 'sana', 'hakos')",953,3.2997472386690214
"('amelia', 'calliope', 'gura', 'inanis', 'irys', 'ceres', 'ouro')",1489,5.15563865517122
"('amelia', 'calliope', 'gura', 'inanis', 'irys', 'ceres', 'mumei')",1424,4.930577196080469
"('amelia', 'calliope', 'gura', 'inanis', 'irys', 'ceres', 'hakos')",1587,5.494962085800354
"('amelia', 'calliope', 'gura', 'inanis', 'irys', 'ouro', 'mumei')",1414,4.895952356220352
"('amelia', 'calliope', 'gura', 'inanis', 'irys', 'ouro', 'hakos')",1595,5.522661957688445
"('amelia', 'calliope', 'gura', 'inanis', 'irys', 'mumei', 'hakos')",1508,5.221425850905439
"('amelia', 'calliope', 'gura', 'inanis', 'sana', 'ceres', 'ouro')",1007,3.4867213739136456
"('amelia', 'calliope', 'gura', 'inanis', 'sana', 'ceres', 'mumei')",1001,3.4659464699975766
"('amelia', 'calliope', 'gura', 'inanis', 'sana', 'ceres', 'hakos')",1078,3.7325577369204668
"('amelia', 'calliope', 'gura', 'inanis', 'sana', 'ouro', 'mumei')",974,3.3724594023752643
"('amelia', 'calliope', 'gura', 'inanis', 'sana', 'ouro', 'hakos')",1070,3.7048578650323747
"('amelia', 'calliope', 'gura', 'inanis', 'sana', 'mumei', 'hakos')",1033,3.5767459575499463
"('amelia', 'calliope', 'gura', 'inanis', 'ceres', 'ouro', 'mumei')",1678,5.810048128527406
"('amelia', 'calliope', 'gura', 'inanis', 'ceres', 'ouro', 'hakos')",1837,6.360583082303245
"('amelia', 'calliope', 'gura', 'inanis', 'ceres', 'mumei', 'hakos')",1781,6.166683979086597
"('amelia', 'calliope', 'gura', 'inanis', 'ouro', 'mumei', 'hakos')",1779,6.1597590111145735
"('amelia', 'calliope', 'gura', 'kiara', 'irys', 'sana', 'ceres')",865,2.9950486479000036
"('amelia', 'calliope', 'gura', 'kiara', 'irys', 'sana', 'ouro')",873,3.022748519788096
"('amelia', 'calliope', 'gura', 'kiara', 'irys', 'sana', 'mumei')",841,2.911949032235726
"('amelia', 'calliope', 'gura', 'kiara', 'irys', 'sana', 'hakos')",942,3.2616599148228937
"('amelia', 'calliope', 'gura', 'kiara', 'irys', 'ceres', 'ouro')",1374,4.75745299677989
"('amelia', 'calliope', 'gura', 'kiara', 'irys', 'ceres', 'mumei')",1307,4.525466569717115
"('amelia', 'calliope', 'gura', 'kiara', 'irys', 'ceres', 'hakos')",1468,5.082926491464977
"('amelia', 'calliope', 'gura', 'kiara', 'irys', 'ouro', 'mumei')",1318,4.563553893563242
"('amelia', 'calliope', 'gura', 'kiara', 'irys', 'ouro', 'hakos')",1497,5.183338527059313
"('amelia', 'calliope', 'gura', 'kiara', 'irys', 'mumei', 'hakos')",1402,4.854402548388214
"('amelia', 'calliope', 'gura', 'kiara', 'sana', 'ceres', 'ouro')",957,3.3135971746130672
"('amelia', 'calliope', 'gura', 'kiara', 'sana', 'ceres', 'mumei')",947,3.278972334752952
"('amelia', 'calliope', 'gura', 'kiara', 'sana', 'ceres', 'hakos')",1040,3.6009833454520273
"('amelia', 'calliope', 'gura', 'kiara', 'sana', 'ouro', 'mumei')",932,3.227035074962778
"('amelia', 'calliope', 'gura', 'kiara', 'sana', 'ouro', 'hakos')",1041,3.604445829438039
"('amelia', 'calliope', 'gura', 'kiara', 'sana', 'mumei', 'hakos')",995,3.445171566081507
"('amelia', 'calliope', 'gura', 'kiara', 'ceres', 'ouro', 'mumei')",1508,5.221425850905439
"('amelia', 'calliope', 'gura', 'kiara', 'ceres', 'ouro', 'hakos')",1676,5.803123160555383
"('amelia', 'calliope', 'gura', 'kiara', 'ceres', 'mumei', 'hakos')",1600,5.5399743776185035
"('amelia', 'calliope', 'gura', 'kiara', 'ouro', 'mumei', 'hakos')",1632,5.650773865170874
"('amelia', 'calliope', 'gura', 'irys', 'sana', 'ceres', 'ouro')",902,3.123160555382431
"('amelia', 'calliope', 'gura', 'irys', 'sana', 'ceres', 'mumei')",871,3.015823551816073
"('amelia', 'calliope', 'gura', 'irys', 'sana', 'ceres', 'hakos')",958,3.317059658599079
"('amelia', 'calliope', 'gura', 'irys', 'sana', 'ouro', 'mumei')",874,3.0262110037741077
"('amelia', 'calliope', 'gura', 'irys', 'sana', 'ouro', 'hakos')",971,3.3620719504172296
"('amelia', 'calliope', 'gura', 'irys', 'sana', 'mumei', 'hakos')",923,3.1958727190886744
"('amelia', 'calliope', 'gura', 'irys', 'ceres', 'ouro', 'mumei')",1414,4.895952356220352
"('amelia', 'calliope', 'gura', 'irys', 'ceres', 'ouro', 'hakos')",1577,5.460337245940237
"('amelia', 'calliope', 'gura', 'irys', 'ceres', 'mumei', 'hakos')",1491,5.162563623143243
"('amelia', 'calliope', 'gura', 'irys', 'ouro', 'mumei', 'hakos')",1525,5.280288078667636
"('amelia', 'calliope', 'gura', 'sana', 'ceres', 'ouro', 'mumei')",987,3.4174716941934142
"('amelia', 'calliope', 'gura', 'sana', 'ceres', 'ouro', 'hakos')",1075,3.7221702849624316
"('amelia', 'calliope', 'gura', 'sana', 'ceres', 'mumei', 'hakos')",1048,3.6286832173401202
"('amelia', 'calliope', 'gura', 'sana', 'ouro', 'mumei', 'hakos')",1041,3.604445829438039
"('amelia', 'calliope', 'gura', 'ceres', 'ouro', 'mumei', 'hakos')",1752,6.066271943492262
"('amelia', 'calliope', 'inanis', 'kiara', 'irys', 'sana', 'ceres')",858,2.9708112599979226
"('amelia', 'calliope', 'inanis', 'kiara', 'irys', 'sana', 'ouro')",849,2.9396489041238185
"('amelia', 'calliope', 'inanis', 'kiara', 'irys', 'sana', 'mumei')",823,2.849624320487518
"('amelia', 'calliope', 'inanis', 'kiara', 'irys', 'sana', 'hakos')",927,3.2097226550327207
"('amelia', 'calliope', 'inanis', 'kiara', 'irys', 'ceres', 'ouro')",1327,4.594716249437346
"('amelia', 'calliope', 'inanis', 'kiara', 'irys', 'ceres', 'mumei')",1265,4.380042242304629
"('amelia', 'calliope', 'inanis', 'kiara', 'irys', 'ceres', 'hakos')",1429,4.947889616010526
"('amelia', 'calliope', 'inanis', 'kiara', 'irys', 'ouro', 'mumei')",1245,4.310792562584398
"('amelia', 'calliope', 'inanis', 'kiara', 'irys', 'ouro', 'hakos')",1413,4.892489872234341
"('amelia', 'calliope', 'inanis', 'kiara', 'irys', 'mumei', 'hakos')",1339,4.636266057269485
"('amelia', 'calliope', 'inanis', 'kiara', 'sana', 'ceres', 'ouro')",938,3.2478099788788475
"('amelia', 'calliope', 'inanis', 'kiara', 'sana', 'ceres', 'mumei')",933,3.2304975589487896
"('amelia', 'calliope', 'inanis', 'kiara', 'sana', 'ceres', 'hakos')",1022,3.5386586337038195
"('amelia', 'calliope', 'inanis', 'kiara', 'sana', 'ouro', 'mumei')",895,3.0989231674803506
"('amelia', 'calliope', 'inanis', 'kiara', 'sana', 'ouro', 'hakos')",1004,3.476333921955611
"('amelia', 'calliope', 'inanis', 'kiara', 'sana', 'mumei', 'hakos')",969,3.3551469824452065
"('amelia', 'calliope', 'inanis', 'kiara', 'ceres', 'ouro', 'mumei')",1456,5.041376683632838
"('amelia', 'calliope', 'inanis', 'kiara', 'ceres', 'ouro', 'hakos')",1617,5.5988366053807
"('amelia', 'calliope', 'inanis', 'kiara', 'ceres', 'mumei', 'hakos')",1569,5.4326373740521445
"('amelia', 'calliope', 'inanis', 'kiara', 'ouro', 'mumei', 'hakos')",1544,5.346075274401856
"('amelia', 'calliope', 'inanis', 'irys', 'sana', 'ceres', 'ouro')",877,3.0365984557321424
"('amelia', 'calliope', 'inanis', 'irys', 'sana', 'ceres', 'mumei')",852,2.950036356081853
"('amelia', 'calliope', 'inanis', 'irys', 'sana', 'ceres', 'hakos')",938,3.2478099788788475
"('amelia', 'calliope', 'inanis', 'irys', 'sana', 'ouro', 'mumei')",841,2.911949032235726
"('amelia', 'calliope', 'inanis', 'irys', 'sana', 'ouro', 'hakos')",932,3.227035074962778
"('amelia', 'calliope', 'inanis', 'irys', 'sana', 'mumei', 'hakos')",892,3.0885357155223154
"('amelia', 'calliope', 'inanis', 'irys', 'ceres', 'ouro', 'mumei')",1355,4.69166580104567
"('amelia', 'calliope', 'inanis', 'irys', 'ceres', 'ouro', 'hakos')",1518,5.256050690765555
"('amelia', 'calliope', 'inanis', 'irys', 'ceres', 'mumei', 'hakos')",1454,5.034451715660815
"('amelia', 'calliope', 'inanis', 'irys', 'ouro', 'mumei', 'hakos')",1441,4.989439423842665
"('amelia', 'calliope', 'inanis', 'sana', 'ceres', 'ouro', 'mumei')",940,3.2547349468508706
"('amelia', 'calliope', 'inanis', 'sana', 'ceres', 'ouro', 'hakos')",1030,3.5663585055919116
"('amelia', 'calliope', 'inanis', 'sana', 'ceres', 'mumei', 'hakos')",1012,3.5040337938437034
"('amelia', 'calliope', 'inanis', 'sana', 'ouro', 'mumei', 'hakos')",983,3.403621758249368
"('amelia', 'calliope', 'inanis', 'ceres', 'ouro', 'mumei', 'hakos')",1676,5.803123160555383
"('amelia', 'calliope', 'kiara', 'irys', 'sana', 'ceres', 'ouro')",848,2.936186420137807
"('amelia', 'calliope', 'kiara', 'irys', 'sana', 'ceres', 'mumei')",822,2.8461618365015062
"('amelia', 'calliope', 'kiara', 'irys', 'sana', 'ceres', 'hakos')",912,3.1577853952425468
"('amelia', 'calliope', 'kiara', 'irys', 'sana', 'ouro', 'mumei')",820,2.839236868529483
"('amelia', 'calliope', 'kiara', 'irys', 'sana', 'ouro', 'hakos')",921,3.1889477511166513
"('amelia', 'calliope', 'kiara', 'irys', 'sana', 'mumei', 'hakos')",873,3.022748519788096
"('amelia', 'calliope', 'kiara', 'irys', 'ceres', 'ouro', 'mumei')",1257,4.352342370416537
"('amelia', 'calliope', 'kiara', 'irys', 'ceres', 'ouro', 'hakos')",1415,4.899414840206364
"('amelia', 'calliope', 'kiara', 'irys', 'ceres', 'mumei', 'hakos')",1345,4.6570409611855546
"('amelia', 'calliope', 'kiara', 'irys', 'ouro', 'mumei', 'hakos')",1359,4.7055157369897165
"('amelia', 'calliope', 'kiara', 'sana', 'ceres', 'ouro', 'mumei')",904,3.1300855233544547
"('amelia', 'calliope', 'kiara', 'sana', 'ceres', 'ouro', 'hakos')",998,3.455559018039542
"('amelia', 'calliope', 'kiara', 'sana', 'ceres', 'mumei', 'hakos')",976,3.3793843703472874
"('amelia', 'calliope', 'kiara', 'sana', 'ouro', 'mumei', 'hakos')",961,3.3274471105571135
"('amelia', 'calliope', 'kiara', 'ceres', 'ouro', 'mumei', 'hakos')",1528,5.290675530625671
"('amelia', 'calliope', 'irys', 'sana', 'ceres', 'ouro', 'mumei')",858,2.9708112599979226
"('amelia', 'calliope', 'irys', 'sana', 'ceres', 'ouro', 'hakos')",950,3.2893597867109867
"('amelia', 'calliope', 'irys', 'sana', 'ceres', 'mumei', 'hakos')",906,3.137010491326478
"('amelia', 'calliope', 'irys', 'sana', 'ouro', 'mumei', 'hakos')",907,3.1404729753124894
"('amelia', 'calliope', 'irys', 'ceres', 'ouro', 'mumei', 'hakos')",1445,5.003289359786711
"('amelia', 'calliope', 'sana', 'ceres', 'ouro', 'mumei', 'hakos')",1009,3.4936463418856687
"('calliope', 'gura', 'inanis', 'kiara', 'irys', 'sana', 'ceres')",860,2.9777362279699457
"('calliope', 'gura', 'inanis', 'kiara', 'irys', 'sana', 'ouro')",850,2.94311138810983
"('calliope', 'gura', 'inanis', 'kiara', 'irys', 'sana', 'mumei')",826,2.8600117724455525
"('calliope', 'gura', 'inanis', 'kiara', 'irys', 'sana', 'hakos')",920,3.1854852671306397
"('calliope', 'gura', 'inanis', 'kiara', 'irys', 'ceres', 'ouro')",1346,4.660503445171567
"('calliope', 'gura', 'inanis', 'kiara', 'irys', 'ceres', 'mumei')",1290,4.466604341954918
"('calliope', 'gura', 'inanis', 'kiara', 'irys', 'ceres', 'hakos')",1435,4.9686645199265955
"('calliope', 'gura', 'inanis', 'kiara', 'irys', 'ouro', 'mumei')",1263,4.373117274332606
"('calliope', 'gura', 'inanis', 'kiara', 'irys', 'ouro', 'hakos')",1421,4.920189744122434
"('calliope', 'gura', 'inanis', 'kiara', 'irys', 'mumei', 'hakos')",1349,4.670890897129601
"('calliope', 'gura', 'inanis', 'kiara', 'sana', 'ceres', 'ouro')",949,3.285897302724975
"('calliope', 'gura', 'inanis', 'kiara', 'sana', 'ceres', 'mumei')",947,3.278972334752952
"('calliope', 'gura', 'inanis', 'kiara', 'sana', 'ceres', 'hakos')",1029,3.5628960216059
"('calliope', 'gura', 'inanis', 'kiara', 'sana', 'ouro', 'mumei')",911,3.154322911256535
"('calliope', 'gura', 'inanis', 'kiara', 'sana', 'ouro', 'hakos')",1015,3.514421245801738
"('calliope', 'gura', 'inanis', 'kiara', 'sana', 'mumei', 'hakos')",976,3.3793843703472874
"('calliope', 'gura', 'inanis', 'kiara', 'ceres', 'ouro', 'mumei')",1495,5.1764135590872895
"('calliope', 'gura', 'inanis', 'kiara', 'ceres', 'ouro', 'hakos')",1643,5.688861189017
"('calliope', 'gura', 'inanis', 'kiara', 'ceres', 'mumei', 'hakos')",1601,5.543436861604515
"('calliope', 'gura', 'inanis', 'kiara', 'ouro', 'mumei', 'hakos')",1578,5.463799729926249
"('calliope', 'gura', 'inanis', 'irys', 'sana', 'ceres', 'ouro')",890,3.0816107475502927
"('calliope', 'gura', 'inanis', 'irys', 'sana', 'ceres', 'mumei')",869,3.00889858384405
"('calliope', 'gura', 'inanis', 'irys', 'sana', 'ceres', 'hakos')",947,3.278972334752952
"('calliope', 'gura', 'inanis', 'irys', 'sana', 'ouro', 'mumei')",861,2.9811987119559573
"('calliope', 'gura', 'inanis', 'irys', 'sana', 'ouro', 'hakos')",946,3.2755098507669405
"('calliope', 'gura', 'inanis', 'irys', 'sana', 'mumei', 'hakos')",908,3.1439354592985005
"('calliope', 'gura', 'inanis', 'irys', 'ceres', 'ouro', 'mumei')",1389,4.8093902565700635
"('calliope', 'gura', 'inanis', 'irys', 'ceres', 'ouro', 'hakos')",1555,5.3841625982479835
"('calliope', 'gura', 'inanis', 'irys', 'ceres', 'mumei', 'hakos')",1483,5.134863751255151
"('calliope', 'gura', 'inanis', 'irys', 'ouro', 'mumei', 'hakos')",1479,5.121013815311104
"('calliope', 'gura', 'inanis', 'sana', 'ceres', 'ouro', 'mumei')",977,3.382846854333299
"('calliope', 'gura', 'inanis', 'sana', 'ceres', 'ouro', 'hakos')",1061,3.67369550915827
"('calliope', 'gura', 'inanis', 'sana', 'ceres', 'mumei', 'hakos')",1044,3.6148332813960735
"('calliope', 'gura', 'inanis', 'sana', 'ouro', 'mumei', 'hakos')",1026,3.552508569647865
"('calliope', 'gura', 'inanis', 'ceres', 'ouro', 'mumei', 'hakos')",1742,6.031647103632146
"('calliope', 'gura', 'kiara', 'irys', 'sana', 'ceres', 'ouro')",849,2.9396489041238185
"('calliope', 'gura', 'kiara', 'irys', 'sana', 'ceres', 'mumei')",827,2.863474256431564
"('calliope', 'gura', 'kiara', 'irys', 'sana', 'ceres', 'hakos')",915,3.1681728472005815
"('calliope', 'gura', 'kiara', 'irys', 'sana', 'ouro', 'mumei')",824,2.8530868044735294
"('calliope', 'gura', 'kiara', 'irys', 'sana', 'ouro', 'hakos')",920,3.1854852671306397
"('calliope', 'gura', 'kiara', 'irys', 'sana', 'mumei', 'hakos')",875,3.0296734877601192
"('calliope', 'gura', 'kiara', 'irys', 'ceres', 'ouro', 'mumei')",1272,4.404279630206711
"('calliope', 'gura', 'kiara', 'irys', 'ceres', 'ouro', 'hakos')",1423,4.927114712094457
"('calliope', 'gura', 'kiara', 'irys', 'ceres', 'mumei', 'hakos')",1356,4.695128285031681
"('calliope', 'gura', 'kiara', 'irys', 'ouro', 'mumei', 'hakos')",1367,4.733215608877809
"('calliope', 'gura', 'kiara', 'sana', 'ceres', 'ouro', 'mumei')",915,3.1681728472005815
"('calliope', 'gura', 'kiara', 'sana', 'ceres', 'ouro', 'hakos')",1008,3.490183857899657
"('calliope', 'gura', 'kiara', 'sana', 'ceres', 'mumei', 'hakos')",985,3.410546726221391
"('calliope', 'gura', 'kiara', 'sana', 'ouro', 'mumei', 'hakos')",972,3.365534434403241
"('calliope', 'gura', 'kiara', 'ceres', 'ouro', 'mumei', 'hakos')",1565,5.418787438108099
"('calliope', 'gura', 'irys', 'sana', 'ceres', 'ouro', 'mumei')",877,3.0365984557321424
"('calliope', 'gura', 'irys', 'sana', 'ceres', 'ouro', 'hakos')",964,3.337834562515148
"('calliope', 'gura', 'irys', 'sana', 'ceres', 'mumei', 'hakos')",926,3.206260171046709
"('calliope', 'gura', 'irys', 'sana', 'ouro', 'mumei', 'hakos')",930,3.2201101069907554
"('calliope', 'gura', 'irys', 'ceres', 'ouro', 'mumei', 'hakos')",1478,5.117551331325092
"('calliope', 'gura', 'sana', 'ceres', 'ouro', 'mumei', 'hakos')",1048,3.6286832173401202
"('calliope', 'inanis', 'kiara', 'irys', 'sana', 'ceres', 'ouro')",840,2.9084865482497144
"('calliope', 'inanis', 'kiara', 'irys', 'sana', 'ceres', 'mumei')",822,2.8461618365015062
"('calliope', 'inanis', 'kiara', 'irys', 'sana', 'ceres', 'hakos')",909,3.147397943284512
"('calliope', 'inanis', 'kiara', 'irys', 'sana', 'ouro', 'mumei')",804,2.783837124753298
"('calliope', 'inanis', 'kiara', 'irys', 'sana', 'ouro', 'hakos')",897,3.1058481354523737
"('calliope', 'inanis', 'kiara', 'irys', 'sana', 'mumei', 'hakos')",860,2.9777362279699457
"('calliope', 'inanis', 'kiara', 'irys', 'ceres', 'ouro', 'mumei')",1236,4.279630206710294
"('calliope', 'inanis', 'kiara', 'irys', 'ceres', 'ouro', 'hakos')",1387,4.80246528859804
"('calliope', 'inanis', 'kiara', 'irys', 'ceres', 'mumei', 'hakos')",1339,4.636266057269485
"('calliope', 'inanis', 'kiara', 'irys', 'ouro', 'mumei', 'hakos')",1303,4.511616633773069
"('calliope', 'inanis', 'kiara', 'sana', 'ceres', 'ouro', 'mumei')",894,3.0954606834943386
"('calliope', 'inanis', 'kiara', 'sana', 'ceres', 'ouro', 'hakos')",989,3.4243966621654374
"('calliope', 'inanis', 'kiara', 'sana', 'ceres', 'mumei', 'hakos')",974,3.3724594023752643
"('calliope', 'inanis', 'kiara', 'sana', 'ouro', 'mumei', 'hakos')",938,3.2478099788788475
"('calliope', 'inanis', 'kiara', 'ceres', 'ouro', 'mumei', 'hakos')",1517,5.252588206779544
"('calliope', 'inanis', 'irys', 'sana', 'ceres', 'ouro', 'mumei')",848,2.936186420137807
"('calliope', 'inanis', 'irys', 'sana', 'ceres', 'ouro', 'hakos')",937,3.244347494892836
"('calliope', 'inanis', 'irys', 'sana', 'ceres', 'mumei', 'hakos')",904,3.1300855233544547
"('calliope', 'inanis', 'irys', 'sana', 'ouro', 'mumei', 'hakos')",890,3.0816107475502927
"('calliope', 'inanis', 'irys', 'ceres', 'ouro', 'mumei', 'hakos')",1426,4.937502164052492
"('calliope', 'inanis', 'sana', 'ceres', 'ouro', 'mumei', 'hakos')",999,3.4590215020255535
"('calliope', 'kiara', 'irys', 'sana', 'ceres', 'ouro', 'mumei')",813,2.814999480627402
"('calliope', 'kiara', 'irys', 'sana', 'ceres', 'ouro', 'hakos')",905,3.1335480073404662
"('calliope', 'kiara', 'irys', 'sana', 'ceres', 'mumei', 'hakos')",871,3.015823551816073
"('calliope', 'kiara', 'irys', 'sana', 'ouro', 'mumei', 'hakos')",862,2.984661195941969
"('calliope', 'kiara', 'irys', 'ceres', 'ouro', 'mumei', 'hakos')",1316,4.556628925591219
"('calliope', 'kiara', 'sana', 'ceres', 'ouro', 'mumei', 'hakos')",953,3.2997472386690214
"('calliope', 'irys', 'sana', 'ceres', 'ouro', 'mumei', 'hakos')",921,3.1889477511166513
"('amelia', 'calliope', 'gura', 'inanis', 'kiara', 'irys', 'sana', 'ceres')",795,2.752674768879194
"('amelia', 'calliope', 'gura', 'inanis', 'kiara', 'irys', 'sana', 'ouro')",786,2.72151241300509
"('amelia', 'calliope', 'gura', 'inanis', 'kiara', 'irys', 'sana', 'mumei')",771,2.6695751532149163
"('amelia', 'calliope', 'gura', 'inanis', 'kiara', 'irys', 'sana', 'hakos')",847,2.9327239361517954
"('amelia', 'calliope', 'gura', 'inanis', 'kiara', 'irys', 'ceres', 'ouro')",1229,4.255392818808213
"('amelia', 'calliope', 'gura', 'inanis', 'kiara', 'irys', 'ceres', 'mumei')",1186,4.106506007409716
"('amelia', 'calliope', 'gura', 'inanis', 'kiara', 'irys', 'ceres', 'hakos')",1315,4.553166441605208
"('amelia', 'calliope', 'gura', 'inanis', 'kiara', 'irys', 'ouro', 'mumei')",1165,4.0337938437034735
"('amelia', 'calliope', 'gura', 'inanis', 'kiara', 'irys', 'ouro', 'hakos')",1297,4.490841729856999
"('amelia', 'calliope', 'gura', 'inanis', 'kiara', 'irys', 'mumei', 'hakos')",1244,4.307330078598386
"('amelia', 'calliope', 'gura', 'inanis', 'kiara', 'sana', 'ceres', 'ouro')",871,3.015823551816073
"('amelia', 'calliope', 'gura', 'inanis', 'kiara', 'sana', 'ceres', 'mumei')",873,3.022748519788096
"('amelia', 'calliope', 'gura', 'inanis', 'kiara', 'sana', 'ceres', 'hakos')",944,3.268584882794917
"('amelia', 'calliope', 'gura', 'inanis', 'kiara', 'sana', 'ouro', 'mumei')",843,2.9188740002077487
"('amelia', 'calliope', 'gura', 'inanis', 'kiara', 'sana', 'ouro', 'hakos')",925,3.2027976870606976
"('amelia', 'calliope', 'gura', 'inanis', 'kiara', 'sana', 'mumei', 'hakos')",900,3.1162355874104084
"('amelia', 'calliope', 'gura', 'inanis', 'kiara', 'ceres', 'ouro', 'mumei')",1360,4.708978220975728
"('amelia', 'calliope', 'gura', 'inanis', 'kiara', 'ceres', 'ouro', 'hakos')",1490,5.159101139157231
"('amelia', 'calliope', 'gura', 'inanis', 'kiara', 'ceres', 'mumei', 'hakos')",1455,5.037914199646827
"('amelia', 'calliope', 'gura', 'inanis', 'kiara', 'ouro', 'mumei', 'hakos')",1435,4.9686645199265955
"('amelia', 'calliope', 'gura', 'inanis', 'irys', 'sana', 'ceres', 'ouro')",814,2.8184619646134137
"('amelia', 'calliope', 'gura', 'inanis', 'irys', 'sana', 'ceres', 'mumei')",801,2.7734496727952633
"('amelia', 'calliope', 'gura', 'inanis', 'irys', 'sana', 'ceres', 'hakos')",866,2.998511131886015
"('amelia', 'calliope', 'gura', 'inanis', 'irys', 'sana', 'ouro', 'mumei')",793,2.745749800907171
"('amelia', 'calliope', 'gura', 'inanis', 'irys', 'sana', 'ouro', 'hakos')",860,2.9777362279699457
"('amelia', 'calliope', 'gura', 'inanis', 'irys', 'sana', 'mumei', 'hakos')",835,2.8911741283196566
"('amelia', 'calliope', 'gura', 'inanis', 'irys', 'ceres', 'ouro', 'mumei')",1265,4.380042242304629
"('amelia', 'calliope', 'gura', 'inanis', 'irys', 'ceres', 'ouro', 'hakos')",1402,4.854402548388214
"('amelia', 'calliope', 'gura', 'inanis', 'irys', 'ceres', 'mumei', 'hakos')",1355,4.69166580104567
"('amelia', 'calliope', 'gura', 'inanis', 'irys', 'ouro', 'mumei', 'hakos')",1343,4.650115993213531
"('amelia', 'calliope', 'gura', 'inanis', 'sana', 'ceres', 'ouro', 'mumei')",890,3.0816107475502927
"('amelia', 'calliope', 'gura', 'inanis', 'sana', 'ceres', 'ouro', 'hakos')",957,3.3135971746130672
"('amelia', 'calliope', 'gura', 'inanis', 'sana', 'ceres', 'mumei', 'hakos')",950,3.2893597867109867
"('amelia', 'calliope', 'gura', 'inanis', 'sana', 'ouro', 'mumei', 'hakos')",929,3.216647623004744
"('amelia', 'calliope', 'gura', 'inanis', 'ceres', 'ouro', 'mumei', 'hakos')",1563,5.411862470136076
"('amelia', 'calliope', 'gura', 'kiara', 'irys', 'sana', 'ceres', 'ouro')",786,2.72151241300509
"('amelia', 'calliope', 'gura', 'kiara', 'irys', 'sana', 'ceres', 'mumei')",770,2.6661126692289048
"('amelia', 'calliope', 'gura', 'kiara', 'irys', 'sana', 'ceres', 'hakos')",844,2.9223364841937602
"('amelia', 'calliope', 'gura', 'kiara', 'irys', 'sana', 'ouro', 'mumei')",769,2.662650185242893
"('amelia', 'calliope', 'gura', 'kiara', 'irys', 'sana', 'ouro', 'hakos')",847,2.9327239361517954
"('amelia', 'calliope', 'gura', 'kiara', 'irys', 'sana', 'mumei', 'hakos')",816,2.825386932585437
"('amelia', 'calliope', 'gura', 'kiara', 'irys', 'ceres', 'ouro', 'mumei')",1173,4.061493715591565
"('amelia', 'calliope', 'gura', 'kiara', 'irys', 'ceres', 'ouro', 'hakos')",1304,4.515079117759081
"('amelia', 'calliope', 'gura', 'kiara', 'irys', 'ceres', 'mumei', 'hakos')",1251,4.331567466500467
"('amelia', 'calliope', 'gura', 'kiara', 'irys', 'ouro', 'mumei', 'hakos')",1258,4.355804854402549
"('amelia', 'calliope', 'gura', 'kiara', 'sana', 'ceres', 'ouro', 'mumei')",845,2.9257989681797723
"('amelia', 'calliope', 'gura', 'kiara', 'sana', 'ceres', 'ouro', 'hakos')",921,3.1889477511166513
"('amelia', 'calliope', 'gura', 'kiara', 'sana', 'ceres', 'mumei', 'hakos')",907,3.1404729753124894
"('amelia', 'calliope', 'gura', 'kiara', 'sana', 'ouro', 'mumei', 'hakos')",897,3.1058481354523737
"('amelia', 'calliope', 'gura', 'kiara', 'ceres', 'ouro', 'mumei', 'hakos')",1417,4.906339808178387
"('amelia', 'calliope', 'gura', 'irys', 'sana', 'ceres', 'ouro', 'mumei')",804,2.783837124753298
"('amelia', 'calliope', 'gura', 'irys', 'sana', 'ceres', 'ouro', 'hakos')",878,3.040060939718154
"('amelia', 'calliope', 'gura', 'irys', 'sana', 'ceres', 'mumei', 'hakos')",850,2.94311138810983
"('amelia', 'calliope', 'gura', 'irys', 'sana', 'ouro', 'mumei', 'hakos')",850,2.94311138810983
"('amelia', 'calliope', 'gura', 'irys', 'ceres', 'ouro', 'mumei', 'hakos')",1341,4.643191025241508
"('amelia', 'calliope', 'gura', 'sana', 'ceres', 'ouro', 'mumei', 'hakos')",947,3.278972334752952
"('amelia', 'calliope', 'inanis', 'kiara', 'irys', 'sana', 'ceres', 'ouro')",773,2.6765001211869395
"('amelia', 'calliope', 'inanis', 'kiara', 'irys', 'sana', 'ceres', 'mumei')",760,2.6314878293687896
"('amelia', 'calliope', 'inanis', 'kiara', 'irys', 'sana', 'ceres', 'hakos')",835,2.8911741283196566
"('amelia', 'calliope', 'inanis', 'kiara', 'irys', 'sana', 'ouro', 'mumei')",747,2.5864755375506387
"('amelia', 'calliope', 'inanis', 'kiara', 'irys', 'sana', 'ouro', 'hakos')",824,2.8530868044735294
"('amelia', 'calliope', 'inanis', 'kiara', 'irys', 'sana', 'mumei', 'hakos')",798,2.7630622208372286
"('amelia', 'calliope', 'inanis', 'kiara', 'irys', 'ceres', 'ouro', 'mumei')",1132,3.9195318721650914
"('amelia', 'calliope', 'inanis', 'kiara', 'irys', 'ceres', 'ouro', 'hakos')",1262,4.369654790346594
"('amelia', 'calliope', 'inanis', 'kiara', 'irys', 'ceres', 'mumei', 'hakos')",1222,4.231155430906132
"('amelia', 'calliope', 'inanis', 'kiara', 'irys', 'ouro', 'mumei', 'hakos')",1196,4.141130847269832
"('amelia', 'calliope', 'inanis', 'kiara', 'sana', 'ceres', 'ouro', 'mumei')",823,2.849624320487518
"('amelia', 'calliope', 'inanis', 'kiara', 'sana', 'ceres', 'ouro', 'hakos')",902,3.123160555382431
"('amelia', 'calliope', 'inanis', 'kiara', 'sana', 'ceres', 'mumei', 'hakos')",893,3.091998199508327
"('amelia', 'calliope', 'inanis', 'kiara', 'sana', 'ouro', 'mumei', 'hakos')",862,2.984661195941969
"('amelia', 'calliope', 'inanis', 'kiara', 'ceres', 'ouro', 'mumei', 'hakos')",1380,4.778227900695959
"('amelia', 'calliope', 'inanis', 'irys', 'sana', 'ceres', 'ouro', 'mumei')",782,2.7076624770610436
"('amelia', 'calliope', 'inanis', 'irys', 'sana', 'ceres', 'ouro', 'hakos')",854,2.9569613240538763
"('amelia', 'calliope', 'inanis', 'irys', 'sana', 'ceres', 'mumei', 'hakos')",831,2.8773241923756103
"('amelia', 'calliope', 'inanis', 'irys', 'sana', 'ouro', 'mumei', 'hakos')",817,2.8288494165714484
"('amelia', 'calliope', 'inanis', 'irys', 'ceres', 'ouro', 'mumei', 'hakos')",1301,4.504691665801046
"('amelia', 'calliope', 'inanis', 'sana', 'ceres', 'ouro', 'mumei', 'hakos')",907,3.1404729753124894
"('amelia', 'calliope', 'kiara', 'irys', 'sana', 'ceres', 'ouro', 'mumei')",754,2.6107129254527197
"('amelia', 'calliope', 'kiara', 'irys', 'sana', 'ceres', 'ouro', 'hakos')",830,2.8738617083895988
"('amelia', 'calliope', 'kiara', 'irys', 'sana', 'ceres', 'mumei', 'hakos')",805,2.7872996087393096
"('amelia', 'calliope', 'kiara', 'irys', 'sana', 'ouro', 'mumei', 'hakos')",800,2.7699871888092518
"('amelia', 'calliope', 'kiara', 'irys', 'ceres', 'ouro', 'mumei', 'hakos')",1211,4.1930681070600055
"('amelia', 'calliope', 'kiara', 'sana', 'ceres', 'ouro', 'mumei', 'hakos')",874,3.0262110037741077
"('amelia', 'calliope', 'irys', 'sana', 'ceres', 'ouro', 'mumei', 'hakos')",838,2.9015615802776913
"('calliope', 'gura', 'inanis', 'kiara', 'irys', 'sana', 'ceres', 'ouro')",777,2.6903500571309857
"('calliope', 'gura', 'inanis', 'kiara', 'irys', 'sana', 'ceres', 'mumei')",768,2.6591877012568816
"('calliope', 'gura', 'inanis', 'kiara', 'irys', 'sana', 'ceres', 'hakos')",834,2.887711644333645
"('calliope', 'gura', 'inanis', 'kiara', 'irys', 'sana', 'ouro', 'mumei')",755,2.6141754094387313
"('calliope', 'gura', 'inanis', 'kiara', 'irys', 'sana', 'ouro', 'hakos')",825,2.856549288459541
"('calliope', 'gura', 'inanis', 'kiara', 'irys', 'sana', 'mumei', 'hakos')",800,2.7699871888092518
"('calliope', 'gura', 'inanis', 'kiara', 'irys', 'ceres', 'ouro', 'mumei')",1153,3.992244035871334
"('calliope', 'gura', 'inanis', 'kiara', 'irys', 'ceres', 'ouro', 'hakos')",1271,4.400817146220699
"('calliope', 'gura', 'inanis', 'kiara', 'irys', 'ceres', 'mumei', 'hakos')",1234,4.272705238738271
"('calliope', 'gura', 'inanis', 'kiara', 'irys', 'ouro', 'mumei', 'hakos')",1210,4.1896056230739935
"('calliope', 'gura', 'inanis', 'kiara', 'sana', 'ceres', 'ouro', 'mumei')",838,2.9015615802776913
"('calliope', 'gura', 'inanis', 'kiara', 'sana', 'ceres', 'ouro', 'hakos')",911,3.154322911256535
"('calliope', 'gura', 'inanis', 'kiara', 'sana', 'ceres', 'mumei', 'hakos')",904,3.1300855233544547
"('calliope', 'gura', 'inanis', 'kiara', 'sana', 'ouro', 'mumei', 'hakos')",877,3.0365984557321424
"('calliope', 'gura', 'inanis', 'kiara', 'ceres', 'ouro', 'mumei', 'hakos')",1409,4.878639936290295
"('calliope', 'gura', 'inanis', 'irys', 'sana', 'ceres', 'ouro', 'mumei')",799,2.76652470482324
"('calliope', 'gura', 'inanis', 'irys', 'sana', 'ceres', 'ouro', 'hakos')",864,2.991586163913992
"('calliope', 'gura', 'inanis', 'irys', 'sana', 'ceres', 'mumei', 'hakos')",846,2.929261452165784
"('calliope', 'gura', 'inanis', 'irys', 'sana', 'ouro', 'mumei', 'hakos')",838,2.9015615802776913
"('calliope', 'gura', 'inanis', 'irys', 'ceres', 'ouro', 'mumei', 'hakos')",1324,4.584328797479312
"('calliope', 'gura', 'inanis', 'sana', 'ceres', 'ouro', 'mumei', 'hakos')",940,3.2547349468508706
"('calliope', 'gura', 'kiara', 'irys', 'sana', 'ceres', 'ouro', 'mumei')",761,2.6349503133548007
"('calliope', 'gura', 'kiara', 'irys', 'sana', 'ceres', 'ouro', 'hakos')",833,2.8842491603476335
"('calliope', 'gura', 'kiara', 'irys', 'sana', 'ceres', 'mumei', 'hakos')",811,2.808074512655379
"('calliope', 'gura', 'kiara', 'irys', 'sana', 'ouro', 'mumei', 'hakos')",807,2.7942245767113327
"('calliope', 'gura', 'kiara', 'irys', 'ceres', 'ouro', 'mumei', 'hakos')",1221,4.22769294692012
"('calliope', 'gura', 'kiara', 'sana', 'ceres', 'ouro', 'mumei', 'hakos')",887,3.071223295592258
"('calliope', 'gura', 'irys', 'sana', 'ceres', 'ouro', 'mumei', 'hakos')",858,2.9708112599979226
"('calliope', 'inanis', 'kiara', 'irys', 'sana', 'ceres', 'ouro', 'mumei')",748,2.5899380215366508
"('calliope', 'inanis', 'kiara', 'irys', 'sana', 'ceres', 'ouro', 'hakos')",820,2.839236868529483
"('calliope', 'inanis', 'kiara', 'irys', 'sana', 'ceres', 'mumei', 'hakos')",803,2.7803746407672865
"('calliope', 'inanis', 'kiara', 'irys', 'sana', 'ouro', 'mumei', 'hakos')",784,2.7145874450330667
"('calliope', 'inanis', 'kiara', 'irys', 'ceres', 'ouro', 'mumei', 'hakos')",1193,4.1307433953117965
"('calliope', 'inanis', 'kiara', 'sana', 'ceres', 'ouro', 'mumei', 'hakos')",867,3.0019736158720263
"('calliope', 'inanis', 'irys', 'sana', 'ceres', 'ouro', 'mumei', 'hakos')",830,2.8738617083895988
"('calliope', 'kiara', 'irys', 'sana', 'ceres', 'ouro', 'mumei', 'hakos')",800,2.7699871888092518
"('amelia', 'calliope', 'gura', 'inanis', 'kiara', 'irys', 'sana', 'ceres', 'ouro')",723,2.5033759218863616
"('amelia', 'calliope', 'gura', 'inanis', 'kiara', 'irys', 'sana', 'ceres', 'mumei')",717,2.4826010179702918
"('amelia', 'calliope', 'gura', 'inanis', 'kiara', 'irys', 'sana', 'ceres', 'hakos')",776,2.686887573144974
"('amelia', 'calliope', 'gura', 'inanis', 'kiara', 'irys', 'sana', 'ouro', 'mumei')",706,2.4445136941241645
"('amelia', 'calliope', 'gura', 'inanis', 'kiara', 'irys', 'sana', 'ouro', 'hakos')",765,2.648800249298847
"('amelia', 'calliope', 'gura', 'inanis', 'kiara', 'irys', 'sana', 'mumei', 'hakos')",749,2.593400505522662
"('amelia', 'calliope', 'gura', 'inanis', 'kiara', 'irys', 'ceres', 'ouro', 'mumei')",1068,3.697932897060351
"('amelia', 'calliope', 'gura', 'inanis', 'kiara', 'irys', 'ceres', 'ouro', 'hakos')",1176,4.0718811675496
"('amelia', 'calliope', 'gura', 'inanis', 'kiara', 'irys', 'ceres', 'mumei', 'hakos')",1147,3.9714691319552644
"('amelia', 'calliope', 'gura', 'inanis', 'kiara', 'irys', 'ouro', 'mumei', 'hakos')",1123,3.888369516290987
"('amelia', 'calliope', 'gura', 'inanis', 'kiara', 'sana', 'ceres', 'ouro', 'mumei')",780,2.7007375090890204
"('amelia', 'calliope', 'gura', 'inanis', 'kiara', 'sana', 'ceres', 'ouro', 'hakos')",841,2.911949032235726
"('amelia', 'calliope', 'gura', 'inanis', 'kiara', 'sana', 'ceres', 'mumei', 'hakos')",839,2.905024064263703
"('amelia', 'calliope', 'gura', 'inanis', 'kiara', 'sana', 'ouro', 'mumei', 'hakos')",814,2.8184619646134137
"('amelia', 'calliope', 'gura', 'inanis', 'kiara', 'ceres', 'ouro', 'mumei', 'hakos')",1295,4.483916761884976
"('amelia', 'calliope', 'gura', 'inanis', 'irys', 'sana', 'ceres', 'ouro', 'mumei')",739,2.558775665662546
"('amelia', 'calliope', 'gura', 'inanis', 'irys', 'sana', 'ceres', 'ouro', 'hakos')",795,2.752674768879194
"('amelia', 'calliope', 'gura', 'inanis', 'irys', 'sana', 'ceres', 'mumei', 'hakos')",783,2.711124961047055
"('amelia', 'calliope', 'gura', 'inanis', 'irys', 'sana', 'ouro', 'mumei', 'hakos')",773,2.6765001211869395
"('amelia', 'calliope', 'gura', 'inanis', 'irys', 'ceres', 'ouro', 'mumei', 'hakos')",1220,4.224230462934109
"('amelia', 'calliope', 'gura', 'inanis', 'sana', 'ceres', 'ouro', 'mumei', 'hakos')",860,2.9777362279699457
"('amelia', 'calliope', 'gura', 'kiara', 'irys', 'sana', 'ceres', 'ouro', 'mumei')",710,2.4583636300682112
"('amelia', 'calliope', 'gura', 'kiara', 'irys', 'sana', 'ceres', 'ouro', 'hakos')",774,2.679962605172951
"('amelia', 'calliope', 'gura', 'kiara', 'irys', 'sana', 'ceres', 'mumei', 'hakos')",758,2.624562861396766
"('amelia', 'calliope', 'gura', 'kiara', 'irys', 'sana', 'ouro', 'mumei', 'hakos')",754,2.6107129254527197
"('amelia', 'calliope', 'gura', 'kiara', 'irys', 'ceres', 'ouro', 'mumei', 'hakos')",1135,3.929919324123126
"('amelia', 'calliope', 'gura', 'kiara', 'sana', 'ceres', 'ouro', 'mumei', 'hakos')",822,2.8461618365015062
"('amelia', 'calliope', 'gura', 'irys', 'sana', 'ceres', 'ouro', 'mumei', 'hakos')",790,2.735362348949136
"('amelia', 'calliope', 'inanis', 'kiara', 'irys', 'sana', 'ceres', 'ouro', 'mumei')",697,2.4133513382500604
"('amelia', 'calliope', 'inanis', 'kiara', 'irys', 'sana', 'ceres', 'ouro', 'hakos')",761,2.6349503133548007
"('amelia', 'calliope', 'inanis', 'kiara', 'irys', 'sana', 'ceres', 'mumei', 'hakos')",747,2.5864755375506387
"('amelia', 'calliope', 'inanis', 'kiara', 'irys', 'sana', 'ouro', 'mumei', 'hakos')",731,2.5310757937744537
"('amelia', 'calliope', 'inanis', 'kiara', 'irys', 'ceres', 'ouro', 'mumei', 'hakos')",1104,3.8225823205567675
"('amelia', 'calliope', 'inanis', 'kiara', 'sana', 'ceres', 'ouro', 'mumei', 'hakos')",802,2.776912156781275
"('amelia', 'calliope', 'inanis', 'irys', 'sana', 'ceres', 'ouro', 'mumei', 'hakos')",768,2.6591877012568816
"('amelia', 'calliope', 'kiara', 'irys', 'sana', 'ceres', 'ouro', 'mumei', 'hakos')",744,2.576088085592604
"('calliope', 'gura', 'inanis', 'kiara', 'irys', 'sana', 'ceres', 'ouro', 'mumei')",707,2.447976178110176
"('calliope', 'gura', 'inanis', 'kiara', 'irys', 'sana', 'ceres', 'ouro', 'hakos')",763,2.641875281326824
"('calliope', 'gura', 'inanis', 'kiara', 'irys', 'sana', 'ceres', 'mumei', 'hakos')",753,2.607250441466708
"('calliope', 'gura', 'inanis', 'kiara', 'irys', 'sana', 'ouro', 'mumei', 'hakos')",740,2.562238149648558
"('calliope', 'gura', 'inanis', 'kiara', 'irys', 'ceres', 'ouro', 'mumei', 'hakos')",1117,3.867594612374918
"('calliope', 'gura', 'inanis', 'kiara', 'sana', 'ceres', 'ouro', 'mumei', 'hakos')",816,2.825386932585437
"('calliope', 'gura', 'inanis', 'irys', 'sana', 'ceres', 'ouro', 'mumei', 'hakos')",785,2.7180499290190783
"('calliope', 'gura', 'kiara', 'irys', 'sana', 'ceres', 'ouro', 'mumei', 'hakos')",753,2.607250441466708
"('calliope', 'inanis', 'kiara', 'irys', 'sana', 'ceres', 'ouro', 'mumei', 'hakos')",738,2.5553131816765347
"('amelia', 'calliope', 'gura', 'inanis', 'kiara', 'irys', 'sana', 'ceres', 'ouro', 'mumei')",661,2.2887019147536445
"('amelia', 'calliope', 'gura', 'inanis', 'kiara', 'irys', 'sana', 'ceres', 'ouro', 'hakos')",713,2.468751082026246
"('amelia', 'calliope', 'gura', 'inanis', 'kiara', 'irys', 'sana', 'ceres', 'mumei', 'hakos')",706,2.4445136941241645
"('amelia', 'calliope', 'gura', 'inanis', 'kiara', 'irys', 'sana', 'ouro', 'mumei', 'hakos')",693,2.399501402306014
"('amelia', 'calliope', 'gura', 'inanis', 'kiara', 'irys', 'ceres', 'ouro', 'mumei', 'hakos')",1043,3.611370797410062
"('amelia', 'calliope', 'gura', 'inanis', 'kiara', 'sana', 'ceres', 'ouro', 'mumei', 'hakos')",761,2.6349503133548007
"('amelia', 'calliope', 'gura', 'inanis', 'irys', 'sana', 'ceres', 'ouro', 'mumei', 'hakos')",728,2.520688341816419
"('amelia', 'calliope', 'gura', 'kiara', 'irys', 'sana', 'ceres', 'ouro', 'mumei', 'hakos')",704,2.4375887261521414
"('amelia', 'calliope', 'inanis', 'kiara', 'irys', 'sana', 'ceres', 'ouro', 'mumei', 'hakos')",690,2.3891139503479795
"('calliope', 'gura', 'inanis', 'kiara', 'irys', 'sana', 'ceres', 'ouro', 'mumei', 'hakos')",700,2.4237387902080956
"('amelia', 'calliope', 'gura', 'inanis', 'kiara', 'irys', 'sana', 'ceres', 'ouro', 'mumei', 'hakos')",656,2.271389494823586
