intersection,count,ratio
"('ceres',)",20104,100.0
"('amelia', 'ceres')",7685,38.226223637087145
"('calliope', 'ceres')",6223,30.954038997214482
"('gura', 'ceres')",8522,42.38957421408675
"('inanis', 'ceres')",7671,38.15658575407879
"('kiara', 'ceres')",6107,30.377039395145246
"('irys', 'ceres')",5537,27.541782729805014
"('sana', 'ceres')",3178,15.807799442896936
"('ceres', 'ouro')",7602,37.8133704735376
"('ceres', 'mumei')",6541,32.535813768404296
"('ceres', 'hakos')",7227,35.948070035813764
"('amelia', 'calliope', 'ceres')",3968,19.737365698368485
"('amelia', 'gura', 'ceres')",5343,26.576800636689217
"('amelia', 'inanis', 'ceres')",4817,23.96040588937525
"('amelia', 'kiara', 'ceres')",3980,19.797055312375647
"('amelia', 'irys', 'ceres')",3617,17.991444488658974
"('amelia', 'sana', 'ceres')",2236,11.12216474333466
"('amelia', 'ceres', 'ouro')",4641,23.084958217270195
"('amelia', 'ceres', 'mumei')",4197,20.876442499005172
"('amelia', 'ceres', 'hakos')",4649,23.12475129327497
"('calliope', 'gura', 'ceres')",4140,20.59291683247115
"('calliope', 'inanis', 'ceres')",3990,19.846796657381617
"('calliope', 'kiara', 'ceres')",3500,17.40947075208914
"('calliope', 'irys', 'ceres')",3040,15.121368881814565
"('calliope', 'sana', 'ceres')",1892,9.411062475129327
"('calliope', 'ceres', 'ouro')",3852,19.160366096299246
"('calliope', 'ceres', 'mumei')",3379,16.807600477516914
"('calliope', 'ceres', 'hakos')",3969,19.742339832869078
"('gura', 'inanis', 'ceres')",5082,25.27855153203343
"('gura', 'kiara', 'ceres')",4108,20.43374452845205
"('gura', 'irys', 'ceres')",3822,19.011142061281337
"('gura', 'sana', 'ceres')",2285,11.365897333863908
"('gura', 'ceres', 'ouro')",5133,25.53223239156387
"('gura', 'ceres', 'mumei')",4631,23.035216872264225
"('gura', 'ceres', 'hakos')",5051,25.124353362514924
"('inanis', 'kiara', 'ceres')",4055,20.170115399920412
"('inanis', 'irys', 'ceres')",3566,17.73776362912853
"('inanis', 'sana', 'ceres')",2214,11.012733784321528
"('inanis', 'ceres', 'ouro')",4451,22.139872662156783
"('inanis', 'ceres', 'mumei')",4167,20.727218463987267
"('inanis', 'ceres', 'hakos')",4540,22.58257063270991
"('kiara', 'irys', 'ceres')",3059,15.215877437325906
"('kiara', 'sana', 'ceres')",2018,10.037803422204536
"('kiara', 'ceres', 'ouro')",3675,18.279944289693592
"('kiara', 'ceres', 'mumei')",3436,17.091126144050936
"('kiara', 'ceres', 'hakos')",3928,19.53840031834461
"('irys', 'sana', 'ceres')",1782,8.863907680063669
"('irys', 'ceres', 'ouro')",3722,18.513728611221648
"('irys', 'ceres', 'mumei')",3179,15.812773577397532
"('irys', 'ceres', 'hakos')",3834,19.0708316752885
"('sana', 'ceres', 'ouro')",2211,10.997811380819737
"('sana', 'ceres', 'mumei')",2018,10.037803422204536
"('sana', 'ceres', 'hakos')",2307,11.47532829287704
"('ceres', 'ouro', 'mumei')",4271,21.244528452049344
"('ceres', 'ouro', 'hakos')",4759,23.671906088340627
"('ceres', 'mumei', 'hakos')",4288,21.32908873855949
"('amelia', 'calliope', 'gura', 'ceres')",3163,15.733187425387982
"('amelia', 'calliope', 'inanis', 'ceres')",3006,14.95224830879427
"('amelia', 'calliope', 'kiara', 'ceres')",2668,13.270990847592518
"('amelia', 'calliope', 'irys', 'ceres')",2321,11.544966175885396
"('amelia', 'calliope', 'sana', 'ceres')",1517,7.545762037405492
"('amelia', 'calliope', 'ceres', 'ouro')",2887,14.360326303223239
"('amelia', 'calliope', 'ceres', 'mumei')",2607,12.967568643056108
"('amelia', 'calliope', 'ceres', 'hakos')",2977,14.80799840827696
"('amelia', 'gura', 'inanis', 'ceres')",3844,19.12057302029447
"('amelia', 'gura', 'kiara', 'ceres')",3191,15.872463191404695
"('amelia', 'gura', 'irys', 'ceres')",2914,14.494627934739354
"('amelia', 'gura', 'sana', 'ceres')",1857,9.236967767608437
"('amelia', 'gura', 'ceres', 'ouro')",3732,18.563469956227614
"('amelia', 'gura', 'ceres', 'mumei')",3468,17.250298448070037
"('amelia', 'gura', 'ceres', 'hakos')",3779,18.79725427775567
"('amelia', 'inanis', 'kiara', 'ceres')",3052,15.181058495821729
"('amelia', 'inanis', 'irys', 'ceres')",2728,13.569438917628332
"('amelia', 'inanis', 'sana', 'ceres')",1772,8.814166335057699
"('amelia', 'inanis', 'ceres', 'ouro')",3340,16.613609231993635
"('amelia', 'inanis', 'ceres', 'mumei')",3177,15.80282530839634
"('amelia', 'inanis', 'ceres', 'hakos')",3448,17.150815758058098
"('amelia', 'kiara', 'irys', 'ceres')",2386,11.868284918424195
"('amelia', 'kiara', 'sana', 'ceres')",1633,8.122761639474732
"('amelia', 'kiara', 'ceres', 'ouro')",2828,14.066852367688023
"('amelia', 'kiara', 'ceres', 'mumei')",2656,13.211301233585356
"('amelia', 'kiara', 'ceres', 'hakos')",2999,14.917429367290092
"('amelia', 'irys', 'sana', 'ceres')",1448,7.202546756864306
"('amelia', 'irys', 'ceres', 'ouro')",2766,13.758456028651015
"('amelia', 'irys', 'ceres', 'mumei')",2483,12.350775964982093
"('amelia', 'irys', 'ceres', 'hakos')",2865,14.250895344210107
"('amelia', 'sana', 'ceres', 'ouro')",1728,8.595304417031437
"('amelia', 'sana', 'ceres', 'mumei')",1623,8.073020294468762
"('amelia', 'sana', 'ceres', 'hakos')",1819,9.047950656585755
"('amelia', 'ceres', 'ouro', 'mumei')",3142,15.628730600875448
"('amelia', 'ceres', 'ouro', 'hakos')",3479,17.305013927576603
"('amelia', 'ceres', 'mumei', 'hakos')",3238,16.10624751293275
"('calliope', 'gura', 'inanis', 'ceres')",3101,15.424791086350975
"('calliope', 'gura', 'kiara', 'ceres')",2682,13.340628730600876
"('calliope', 'gura', 'irys', 'ceres')",2408,11.977715877437326
"('calliope', 'gura', 'sana', 'ceres')",1561,7.764623955431754
"('calliope', 'gura', 'ceres', 'ouro')",3015,14.997015519299643
"('calliope', 'gura', 'ceres', 'mumei')",2772,13.788300835654596
"('calliope', 'gura', 'ceres', 'hakos')",3132,15.57898925586948
"('calliope', 'inanis', 'kiara', 'ceres')",2695,13.405292479108635
"('calliope', 'inanis', 'irys', 'ceres')",2345,11.664345403899722
"('calliope', 'inanis', 'sana', 'ceres')",1521,7.565658575407879
"('calliope', 'inanis', 'ceres', 'ouro')",2817,14.012136888181455
"('calliope', 'inanis', 'ceres', 'mumei')",2620,13.032232391563866
"('calliope', 'inanis', 'ceres', 'hakos')",2954,14.69359331476323
"('calliope', 'kiara', 'irys', 'ceres')",2113,10.510346199761242
"('calliope', 'kiara', 'sana', 'ceres')",1458,7.252288101870274
"('calliope', 'kiara', 'ceres', 'ouro')",2497,12.42041384799045
"('calliope', 'kiara', 'ceres', 'mumei')",2314,11.510147234381218
"('calliope', 'kiara', 'ceres', 'hakos')",2697,13.41524074810983
"('calliope', 'irys', 'sana', 'ceres')",1273,6.332073219259849
"('calliope', 'irys', 'ceres', 'ouro')",2342,11.649423000397931
"('calliope', 'irys', 'ceres', 'mumei')",2071,10.301432550736173
"('calliope', 'irys', 'ceres', 'hakos')",2483,12.350775964982093
"('calliope', 'sana', 'ceres', 'ouro')",1510,7.510943095901314
"('calliope', 'sana', 'ceres', 'mumei')",1401,6.9687624353362505
"('calliope', 'sana', 'ceres', 'hakos')",1599,7.953641066454437
"('calliope', 'ceres', 'ouro', 'mumei')",2598,12.922801432550738
"('calliope', 'ceres', 'ouro', 'hakos')",2971,14.778153601273377
"('calliope', 'ceres', 'mumei', 'hakos')",2706,13.4600079586152
"('gura', 'inanis', 'kiara', 'ceres')",3119,15.51432550736172
"('gura', 'inanis', 'irys', 'ceres')",2836,14.106645443692797
"('gura', 'inanis', 'sana', 'ceres')",1810,9.003183446080381
"('gura', 'inanis', 'ceres', 'ouro')",3572,17.76760843613211
"('gura', 'inanis', 'ceres', 'mumei')",3388,16.852367688022284
"('gura', 'inanis', 'ceres', 'hakos')",3652,18.165539196179864
"('gura', 'kiara', 'irys', 'ceres')",2432,12.09709510545165
"('gura', 'kiara', 'sana', 'ceres')",1632,8.117787504974135
"('gura', 'kiara', 'ceres', 'ouro')",2965,14.748308794269796
"('gura', 'kiara', 'ceres', 'mumei')",2796,13.907680063668924
"('gura', 'kiara', 'ceres', 'hakos')",3117,15.504377238360526
"('gura', 'irys', 'sana', 'ceres')",1468,7.302029446876243
"('gura', 'irys', 'ceres', 'ouro')",2933,14.589136490250695
"('gura', 'irys', 'ceres', 'mumei')",2627,13.067051333068047
"('gura', 'irys', 'ceres', 'hakos')",3022,15.03183446080382
"('gura', 'sana', 'ceres', 'ouro')",1802,8.963390370075606
"('gura', 'sana', 'ceres', 'mumei')",1684,8.376442499005172
"('gura', 'sana', 'ceres', 'hakos')",1887,9.386191802626342
"('gura', 'ceres', 'ouro', 'mumei')",3425,17.03641066454437
"('gura', 'ceres', 'ouro', 'hakos')",3781,18.807202546756866
"('gura', 'ceres', 'mumei', 'hakos')",3507,17.444289693593316
"('inanis', 'kiara', 'irys', 'ceres')",2367,11.773776362912853
"('inanis', 'kiara', 'sana', 'ceres')",1634,8.127735773975328
"('inanis', 'kiara', 'ceres', 'ouro')",2759,13.723637087146837
"('inanis', 'kiara', 'ceres', 'mumei')",2700,13.430163151611618
"('inanis', 'kiara', 'ceres', 'hakos')",2978,14.812972542777555
"('inanis', 'irys', 'sana', 'ceres')",1436,7.142857142857142
"('inanis', 'irys', 'ceres', 'ouro')",2681,13.33565459610028
"('inanis', 'irys', 'ceres', 'mumei')",2453,12.201551929964186
"('inanis', 'irys', 'ceres', 'hakos')",2822,14.037007560684442
"('inanis', 'sana', 'ceres', 'ouro')",1668,8.296856346995622
"('inanis', 'sana', 'ceres', 'mumei')",1618,8.048149621965777
"('inanis', 'sana', 'ceres', 'hakos')",1807,8.988261042578591
"('inanis', 'ceres', 'ouro', 'mumei')",3050,15.171110226820533
"('inanis', 'ceres', 'ouro', 'hakos')",3351,16.668324711500198
"('inanis', 'ceres', 'mumei', 'hakos')",3215,15.991842419419022
"('kiara', 'irys', 'sana', 'ceres')",1346,6.695185037803422
"('kiara', 'irys', 'ceres', 'ouro')",2329,11.584759251890171
"('kiara', 'irys', 'ceres', 'mumei')",2130,10.594906486271388
"('kiara', 'irys', 'ceres', 'hakos')",2510,12.48507759649821
"('kiara', 'sana', 'ceres', 'ouro')",1536,7.640270592916833
"('kiara', 'sana', 'ceres', 'mumei')",1476,7.341822522881018
"('kiara', 'sana', 'ceres', 'hakos')",1666,8.286908077994429
"('kiara', 'ceres', 'ouro', 'mumei')",2562,12.743732590529246
"('kiara', 'ceres', 'ouro', 'hakos')",2919,14.51949860724234
"('kiara', 'ceres', 'mumei', 'hakos')",2741,13.63410266613609
"('irys', 'sana', 'ceres', 'ouro')",1469,7.307003581376841
"('irys', 'sana', 'ceres', 'mumei')",1362,6.774771189812973
"('irys', 'sana', 'ceres', 'hakos')",1576,7.839235972940709
"('irys', 'ceres', 'ouro', 'mumei')",2551,12.689017111022682
"('irys', 'ceres', 'ouro', 'hakos')",2956,14.703541583764427
"('irys', 'ceres', 'mumei', 'hakos')",2652,13.191404695582968
"('sana', 'ceres', 'ouro', 'mumei')",1629,8.102865101472343
"('sana', 'ceres', 'ouro', 'hakos')",1859,9.24691603660963
"('sana', 'ceres', 'mumei', 'hakos')",1738,8.645045762037405
"('ceres', 'ouro', 'mumei', 'hakos')",3305,16.43951452447274
"('amelia', 'calliope', 'gura', 'inanis', 'ceres')",2563,12.748706725029846
"('amelia', 'calliope', 'gura', 'kiara', 'ceres')",2248,11.181854357341821
"('amelia', 'calliope', 'gura', 'irys', 'ceres')",1998,9.938320732192599
"('amelia', 'calliope', 'gura', 'sana', 'ceres')",1339,6.660366096299245
"('amelia', 'calliope', 'gura', 'ceres', 'ouro')",2465,12.26124154397135
"('amelia', 'calliope', 'gura', 'ceres', 'mumei')",2286,11.370871468364504
"('amelia', 'calliope', 'gura', 'ceres', 'hakos')",2557,12.718861918026263
"('amelia', 'calliope', 'inanis', 'kiara', 'ceres')",2194,10.91325109430959
"('amelia', 'calliope', 'inanis', 'irys', 'ceres')",1931,9.605053720652606
"('amelia', 'calliope', 'inanis', 'sana', 'ceres')",1294,6.436530043772383
"('amelia', 'calliope', 'inanis', 'ceres', 'ouro')",2312,11.500198965380024
"('amelia', 'calliope', 'inanis', 'ceres', 'mumei')",2172,10.803820135296458
"('amelia', 'calliope', 'inanis', 'ceres', 'hakos')",2424,12.057302029446875
"('amelia', 'calliope', 'kiara', 'irys', 'ceres')",1768,8.794269797055312
"('amelia', 'calliope', 'kiara', 'sana', 'ceres')",1245,6.192797453243136
"('amelia', 'calliope', 'kiara', 'ceres', 'ouro')",2082,10.356148030242737
"('amelia', 'calliope', 'kiara', 'ceres', 'mumei')",1937,9.634898527656189
"('amelia', 'calliope', 'kiara', 'ceres', 'hakos')",2228,11.082371667329886
"('amelia', 'calliope', 'irys', 'sana', 'ceres')",1092,5.43175487465181
"('amelia', 'calliope', 'irys', 'ceres', 'ouro')",1922,9.560286510147234
"('amelia', 'calliope', 'irys', 'ceres', 'mumei')",1752,8.714683645045762
"('amelia', 'calliope', 'irys', 'ceres', 'hakos')",2019,10.042777556705133
"('amelia', 'calliope', 'sana', 'ceres', 'ouro')",1267,6.302228412256268
"('amelia', 'calliope', 'sana', 'ceres', 'mumei')",1211,6.023676880222841
"('amelia', 'calliope', 'sana', 'ceres', 'hakos')",1344,6.685236768802229
"('amelia', 'calliope', 'ceres', 'ouro', 'mumei')",2135,10.619777158774374
"('amelia', 'calliope', 'ceres', 'ouro', 'hakos')",2394,11.90807799442897
"('amelia', 'calliope', 'ceres', 'mumei', 'hakos')",2231,11.097294070831676
"('amelia', 'gura', 'inanis', 'kiara', 'ceres')",2593,12.897930760047752
"('amelia', 'gura', 'inanis', 'irys', 'ceres')",2347,11.674293672900916
"('amelia', 'gura', 'inanis', 'sana', 'ceres')",1550,7.7099084759251895
"('amelia', 'gura', 'inanis', 'ceres', 'ouro')",2877,14.310584958217271
"('amelia', 'gura', 'inanis', 'ceres', 'mumei')",2780,13.828093911659373
"('amelia', 'gura', 'inanis', 'ceres', 'hakos')",2988,14.862713887783526
"('amelia', 'gura', 'kiara', 'irys', 'ceres')",2048,10.187027457222444
"('amelia', 'gura', 'kiara', 'sana', 'ceres')",1415,7.038400318344608
"('amelia', 'gura', 'kiara', 'ceres', 'ouro')",2451,12.191603660962992
"('amelia', 'gura', 'kiara', 'ceres', 'mumei')",2323,11.55491444488659
"('amelia', 'gura', 'kiara', 'ceres', 'hakos')",2575,12.808396339037007
"('amelia', 'gura', 'irys', 'sana', 'ceres')",1271,6.3221249502586545
"('amelia', 'gura', 'irys', 'ceres', 'ouro')",2366,11.768802228412255
"('amelia', 'gura', 'irys', 'ceres', 'mumei')",2181,10.84858734580183
"('amelia', 'gura', 'irys', 'ceres', 'hakos')",2463,12.251293274970156
"('amelia', 'gura', 'sana', 'ceres', 'ouro')",1516,7.540787902904894
"('amelia', 'gura', 'sana', 'ceres', 'mumei')",1439,7.157779546358933
"('amelia', 'gura', 'sana', 'ceres', 'hakos')",1593,7.923796259450855
"('amelia', 'gura', 'ceres', 'ouro', 'mumei')",2724,13.549542379625946
"('amelia', 'gura', 'ceres', 'ouro', 'hakos')",2996,14.902506963788301
"('amelia', 'gura', 'ceres', 'mumei', 'hakos')",2830,14.076800636689216
"('amelia', 'inanis', 'kiara', 'irys', 'ceres')",1967,9.784122562674094
"('amelia', 'inanis', 'kiara', 'sana', 'ceres')",1392,6.92399522483088
"('amelia', 'inanis', 'kiara', 'ceres', 'ouro')",2294,11.41066454436928
"('amelia', 'inanis', 'kiara', 'ceres', 'mumei')",2229,11.08734580183048
"('amelia', 'inanis', 'kiara', 'ceres', 'hakos')",2451,12.191603660962992
"('amelia', 'inanis', 'irys', 'sana', 'ceres')",1233,6.133107839235973
"('amelia', 'inanis', 'irys', 'ceres', 'ouro')",2192,10.903302825308396
"('amelia', 'inanis', 'irys', 'ceres', 'mumei')",2059,10.24174293672901
"('amelia', 'inanis', 'irys', 'ceres', 'hakos')",2311,11.495224830879428
"('amelia', 'inanis', 'sana', 'ceres', 'ouro')",1409,7.008555511341026
"('amelia', 'inanis', 'sana', 'ceres', 'mumei')",1381,6.869279745324314
"('amelia', 'inanis', 'sana', 'ceres', 'hakos')",1515,7.535813768404298
"('amelia', 'inanis', 'ceres', 'ouro', 'mumei')",2486,12.365698368483883
"('amelia', 'inanis', 'ceres', 'ouro', 'hakos')",2715,13.504775169120572
"('amelia', 'inanis', 'ceres', 'mumei', 'hakos')",2645,13.15658575407879
"('amelia', 'kiara', 'irys', 'sana', 'ceres')",1161,5.774970155192997
"('amelia', 'kiara', 'irys', 'ceres', 'ouro')",1939,9.644846796657381
"('amelia', 'kiara', 'irys', 'ceres', 'mumei')",1805,8.978312773577397
"('amelia', 'kiara', 'irys', 'ceres', 'hakos')",2066,10.276561878233187
"('amelia', 'kiara', 'sana', 'ceres', 'ouro')",1304,6.486271388778353
"('amelia', 'kiara', 'sana', 'ceres', 'mumei')",1277,6.3519697572622364
"('amelia', 'kiara', 'sana', 'ceres', 'hakos')",1410,7.013529645841624
"('amelia', 'kiara', 'ceres', 'ouro', 'mumei')",2127,10.579984082769599
"('amelia', 'kiara', 'ceres', 'ouro', 'hakos')",2379,11.833465976920015
"('amelia', 'kiara', 'ceres', 'mumei', 'hakos')",2269,11.286311181854357
"('amelia', 'irys', 'sana', 'ceres', 'ouro')",1246,6.197771587743732
"('amelia', 'irys', 'sana', 'ceres', 'mumei')",1171,5.8247115001989656
"('amelia', 'irys', 'sana', 'ceres', 'hakos')",1321,6.570831675288499
"('amelia', 'irys', 'ceres', 'ouro', 'mumei')",2092,10.405889375248707
"('amelia', 'irys', 'ceres', 'ouro', 'hakos')",2354,11.709112614405095
"('amelia', 'irys', 'ceres', 'mumei', 'hakos')",2184,10.86350974930362
"('amelia', 'sana', 'ceres', 'ouro', 'mumei')",1361,6.769797055312375
"('amelia', 'sana', 'ceres', 'ouro', 'hakos')",1523,7.575606844409073
"('amelia', 'sana', 'ceres', 'mumei', 'hakos')",1457,7.247313967369677
"('amelia', 'ceres', 'ouro', 'mumei', 'hakos')",2637,13.116792678074015
"('calliope', 'gura', 'inanis', 'kiara', 'ceres')",2218,11.032630322323914
"('calliope', 'gura', 'inanis', 'irys', 'ceres')",1989,9.893553521687226
"('calliope', 'gura', 'inanis', 'sana', 'ceres')",1328,6.605650616792678
"('calliope', 'gura', 'inanis', 'ceres', 'ouro')",2410,11.98766414643852
"('calliope', 'gura', 'inanis', 'ceres', 'mumei')",2277,11.326104257859132
"('calliope', 'gura', 'inanis', 'ceres', 'hakos')",2516,12.51492240350179
"('calliope', 'gura', 'kiara', 'irys', 'ceres')",1784,8.873855949064863
"('calliope', 'gura', 'kiara', 'sana', 'ceres')",1247,6.202745722244329
"('calliope', 'gura', 'kiara', 'ceres', 'ouro')",2110,10.495423796259452
"('calliope', 'gura', 'kiara', 'ceres', 'mumei')",1995,9.923398328690809
"('calliope', 'gura', 'kiara', 'ceres', 'hakos')",2251,11.196776760843614
"('calliope', 'gura', 'irys', 'sana', 'ceres')",1113,5.536211699164345
"('calliope', 'gura', 'irys', 'ceres', 'ouro')",1978,9.83883804218066
"('calliope', 'gura', 'irys', 'ceres', 'mumei')",1823,9.067847194588142
"('calliope', 'gura', 'irys', 'ceres', 'hakos')",2098,10.435734182252288
"('calliope', 'gura', 'sana', 'ceres', 'ouro')",1305,6.491245523278949
"('calliope', 'gura', 'sana', 'ceres', 'mumei')",1253,6.232590529247911
"('calliope', 'gura', 'sana', 'ceres', 'hakos')",1387,6.899124552327896
"('calliope', 'gura', 'ceres', 'ouro', 'mumei')",2252,11.20175089534421
"('calliope', 'gura', 'ceres', 'ouro', 'hakos')",2515,12.509948269001194
"('calliope', 'gura', 'ceres', 'mumei', 'hakos')",2354,11.709112614405095
"('calliope', 'inanis', 'kiara', 'irys', 'ceres')",1770,8.804218066056507
"('calliope', 'inanis', 'kiara', 'sana', 'ceres')",1246,6.197771587743732
"('calliope', 'inanis', 'kiara', 'ceres', 'ouro')",2048,10.187027457222444
"('calliope', 'inanis', 'kiara', 'ceres', 'mumei')",1961,9.754277755670513
"('calliope', 'inanis', 'kiara', 'ceres', 'hakos')",2204,10.96299243931556
"('calliope', 'inanis', 'irys', 'sana', 'ceres')",1098,5.461599681655392
"('calliope', 'inanis', 'irys', 'ceres', 'ouro')",1900,9.450855551134103
"('calliope', 'inanis', 'irys', 'ceres', 'mumei')",1749,8.699761241543971
"('calliope', 'inanis', 'irys', 'ceres', 'hakos')",2030,10.097493036211699
"('calliope', 'inanis', 'sana', 'ceres', 'ouro')",1247,6.202745722244329
"('calliope', 'inanis', 'sana', 'ceres', 'mumei')",1205,5.99383207321926
"('calliope', 'inanis', 'sana', 'ceres', 'hakos')",1340,6.66534023079984
"('calliope', 'inanis', 'ceres', 'ouro', 'mumei')",2101,10.450656585754079
"('calliope', 'inanis', 'ceres', 'ouro', 'hakos')",2350,11.689216076402706
"('calliope', 'inanis', 'ceres', 'mumei', 'hakos')",2236,11.12216474333466
"('calliope', 'kiara', 'irys', 'sana', 'ceres')",1054,5.242737763629129
"('calliope', 'kiara', 'irys', 'ceres', 'ouro')",1724,8.575407879029049
"('calliope', 'kiara', 'irys', 'ceres', 'mumei')",1590,7.908873855949065
"('calliope', 'kiara', 'irys', 'ceres', 'hakos')",1865,9.276760843613213
"('calliope', 'kiara', 'sana', 'ceres', 'ouro')",1189,5.91424592120971
"('calliope', 'kiara', 'sana', 'ceres', 'mumei')",1148,5.710306406685237
"('calliope', 'kiara', 'sana', 'ceres', 'hakos')",1298,6.456426581774771
"('calliope', 'kiara', 'ceres', 'ouro', 'mumei')",1872,9.31157978511739
"('calliope', 'kiara', 'ceres', 'ouro', 'hakos')",2140,10.644647831277359
"('calliope', 'kiara', 'ceres', 'mumei', 'hakos')",2015,10.022881018702744
"('calliope', 'irys', 'sana', 'ceres', 'ouro')",1120,5.571030640668524
"('calliope', 'irys', 'sana', 'ceres', 'mumei')",1042,5.183048149621966
"('calliope', 'irys', 'sana', 'ceres', 'hakos')",1196,5.949064862713888
"('calliope', 'irys', 'ceres', 'ouro', 'mumei')",1758,8.744528452049344
"('calliope', 'irys', 'ceres', 'ouro', 'hakos')",2042,10.15718265021886
"('calliope', 'irys', 'ceres', 'mumei', 'hakos')",1861,9.256864305610824
"('calliope', 'sana', 'ceres', 'ouro', 'mumei')",1206,5.9988062077198565
"('calliope', 'sana', 'ceres', 'ouro', 'hakos')",1364,6.784719458814166
"('calliope', 'sana', 'ceres', 'mumei', 'hakos')",1282,6.376840429765221
"('calliope', 'ceres', 'ouro', 'mumei', 'hakos')",2233,11.107242339832869
"('gura', 'inanis', 'kiara', 'irys', 'ceres')",2013,10.012932749701552
"('gura', 'inanis', 'kiara', 'sana', 'ceres')",1401,6.9687624353362505
"('gura', 'inanis', 'kiara', 'ceres', 'ouro')",2375,11.813569438917629
"('gura', 'inanis', 'kiara', 'ceres', 'mumei')",2310,11.49025069637883
"('gura', 'inanis', 'kiara', 'ceres', 'hakos')",2519,12.529844807003581
"('gura', 'inanis', 'irys', 'sana', 'ceres')",1252,6.227616394747313
"('gura', 'inanis', 'irys', 'ceres', 'ouro')",2290,11.390768006366892
"('gura', 'inanis', 'irys', 'ceres', 'mumei')",2139,10.639673696776761
"('gura', 'inanis', 'irys', 'ceres', 'hakos')",2399,11.932948666931955
"('gura', 'inanis', 'sana', 'ceres', 'ouro')",1465,7.287107043374452
"('gura', 'inanis', 'sana', 'ceres', 'mumei')",1433,7.127934739355352
"('gura', 'inanis', 'sana', 'ceres', 'hakos')",1567,7.794468762435336
"('gura', 'inanis', 'ceres', 'ouro', 'mumei')",2651,13.186430561082371
"('gura', 'inanis', 'ceres', 'ouro', 'hakos')",2895,14.400119379228013
"('gura', 'inanis', 'ceres', 'mumei', 'hakos')",2794,13.897731794667727
"('gura', 'kiara', 'irys', 'sana', 'ceres')",1169,5.814763231197772
"('gura', 'kiara', 'irys', 'ceres', 'ouro')",1992,9.908475925189016
"('gura', 'kiara', 'irys', 'ceres', 'mumei')",1868,9.291683247115003
"('gura', 'kiara', 'irys', 'ceres', 'hakos')",2115,10.520294468762435
"('gura', 'kiara', 'sana', 'ceres', 'ouro')",1331,6.6205730202944695
"('gura', 'kiara', 'sana', 'ceres', 'mumei')",1289,6.4116593712693986
"('gura', 'kiara', 'sana', 'ceres', 'hakos')",1437,7.1478312773577395
"('gura', 'kiara', 'ceres', 'ouro', 'mumei')",2237,11.127138877835256
"('gura', 'kiara', 'ceres', 'ouro', 'hakos')",2507,12.470155192996419
"('gura', 'kiara', 'ceres', 'mumei', 'hakos')",2379,11.833465976920015
"('gura', 'irys', 'sana', 'ceres', 'ouro')",1274,6.337047353760446
"('gura', 'irys', 'sana', 'ceres', 'mumei')",1193,5.934142459212097
"('gura', 'irys', 'sana', 'ceres', 'hakos')",1351,6.720055710306407
"('gura', 'irys', 'ceres', 'ouro', 'mumei')",2187,10.878432152805411
"('gura', 'irys', 'ceres', 'ouro', 'hakos')",2477,12.320931157978512
"('gura', 'irys', 'ceres', 'mumei', 'hakos')",2287,11.375845602865102
"('gura', 'sana', 'ceres', 'ouro', 'mumei')",1426,7.093115797851174
"('gura', 'sana', 'ceres', 'ouro', 'hakos')",1597,7.943692797453243
"('gura', 'sana', 'ceres', 'mumei', 'hakos')",1516,7.540787902904894
"('gura', 'ceres', 'ouro', 'mumei', 'hakos')",2834,14.096697174691602
"('inanis', 'kiara', 'irys', 'sana', 'ceres')",1162,5.779944289693593
"('inanis', 'kiara', 'irys', 'ceres', 'ouro')",1889,9.396140071627537
"('inanis', 'kiara', 'irys', 'ceres', 'mumei')",1800,8.953442101074414
"('inanis', 'kiara', 'irys', 'ceres', 'hakos')",2045,10.172105053720653
"('inanis', 'kiara', 'sana', 'ceres', 'ouro')",1295,6.4415041782729805
"('inanis', 'kiara', 'sana', 'ceres', 'mumei')",1280,6.366892160764028
"('inanis', 'kiara', 'sana', 'ceres', 'hakos')",1412,7.023477914842817
"('inanis', 'kiara', 'ceres', 'ouro', 'mumei')",2089,10.390966971746916
"('inanis', 'kiara', 'ceres', 'ouro', 'hakos')",2324,11.559888579387186
"('inanis', 'kiara', 'ceres', 'mumei', 'hakos')",2277,11.326104257859132
"('inanis', 'irys', 'sana', 'ceres', 'ouro')",1214,6.038599283724632
"('inanis', 'irys', 'sana', 'ceres', 'mumei')",1165,5.7948666931953845
"('inanis', 'irys', 'sana', 'ceres', 'hakos')",1315,6.540986868284919
"('inanis', 'irys', 'ceres', 'ouro', 'mumei')",2030,10.097493036211699
"('inanis', 'irys', 'ceres', 'ouro', 'hakos')",2293,11.405690409868683
"('inanis', 'irys', 'ceres', 'mumei', 'hakos')",2171,10.798846000795862
"('inanis', 'sana', 'ceres', 'ouro', 'mumei')",1330,6.615598885793872
"('inanis', 'sana', 'ceres', 'ouro', 'hakos')",1493,7.426382809391166
"('inanis', 'sana', 'ceres', 'mumei', 'hakos')",1461,7.2672105053720655
"('inanis', 'ceres', 'ouro', 'mumei', 'hakos')",2580,12.833267011539991
"('kiara', 'irys', 'sana', 'ceres', 'ouro')",1142,5.680461599681656
"('kiara', 'irys', 'sana', 'ceres', 'mumei')",1093,5.436729009152407
"('kiara', 'irys', 'sana', 'ceres', 'hakos')",1235,6.143056108237166
"('kiara', 'irys', 'ceres', 'ouro', 'mumei')",1783,8.868881814564265
"('kiara', 'irys', 'ceres', 'ouro', 'hakos')",2045,10.172105053720653
"('kiara', 'irys', 'ceres', 'mumei', 'hakos')",1906,9.480700358137684
"('kiara', 'sana', 'ceres', 'ouro', 'mumei')",1223,6.083366494230004
"('kiara', 'sana', 'ceres', 'ouro', 'hakos')",1381,6.869279745324314
"('kiara', 'sana', 'ceres', 'mumei', 'hakos')",1335,6.640469558296856
"('kiara', 'ceres', 'ouro', 'mumei', 'hakos')",2235,11.117190608834063
"('irys', 'sana', 'ceres', 'ouro', 'mumei')",1190,5.919220055710307
"('irys', 'sana', 'ceres', 'ouro', 'hakos')",1356,6.744926382809391
"('irys', 'sana', 'ceres', 'mumei', 'hakos')",1264,6.287306008754477
"('irys', 'ceres', 'ouro', 'mumei', 'hakos')",2230,11.092319936331078
"('sana', 'ceres', 'ouro', 'mumei', 'hakos')",1481,7.366693195384003
"('amelia', 'calliope', 'gura', 'inanis', 'kiara', 'ceres')",1925,9.575208913649025
"('amelia', 'calliope', 'gura', 'inanis', 'irys', 'ceres')",1722,8.565459610027855
"('amelia', 'calliope', 'gura', 'inanis', 'sana', 'ceres')",1170,5.819737365698368
"('amelia', 'calliope', 'gura', 'inanis', 'ceres', 'ouro')",2061,10.251691205730202
"('amelia', 'calliope', 'gura', 'inanis', 'ceres', 'mumei')",1969,9.794070831675288
"('amelia', 'calliope', 'gura', 'inanis', 'ceres', 'hakos')",2164,10.764027059291683
"('amelia', 'calliope', 'gura', 'kiara', 'irys', 'ceres')",1573,7.824313569438917
"('amelia', 'calliope', 'gura', 'kiara', 'sana', 'ceres')",1109,5.516315161161957
"('amelia', 'calliope', 'gura', 'kiara', 'ceres', 'ouro')",1844,9.172304019100677
"('amelia', 'calliope', 'gura', 'kiara', 'ceres', 'mumei')",1740,8.654994031038598
"('amelia', 'calliope', 'gura', 'kiara', 'ceres', 'hakos')",1958,9.739355352168722
"('amelia', 'calliope', 'gura', 'irys', 'sana', 'ceres')",993,4.939315559092718
"('amelia', 'calliope', 'gura', 'irys', 'ceres', 'ouro')",1706,8.485873458018304
"('amelia', 'calliope', 'gura', 'irys', 'ceres', 'mumei')",1597,7.943692797453243
"('amelia', 'calliope', 'gura', 'irys', 'ceres', 'hakos')",1802,8.963390370075606
"('amelia', 'calliope', 'gura', 'sana', 'ceres', 'ouro')",1143,5.685435734182252
"('amelia', 'calliope', 'gura', 'sana', 'ceres', 'mumei')",1112,5.531237564663749
"('amelia', 'calliope', 'gura', 'sana', 'ceres', 'hakos')",1219,6.063469956227617
"('amelia', 'calliope', 'gura', 'ceres', 'ouro', 'mumei')",1923,9.56526064464783
"('amelia', 'calliope', 'gura', 'ceres', 'ouro', 'hakos')",2130,10.594906486271388
"('amelia', 'calliope', 'gura', 'ceres', 'mumei', 'hakos')",2010,9.998010346199761
"('amelia', 'calliope', 'inanis', 'kiara', 'irys', 'ceres')",1529,7.605451651412654
"('amelia', 'calliope', 'inanis', 'kiara', 'sana', 'ceres')",1097,5.456625547154795
"('amelia', 'calliope', 'inanis', 'kiara', 'ceres', 'ouro')",1778,8.84401114206128
"('amelia', 'calliope', 'inanis', 'kiara', 'ceres', 'mumei')",1695,8.431157978511738
"('amelia', 'calliope', 'inanis', 'kiara', 'ceres', 'hakos')",1902,9.460803820135297
"('amelia', 'calliope', 'inanis', 'irys', 'sana', 'ceres')",975,4.8497811380819735
"('amelia', 'calliope', 'inanis', 'irys', 'ceres', 'ouro')",1634,8.127735773975328
"('amelia', 'calliope', 'inanis', 'irys', 'ceres', 'mumei')",1535,7.635296458416235
"('amelia', 'calliope', 'inanis', 'irys', 'ceres', 'hakos')",1743,8.66991643454039
"('amelia', 'calliope', 'inanis', 'sana', 'ceres', 'ouro')",1094,5.441703143653005
"('amelia', 'calliope', 'inanis', 'sana', 'ceres', 'mumei')",1071,5.327298050139276
"('amelia', 'calliope', 'inanis', 'sana', 'ceres', 'hakos')",1171,5.8247115001989656
"('amelia', 'calliope', 'inanis', 'ceres', 'ouro', 'mumei')",1815,9.028054118583366
"('amelia', 'calliope', 'inanis', 'ceres', 'ouro', 'hakos')",2012,10.007958615200955
"('amelia', 'calliope', 'inanis', 'ceres', 'mumei', 'hakos')",1936,9.62992439315559
"('amelia', 'calliope', 'kiara', 'irys', 'sana', 'ceres')",942,4.685634699562277
"('amelia', 'calliope', 'kiara', 'irys', 'ceres', 'ouro')",1508,7.5009948269001185
"('amelia', 'calliope', 'kiara', 'irys', 'ceres', 'mumei')",1412,7.023477914842817
"('amelia', 'calliope', 'kiara', 'irys', 'ceres', 'hakos')",1620,8.058097890966971
"('amelia', 'calliope', 'kiara', 'sana', 'ceres', 'ouro')",1050,5.222841225626741
"('amelia', 'calliope', 'kiara', 'sana', 'ceres', 'mumei')",1029,5.118384401114206
"('amelia', 'calliope', 'kiara', 'sana', 'ceres', 'hakos')",1141,5.6754874651810585
"('amelia', 'calliope', 'kiara', 'ceres', 'ouro', 'mumei')",1641,8.162554715479507
"('amelia', 'calliope', 'kiara', 'ceres', 'ouro', 'hakos')",1849,9.197174691603662
"('amelia', 'calliope', 'kiara', 'ceres', 'mumei', 'hakos')",1753,8.71965777954636
"('amelia', 'calliope', 'irys', 'sana', 'ceres', 'ouro')",983,4.889574214086749
"('amelia', 'calliope', 'irys', 'sana', 'ceres', 'mumei')",934,4.6458416235575015
"('amelia', 'calliope', 'irys', 'sana', 'ceres', 'hakos')",1044,5.192996418623159
"('amelia', 'calliope', 'irys', 'ceres', 'ouro', 'mumei')",1539,7.655192996418624
"('amelia', 'calliope', 'irys', 'ceres', 'ouro', 'hakos')",1736,8.635097493036211
"('amelia', 'calliope', 'irys', 'ceres', 'mumei', 'hakos')",1620,8.058097890966971
"('amelia', 'calliope', 'sana', 'ceres', 'ouro', 'mumei')",1060,5.27258257063271
"('amelia', 'calliope', 'sana', 'ceres', 'ouro', 'hakos')",1172,5.829685634699562
"('amelia', 'calliope', 'sana', 'ceres', 'mumei', 'hakos')",1129,5.6157978511738955
"('amelia', 'calliope', 'ceres', 'ouro', 'mumei', 'hakos')",1909,9.495622761639474
"('amelia', 'gura', 'inanis', 'kiara', 'irys', 'ceres')",1759,8.74950258654994
"('amelia', 'gura', 'inanis', 'kiara', 'sana', 'ceres')",1248,6.2077198567449265
"('amelia', 'gura', 'inanis', 'kiara', 'ceres', 'ouro')",2052,10.206923995224832
"('amelia', 'gura', 'inanis', 'kiara', 'ceres', 'mumei')",2003,9.963191404695584
"('amelia', 'gura', 'inanis', 'kiara', 'ceres', 'hakos')",2179,10.838639076800636
"('amelia', 'gura', 'inanis', 'irys', 'sana', 'ceres')",1110,5.521289295662555
"('amelia', 'gura', 'inanis', 'irys', 'ceres', 'ouro')",1953,9.71448467966574
"('amelia', 'gura', 'inanis', 'irys', 'ceres', 'mumei')",1864,9.271786709112614
"('amelia', 'gura', 'inanis', 'irys', 'ceres', 'hakos')",2062,10.2566653402308
"('amelia', 'gura', 'inanis', 'sana', 'ceres', 'ouro')",1276,6.346995622761639
"('amelia', 'gura', 'inanis', 'sana', 'ceres', 'mumei')",1264,6.287306008754477
"('amelia', 'gura', 'inanis', 'sana', 'ceres', 'hakos')",1369,6.80959013131715
"('amelia', 'gura', 'inanis', 'ceres', 'ouro', 'mumei')",2242,11.15200955033824
"('amelia', 'gura', 'inanis', 'ceres', 'ouro', 'hakos')",2430,12.087146836450458
"('amelia', 'gura', 'inanis', 'ceres', 'mumei', 'hakos')",2386,11.868284918424195
"('amelia', 'gura', 'kiara', 'irys', 'sana', 'ceres')",1046,5.2029446876243535
"('amelia', 'gura', 'kiara', 'irys', 'ceres', 'ouro')",1737,8.640071627536809
"('amelia', 'gura', 'kiara', 'irys', 'ceres', 'mumei')",1640,8.15758058097891
"('amelia', 'gura', 'kiara', 'irys', 'ceres', 'hakos')",1835,9.127536808595305
"('amelia', 'gura', 'kiara', 'sana', 'ceres', 'ouro')",1176,5.8495821727019495
"('amelia', 'gura', 'kiara', 'sana', 'ceres', 'mumei')",1154,5.740151213688819
"('amelia', 'gura', 'kiara', 'sana', 'ceres', 'hakos')",1266,6.297254277755671
"('amelia', 'gura', 'kiara', 'ceres', 'ouro', 'mumei')",1922,9.560286510147234
"('amelia', 'gura', 'kiara', 'ceres', 'ouro', 'hakos')",2133,10.60982888977318
"('amelia', 'gura', 'kiara', 'ceres', 'mumei', 'hakos')",2042,10.15718265021886
"('amelia', 'gura', 'irys', 'sana', 'ceres', 'ouro')",1125,5.595901313171508
"('amelia', 'gura', 'irys', 'sana', 'ceres', 'mumei')",1066,5.302427377636292
"('amelia', 'gura', 'irys', 'sana', 'ceres', 'hakos')",1187,5.904297652208515
"('amelia', 'gura', 'irys', 'ceres', 'ouro', 'mumei')",1867,9.286709112614405
"('amelia', 'gura', 'irys', 'ceres', 'ouro', 'hakos')",2083,10.361122164743335
"('amelia', 'gura', 'irys', 'ceres', 'mumei', 'hakos')",1959,9.744329486669319
"('amelia', 'gura', 'sana', 'ceres', 'ouro', 'mumei')",1238,6.157978511738958
"('amelia', 'gura', 'sana', 'ceres', 'ouro', 'hakos')",1370,6.814564265817748
"('amelia', 'gura', 'sana', 'ceres', 'mumei', 'hakos')",1319,6.560883406287306
"('amelia', 'gura', 'ceres', 'ouro', 'mumei', 'hakos')",2358,11.729009152407482
"('amelia', 'inanis', 'kiara', 'irys', 'sana', 'ceres')",1030,5.123358535614804
"('amelia', 'inanis', 'kiara', 'irys', 'ceres', 'ouro')",1640,8.15758058097891
"('amelia', 'inanis', 'kiara', 'irys', 'ceres', 'mumei')",1574,7.8292877039395155
"('amelia', 'inanis', 'kiara', 'irys', 'ceres', 'hakos')",1764,8.774373259052924
"('amelia', 'inanis', 'kiara', 'sana', 'ceres', 'ouro')",1137,5.655590927178671
"('amelia', 'inanis', 'kiara', 'sana', 'ceres', 'mumei')",1134,5.64066852367688
"('amelia', 'inanis', 'kiara', 'sana', 'ceres', 'hakos')",1236,6.1480302427377636
"('amelia', 'inanis', 'kiara', 'ceres', 'ouro', 'mumei')",1817,9.03800238758456
"('amelia', 'inanis', 'kiara', 'ceres', 'ouro', 'hakos')",1999,9.943294866693195
"('amelia', 'inanis', 'kiara', 'ceres', 'mumei', 'hakos')",1965,9.774174293672901
"('amelia', 'inanis', 'irys', 'sana', 'ceres', 'ouro')",1073,5.337246319140469
"('amelia', 'inanis', 'irys', 'sana', 'ceres', 'mumei')",1037,5.158177477118981
"('amelia', 'inanis', 'irys', 'sana', 'ceres', 'hakos')",1148,5.710306406685237
"('amelia', 'inanis', 'irys', 'ceres', 'ouro', 'mumei')",1756,8.734580183048148
"('amelia', 'inanis', 'irys', 'ceres', 'ouro', 'hakos')",1944,9.669717469160366
"('amelia', 'inanis', 'irys', 'ceres', 'mumei', 'hakos')",1879,9.346398726621567
"('amelia', 'inanis', 'sana', 'ceres', 'ouro', 'mumei')",1166,5.799840827695981
"('amelia', 'inanis', 'sana', 'ceres', 'ouro', 'hakos')",1284,6.386788698766415
"('amelia', 'inanis', 'sana', 'ceres', 'mumei', 'hakos')",1269,6.312176681257461
"('amelia', 'inanis', 'ceres', 'ouro', 'mumei', 'hakos')",2195,10.918225228810186
"('amelia', 'kiara', 'irys', 'sana', 'ceres', 'ouro')",1012,5.033824114604059
"('amelia', 'kiara', 'irys', 'sana', 'ceres', 'mumei')",979,4.869677676084361
"('amelia', 'kiara', 'irys', 'sana', 'ceres', 'hakos')",1082,5.382013529645842
"('amelia', 'kiara', 'irys', 'ceres', 'ouro', 'mumei')",1564,7.779546358933545
"('amelia', 'kiara', 'irys', 'ceres', 'ouro', 'hakos')",1750,8.70473537604457
"('amelia', 'kiara', 'irys', 'ceres', 'mumei', 'hakos')",1658,8.247115001989654
"('amelia', 'kiara', 'sana', 'ceres', 'ouro', 'mumei')",1081,5.377039395145244
"('amelia', 'kiara', 'sana', 'ceres', 'ouro', 'hakos')",1196,5.949064862713888
"('amelia', 'kiara', 'sana', 'ceres', 'mumei', 'hakos')",1178,5.859530441703144
"('amelia', 'kiara', 'ceres', 'ouro', 'mumei', 'hakos')",1911,9.505571030640668
"('amelia', 'irys', 'sana', 'ceres', 'ouro', 'mumei')",1047,5.207918822124951
"('amelia', 'irys', 'sana', 'ceres', 'ouro', 'hakos')",1170,5.819737365698368
"('amelia', 'irys', 'sana', 'ceres', 'mumei', 'hakos')",1107,5.506366892160764
"('amelia', 'irys', 'ceres', 'ouro', 'mumei', 'hakos')",1889,9.396140071627537
"('amelia', 'sana', 'ceres', 'ouro', 'mumei', 'hakos')",1264,6.287306008754477
"('calliope', 'gura', 'inanis', 'kiara', 'irys', 'ceres')",1550,7.7099084759251895
"('calliope', 'gura', 'inanis', 'kiara', 'sana', 'ceres')",1104,5.491444488658973
"('calliope', 'gura', 'inanis', 'kiara', 'ceres', 'ouro')",1809,8.998209311579785
"('calliope', 'gura', 'inanis', 'kiara', 'ceres', 'mumei')",1740,8.654994031038598
"('calliope', 'gura', 'inanis', 'kiara', 'ceres', 'hakos')",1919,9.545364106645444
"('calliope', 'gura', 'inanis', 'irys', 'sana', 'ceres')",989,4.91941902109033
"('calliope', 'gura', 'inanis', 'irys', 'ceres', 'ouro')",1683,8.371468364504576
"('calliope', 'gura', 'inanis', 'irys', 'ceres', 'mumei')",1579,7.854158376442499
"('calliope', 'gura', 'inanis', 'irys', 'ceres', 'hakos')",1785,8.878830083565461
"('calliope', 'gura', 'inanis', 'sana', 'ceres', 'ouro')",1126,5.600875447672105
"('calliope', 'gura', 'inanis', 'sana', 'ceres', 'mumei')",1110,5.521289295662555
"('calliope', 'gura', 'inanis', 'sana', 'ceres', 'hakos')",1203,5.983883804218066
"('calliope', 'gura', 'inanis', 'ceres', 'ouro', 'mumei')",1901,9.455829685634699
"('calliope', 'gura', 'inanis', 'ceres', 'ouro', 'hakos')",2100,10.445682451253482
"('calliope', 'gura', 'inanis', 'ceres', 'mumei', 'hakos')",2013,10.012932749701552
"('calliope', 'gura', 'kiara', 'irys', 'sana', 'ceres')",944,4.69558296856347
"('calliope', 'gura', 'kiara', 'irys', 'ceres', 'ouro')",1521,7.565658575407879
"('calliope', 'gura', 'kiara', 'irys', 'ceres', 'mumei')",1437,7.1478312773577395
"('calliope', 'gura', 'kiara', 'irys', 'ceres', 'hakos')",1626,8.087942697970552
"('calliope', 'gura', 'kiara', 'sana', 'ceres', 'ouro')",1055,5.247711898129726
"('calliope', 'gura', 'kiara', 'sana', 'ceres', 'mumei')",1037,5.158177477118981
"('calliope', 'gura', 'kiara', 'sana', 'ceres', 'hakos')",1150,5.720254675686431
"('calliope', 'gura', 'kiara', 'ceres', 'ouro', 'mumei')",1688,8.39633903700756
"('calliope', 'gura', 'kiara', 'ceres', 'ouro', 'hakos')",1883,9.366295264623956
"('calliope', 'gura', 'kiara', 'ceres', 'mumei', 'hakos')",1796,8.933545563072025
"('calliope', 'gura', 'irys', 'sana', 'ceres', 'ouro')",998,4.964186231595702
"('calliope', 'gura', 'irys', 'sana', 'ceres', 'mumei')",954,4.745324313569439
"('calliope', 'gura', 'irys', 'sana', 'ceres', 'hakos')",1062,5.282530839633904
"('calliope', 'gura', 'irys', 'ceres', 'ouro', 'mumei')",1578,7.849184241941902
"('calliope', 'gura', 'irys', 'ceres', 'ouro', 'hakos')",1786,8.883804218066055
"('calliope', 'gura', 'irys', 'ceres', 'mumei', 'hakos')",1673,8.321727019498608
"('calliope', 'gura', 'sana', 'ceres', 'ouro', 'mumei')",1101,5.476522085157183
"('calliope', 'gura', 'sana', 'ceres', 'ouro', 'hakos')",1211,6.023676880222841
"('calliope', 'gura', 'sana', 'ceres', 'mumei', 'hakos')",1167,5.804814962196578
"('calliope', 'gura', 'ceres', 'ouro', 'mumei', 'hakos')",2002,9.958217270194986
"('calliope', 'inanis', 'kiara', 'irys', 'sana', 'ceres')",944,4.69558296856347
"('calliope', 'inanis', 'kiara', 'irys', 'ceres', 'ouro')",1486,7.391563867886989
"('calliope', 'inanis', 'kiara', 'irys', 'ceres', 'mumei')",1408,7.0035813768404305
"('calliope', 'inanis', 'kiara', 'irys', 'ceres', 'hakos')",1605,7.983485873458019
"('calliope', 'inanis', 'kiara', 'sana', 'ceres', 'ouro')",1041,5.178074015121369
"('calliope', 'inanis', 'kiara', 'sana', 'ceres', 'mumei')",1027,5.108436132113012
"('calliope', 'inanis', 'kiara', 'sana', 'ceres', 'hakos')",1137,5.655590927178671
"('calliope', 'inanis', 'kiara', 'ceres', 'ouro', 'mumei')",1624,8.07799442896936
"('calliope', 'inanis', 'kiara', 'ceres', 'ouro', 'hakos')",1814,9.02307998408277
"('calliope', 'inanis', 'kiara', 'ceres', 'mumei', 'hakos')",1762,8.764424990051731
"('calliope', 'inanis', 'irys', 'sana', 'ceres', 'ouro')",971,4.829884600079586
"('calliope', 'inanis', 'irys', 'sana', 'ceres', 'mumei')",933,4.6408674890569035
"('calliope', 'inanis', 'irys', 'sana', 'ceres', 'hakos')",1043,5.188022284122563
"('calliope', 'inanis', 'irys', 'ceres', 'ouro', 'mumei')",1511,7.51591723040191
"('calliope', 'inanis', 'irys', 'ceres', 'ouro', 'hakos')",1720,8.555511341026662
"('calliope', 'inanis', 'irys', 'ceres', 'mumei', 'hakos')",1622,8.068046159968166
"('calliope', 'inanis', 'sana', 'ceres', 'ouro', 'mumei')",1042,5.183048149621966
"('calliope', 'inanis', 'sana', 'ceres', 'ouro', 'hakos')",1159,5.765021886191803
"('calliope', 'inanis', 'sana', 'ceres', 'mumei', 'hakos')",1124,5.590927178670911
"('calliope', 'inanis', 'ceres', 'ouro', 'mumei', 'hakos')",1888,9.39116593712694
"('calliope', 'kiara', 'irys', 'sana', 'ceres', 'ouro')",931,4.63091922005571
"('calliope', 'kiara', 'irys', 'sana', 'ceres', 'mumei')",894,4.446876243533625
"('calliope', 'kiara', 'irys', 'sana', 'ceres', 'hakos')",1010,5.023875845602865
"('calliope', 'kiara', 'irys', 'ceres', 'ouro', 'mumei')",1381,6.869279745324314
"('calliope', 'kiara', 'irys', 'ceres', 'ouro', 'hakos')",1584,7.879029048945483
"('calliope', 'kiara', 'irys', 'ceres', 'mumei', 'hakos')",1487,7.396538002387584
"('calliope', 'kiara', 'sana', 'ceres', 'ouro', 'mumei')",991,4.929367290091524
"('calliope', 'kiara', 'sana', 'ceres', 'ouro', 'hakos')",1113,5.536211699164345
"('calliope', 'kiara', 'sana', 'ceres', 'mumei', 'hakos')",1076,5.3521687226422605
"('calliope', 'kiara', 'ceres', 'ouro', 'mumei', 'hakos')",1710,8.505769996020693
"('calliope', 'irys', 'sana', 'ceres', 'ouro', 'mumei')",948,4.715479506565858
"('calliope', 'irys', 'sana', 'ceres', 'ouro', 'hakos')",1069,5.317349781138081
"('calliope', 'irys', 'sana', 'ceres', 'mumei', 'hakos')",1003,4.989056904098687
"('calliope', 'irys', 'ceres', 'ouro', 'mumei', 'hakos')",1619,8.053123756466375
"('calliope', 'sana', 'ceres', 'ouro', 'mumei', 'hakos')",1135,5.6456426581774775
"('gura', 'inanis', 'kiara', 'irys', 'sana', 'ceres')",1041,5.178074015121369
"('gura', 'inanis', 'kiara', 'irys', 'ceres', 'ouro')",1687,8.391364902506963
"('gura', 'inanis', 'kiara', 'irys', 'ceres', 'mumei')",1621,8.06307202546757
"('gura', 'inanis', 'kiara', 'irys', 'ceres', 'hakos')",1800,8.953442101074414
"('gura', 'inanis', 'kiara', 'sana', 'ceres', 'ouro')",1162,5.779944289693593
"('gura', 'inanis', 'kiara', 'sana', 'ceres', 'mumei')",1155,5.745125348189415
"('gura', 'inanis', 'kiara', 'sana', 'ceres', 'hakos')",1256,6.247512932749701
"('gura', 'inanis', 'kiara', 'ceres', 'ouro', 'mumei')",1885,9.376243533625148
"('gura', 'inanis', 'kiara', 'ceres', 'ouro', 'hakos')",2077,10.331277357739753
"('gura', 'inanis', 'kiara', 'ceres', 'mumei', 'hakos')",2029,10.092518901711102
"('gura', 'inanis', 'irys', 'sana', 'ceres', 'ouro')",1095,5.446677278153602
"('gura', 'inanis', 'irys', 'sana', 'ceres', 'mumei')",1056,5.252686032630322
"('gura', 'inanis', 'irys', 'sana', 'ceres', 'hakos')",1166,5.799840827695981
"('gura', 'inanis', 'irys', 'ceres', 'ouro', 'mumei')",1817,9.03800238758456
"('gura', 'inanis', 'irys', 'ceres', 'ouro', 'hakos')",2027,10.082570632709908
"('gura', 'inanis', 'irys', 'ceres', 'mumei', 'hakos')",1938,9.639872662156785
"('gura', 'inanis', 'sana', 'ceres', 'ouro', 'mumei')",1217,6.053521687226423
"('gura', 'inanis', 'sana', 'ceres', 'ouro', 'hakos')",1340,6.66534023079984
"('gura', 'inanis', 'sana', 'ceres', 'mumei', 'hakos')",1318,6.5559092717867085
"('gura', 'inanis', 'ceres', 'ouro', 'mumei', 'hakos')",2318,11.530043772383605
"('gura', 'kiara', 'irys', 'sana', 'ceres', 'ouro')",1027,5.108436132113012
"('gura', 'kiara', 'irys', 'sana', 'ceres', 'mumei')",991,4.929367290091524
"('gura', 'kiara', 'irys', 'sana', 'ceres', 'hakos')",1100,5.471547950656586
"('gura', 'kiara', 'irys', 'ceres', 'ouro', 'mumei')",1608,7.998408276959809
"('gura', 'kiara', 'irys', 'ceres', 'ouro', 'hakos')",1801,8.95841623557501
"('gura', 'kiara', 'irys', 'ceres', 'mumei', 'hakos')",1706,8.485873458018304
"('gura', 'kiara', 'sana', 'ceres', 'ouro', 'mumei')",1105,5.4964186231595695
"('gura', 'kiara', 'sana', 'ceres', 'ouro', 'hakos')",1234,6.13808197373657
"('gura', 'kiara', 'sana', 'ceres', 'mumei', 'hakos')",1198,5.959013131715082
"('gura', 'kiara', 'ceres', 'ouro', 'mumei', 'hakos')",2005,9.973139673696776
"('gura', 'irys', 'sana', 'ceres', 'ouro', 'mumei')",1074,5.342220453641067
"('gura', 'irys', 'sana', 'ceres', 'ouro', 'hakos')",1199,5.963987266215678
"('gura', 'irys', 'sana', 'ceres', 'mumei', 'hakos')",1133,5.635694389176283
"('gura', 'irys', 'ceres', 'ouro', 'mumei', 'hakos')",1966,9.779148428173498
"('gura', 'sana', 'ceres', 'ouro', 'mumei', 'hakos')",1326,6.595702347791484
"('inanis', 'kiara', 'irys', 'sana', 'ceres', 'ouro')",1005,4.999005173099881
"('inanis', 'kiara', 'irys', 'sana', 'ceres', 'mumei')",978,4.864703541583765
"('inanis', 'kiara', 'irys', 'sana', 'ceres', 'hakos')",1084,5.391961798647035
"('inanis', 'kiara', 'irys', 'ceres', 'ouro', 'mumei')",1528,7.600477516912058
"('inanis', 'kiara', 'irys', 'ceres', 'ouro', 'hakos')",1715,8.530640668523677
"('inanis', 'kiara', 'irys', 'ceres', 'mumei', 'hakos')",1659,8.252089136490252
"('inanis', 'kiara', 'sana', 'ceres', 'ouro', 'mumei')",1073,5.337246319140469
"('inanis', 'kiara', 'sana', 'ceres', 'ouro', 'hakos')",1193,5.934142459212097
"('inanis', 'kiara', 'sana', 'ceres', 'mumei', 'hakos')",1180,5.869478710704337
"('inanis', 'kiara', 'ceres', 'ouro', 'mumei', 'hakos')",1888,9.39116593712694
"('inanis', 'irys', 'sana', 'ceres', 'ouro', 'mumei')",1026,5.103461997612416
"('inanis', 'irys', 'sana', 'ceres', 'ouro', 'hakos')",1145,5.695384003183446
"('inanis', 'irys', 'sana', 'ceres', 'mumei', 'hakos')",1106,5.5013927576601676
"('inanis', 'irys', 'ceres', 'ouro', 'mumei', 'hakos')",1853,9.217071229606049
"('inanis', 'sana', 'ceres', 'ouro', 'mumei', 'hakos')",1253,6.232590529247911
"('kiara', 'irys', 'sana', 'ceres', 'ouro', 'mumei')",968,4.814962196577795
"('kiara', 'irys', 'sana', 'ceres', 'ouro', 'hakos')",1081,5.377039395145244
"('kiara', 'irys', 'sana', 'ceres', 'mumei', 'hakos')",1035,5.148229208117788
"('kiara', 'irys', 'ceres', 'ouro', 'mumei', 'hakos')",1646,8.187425387982492
"('kiara', 'sana', 'ceres', 'ouro', 'mumei', 'hakos')",1151,5.725228810187027
"('irys', 'sana', 'ceres', 'ouro', 'mumei', 'hakos')",1131,5.62574612017509
"('amelia', 'calliope', 'gura', 'inanis', 'kiara', 'irys', 'ceres')",1394,6.933943493832073
"('amelia', 'calliope', 'gura', 'inanis', 'kiara', 'sana', 'ceres')",1000,4.974134500596896
"('amelia', 'calliope', 'gura', 'inanis', 'kiara', 'ceres', 'ouro')",1615,8.033227218463987
"('amelia', 'calliope', 'gura', 'inanis', 'kiara', 'ceres', 'mumei')",1556,7.73975328292877
"('amelia', 'calliope', 'gura', 'inanis', 'kiara', 'ceres', 'hakos')",1716,8.535614803024274
"('amelia', 'calliope', 'gura', 'inanis', 'irys', 'sana', 'ceres')",896,4.456824512534819
"('amelia', 'calliope', 'gura', 'inanis', 'irys', 'ceres', 'ouro')",1489,7.406486271388777
"('amelia', 'calliope', 'gura', 'inanis', 'irys', 'ceres', 'mumei')",1424,7.08316752884998
"('amelia', 'calliope', 'gura', 'inanis', 'irys', 'ceres', 'hakos')",1587,7.893951452447275
"('amelia', 'calliope', 'gura', 'inanis', 'sana', 'ceres', 'ouro')",1007,5.008953442101075
"('amelia', 'calliope', 'gura', 'inanis', 'sana', 'ceres', 'mumei')",1001,4.979108635097493
"('amelia', 'calliope', 'gura', 'inanis', 'sana', 'ceres', 'hakos')",1078,5.362116991643454
"('amelia', 'calliope', 'gura', 'inanis', 'ceres', 'ouro', 'mumei')",1678,8.346597692001593
"('amelia', 'calliope', 'gura', 'inanis', 'ceres', 'ouro', 'hakos')",1837,9.137485077596498
"('amelia', 'calliope', 'gura', 'inanis', 'ceres', 'mumei', 'hakos')",1781,8.858933545563072
"('amelia', 'calliope', 'gura', 'kiara', 'irys', 'sana', 'ceres')",865,4.302626343016315
"('amelia', 'calliope', 'gura', 'kiara', 'irys', 'ceres', 'ouro')",1374,6.834460803820136
"('amelia', 'calliope', 'gura', 'kiara', 'irys', 'ceres', 'mumei')",1307,6.5011937922801435
"('amelia', 'calliope', 'gura', 'kiara', 'irys', 'ceres', 'hakos')",1468,7.302029446876243
"('amelia', 'calliope', 'gura', 'kiara', 'sana', 'ceres', 'ouro')",957,4.7602467170712295
"('amelia', 'calliope', 'gura', 'kiara', 'sana', 'ceres', 'mumei')",947,4.710505372065261
"('amelia', 'calliope', 'gura', 'kiara', 'sana', 'ceres', 'hakos')",1040,5.1730998806207715
"('amelia', 'calliope', 'gura', 'kiara', 'ceres', 'ouro', 'mumei')",1508,7.5009948269001185
"('amelia', 'calliope', 'gura', 'kiara', 'ceres', 'ouro', 'hakos')",1676,8.336649423000397
"('amelia', 'calliope', 'gura', 'kiara', 'ceres', 'mumei', 'hakos')",1600,7.958615200955034
"('amelia', 'calliope', 'gura', 'irys', 'sana', 'ceres', 'ouro')",902,4.4866693195384
"('amelia', 'calliope', 'gura', 'irys', 'sana', 'ceres', 'mumei')",871,4.332471150019897
"('amelia', 'calliope', 'gura', 'irys', 'sana', 'ceres', 'hakos')",958,4.765220851571827
"('amelia', 'calliope', 'gura', 'irys', 'ceres', 'ouro', 'mumei')",1414,7.0334261838440115
"('amelia', 'calliope', 'gura', 'irys', 'ceres', 'ouro', 'hakos')",1577,7.844210107441304
"('amelia', 'calliope', 'gura', 'irys', 'ceres', 'mumei', 'hakos')",1491,7.4164345403899725
"('amelia', 'calliope', 'gura', 'sana', 'ceres', 'ouro', 'mumei')",987,4.9094707520891365
"('amelia', 'calliope', 'gura', 'sana', 'ceres', 'ouro', 'hakos')",1075,5.347194588141663
"('amelia', 'calliope', 'gura', 'sana', 'ceres', 'mumei', 'hakos')",1048,5.212892956625547
"('amelia', 'calliope', 'gura', 'ceres', 'ouro', 'mumei', 'hakos')",1752,8.714683645045762
"('amelia', 'calliope', 'inanis', 'kiara', 'irys', 'sana', 'ceres')",858,4.267807401512137
"('amelia', 'calliope', 'inanis', 'kiara', 'irys', 'ceres', 'ouro')",1327,6.600676482292081
"('amelia', 'calliope', 'inanis', 'kiara', 'irys', 'ceres', 'mumei')",1265,6.2922801432550735
"('amelia', 'calliope', 'inanis', 'kiara', 'irys', 'ceres', 'hakos')",1429,7.108038201352965
"('amelia', 'calliope', 'inanis', 'kiara', 'sana', 'ceres', 'ouro')",938,4.665738161559889
"('amelia', 'calliope', 'inanis', 'kiara', 'sana', 'ceres', 'mumei')",933,4.6408674890569035
"('amelia', 'calliope', 'inanis', 'kiara', 'sana', 'ceres', 'hakos')",1022,5.083565459610028
"('amelia', 'calliope', 'inanis', 'kiara', 'ceres', 'ouro', 'mumei')",1456,7.242339832869081
"('amelia', 'calliope', 'inanis', 'kiara', 'ceres', 'ouro', 'hakos')",1617,8.04317548746518
"('amelia', 'calliope', 'inanis', 'kiara', 'ceres', 'mumei', 'hakos')",1569,7.80441703143653
"('amelia', 'calliope', 'inanis', 'irys', 'sana', 'ceres', 'ouro')",877,4.362315957023478
"('amelia', 'calliope', 'inanis', 'irys', 'sana', 'ceres', 'mumei')",852,4.237962594508556
"('amelia', 'calliope', 'inanis', 'irys', 'sana', 'ceres', 'hakos')",938,4.665738161559889
"('amelia', 'calliope', 'inanis', 'irys', 'ceres', 'ouro', 'mumei')",1355,6.739952248308795
"('amelia', 'calliope', 'inanis', 'irys', 'ceres', 'ouro', 'hakos')",1518,7.550736171906089
"('amelia', 'calliope', 'inanis', 'irys', 'ceres', 'mumei', 'hakos')",1454,7.232391563867887
"('amelia', 'calliope', 'inanis', 'sana', 'ceres', 'ouro', 'mumei')",940,4.675686430561083
"('amelia', 'calliope', 'inanis', 'sana', 'ceres', 'ouro', 'hakos')",1030,5.123358535614804
"('amelia', 'calliope', 'inanis', 'sana', 'ceres', 'mumei', 'hakos')",1012,5.033824114604059
"('amelia', 'calliope', 'inanis', 'ceres', 'ouro', 'mumei', 'hakos')",1676,8.336649423000397
"('amelia', 'calliope', 'kiara', 'irys', 'sana', 'ceres', 'ouro')",848,4.218066056506168
"('amelia', 'calliope', 'kiara', 'irys', 'sana', 'ceres', 'mumei')",822,4.088738559490649
"('amelia', 'calliope', 'kiara', 'irys', 'sana', 'ceres', 'hakos')",912,4.536410664544369
"('amelia', 'calliope', 'kiara', 'irys', 'ceres', 'ouro', 'mumei')",1257,6.252487067250298
"('amelia', 'calliope', 'kiara', 'irys', 'ceres', 'ouro', 'hakos')",1415,7.038400318344608
"('amelia', 'calliope', 'kiara', 'irys', 'ceres', 'mumei', 'hakos')",1345,6.690210903302825
"('amelia', 'calliope', 'kiara', 'sana', 'ceres', 'ouro', 'mumei')",904,4.4966175885395945
"('amelia', 'calliope', 'kiara', 'sana', 'ceres', 'ouro', 'hakos')",998,4.964186231595702
"('amelia', 'calliope', 'kiara', 'sana', 'ceres', 'mumei', 'hakos')",976,4.854755272582571
"('amelia', 'calliope', 'kiara', 'ceres', 'ouro', 'mumei', 'hakos')",1528,7.600477516912058
"('amelia', 'calliope', 'irys', 'sana', 'ceres', 'ouro', 'mumei')",858,4.267807401512137
"('amelia', 'calliope', 'irys', 'sana', 'ceres', 'ouro', 'hakos')",950,4.725427775567051
"('amelia', 'calliope', 'irys', 'sana', 'ceres', 'mumei', 'hakos')",906,4.506565857540788
"('amelia', 'calliope', 'irys', 'ceres', 'ouro', 'mumei', 'hakos')",1445,7.187624353362515
"('amelia', 'calliope', 'sana', 'ceres', 'ouro', 'mumei', 'hakos')",1009,5.018901711102268
"('amelia', 'gura', 'inanis', 'kiara', 'irys', 'sana', 'ceres')",946,4.705531237564664
"('amelia', 'gura', 'inanis', 'kiara', 'irys', 'ceres', 'ouro')",1504,7.481098288897732
"('amelia', 'gura', 'inanis', 'kiara', 'irys', 'ceres', 'mumei')",1457,7.247313967369677
"('amelia', 'gura', 'inanis', 'kiara', 'irys', 'ceres', 'hakos')",1606,7.988460007958616
"('amelia', 'gura', 'inanis', 'kiara', 'sana', 'ceres', 'ouro')",1045,5.197970553123756
"('amelia', 'gura', 'inanis', 'kiara', 'sana', 'ceres', 'mumei')",1050,5.222841225626741
"('amelia', 'gura', 'inanis', 'kiara', 'sana', 'ceres', 'hakos')",1131,5.62574612017509
"('amelia', 'gura', 'inanis', 'kiara', 'ceres', 'ouro', 'mumei')",1676,8.336649423000397
"('amelia', 'gura', 'inanis', 'kiara', 'ceres', 'ouro', 'hakos')",1829,9.097692001591723
"('amelia', 'gura', 'inanis', 'kiara', 'ceres', 'mumei', 'hakos')",1801,8.95841623557501
"('amelia', 'gura', 'inanis', 'irys', 'sana', 'ceres', 'ouro')",984,4.894548348587346
"('amelia', 'gura', 'inanis', 'irys', 'sana', 'ceres', 'mumei')",960,4.77516912057302
"('amelia', 'gura', 'inanis', 'irys', 'sana', 'ceres', 'hakos')",1045,5.197970553123756
"('amelia', 'gura', 'inanis', 'irys', 'ceres', 'ouro', 'mumei')",1606,7.988460007958616
"('amelia', 'gura', 'inanis', 'irys', 'ceres', 'ouro', 'hakos')",1768,8.794269797055312
"('amelia', 'gura', 'inanis', 'irys', 'ceres', 'mumei', 'hakos')",1721,8.560485475527258
"('amelia', 'gura', 'inanis', 'sana', 'ceres', 'ouro', 'mumei')",1086,5.401910067648229
"('amelia', 'gura', 'inanis', 'sana', 'ceres', 'ouro', 'hakos')",1181,5.874452845204934
"('amelia', 'gura', 'inanis', 'sana', 'ceres', 'mumei', 'hakos')",1175,5.844608038201353
"('amelia', 'gura', 'inanis', 'ceres', 'ouro', 'mumei', 'hakos')",2012,10.007958615200955
"('amelia', 'gura', 'kiara', 'irys', 'sana', 'ceres', 'ouro')",933,4.6408674890569035
"('amelia', 'gura', 'kiara', 'irys', 'sana', 'ceres', 'mumei')",905,4.501591723040191
"('amelia', 'gura', 'kiara', 'irys', 'sana', 'ceres', 'hakos')",991,4.929367290091524
"('amelia', 'gura', 'kiara', 'irys', 'ceres', 'ouro', 'mumei')",1440,7.162753680859531
"('amelia', 'gura', 'kiara', 'irys', 'ceres', 'ouro', 'hakos')",1596,7.938718662952645
"('amelia', 'gura', 'kiara', 'irys', 'ceres', 'mumei', 'hakos')",1524,7.580580978909669
"('amelia', 'gura', 'kiara', 'sana', 'ceres', 'ouro', 'mumei')",999,4.9691603660962995
"('amelia', 'gura', 'kiara', 'sana', 'ceres', 'ouro', 'hakos')",1098,5.461599681655392
"('amelia', 'gura', 'kiara', 'sana', 'ceres', 'mumei', 'hakos')",1081,5.377039395145244
"('amelia', 'gura', 'kiara', 'ceres', 'ouro', 'mumei', 'hakos')",1752,8.714683645045762
"('amelia', 'gura', 'irys', 'sana', 'ceres', 'ouro', 'mumei')",966,4.805013927576602
"('amelia', 'gura', 'irys', 'sana', 'ceres', 'ouro', 'hakos')",1068,5.312375646637485
"('amelia', 'gura', 'irys', 'sana', 'ceres', 'mumei', 'hakos')",1020,5.073617190608834
"('amelia', 'gura', 'irys', 'ceres', 'ouro', 'mumei', 'hakos')",1712,8.515718265021887
"('amelia', 'gura', 'sana', 'ceres', 'ouro', 'mumei', 'hakos')",1163,5.78491842419419
"('amelia', 'inanis', 'kiara', 'irys', 'sana', 'ceres', 'ouro')",907,4.511539992041385
"('amelia', 'inanis', 'kiara', 'irys', 'sana', 'ceres', 'mumei')",888,4.417031436530044
"('amelia', 'inanis', 'kiara', 'irys', 'sana', 'ceres', 'hakos')",974,4.844807003581377
"('amelia', 'inanis', 'kiara', 'irys', 'ceres', 'ouro', 'mumei')",1371,6.819538400318345
"('amelia', 'inanis', 'kiara', 'irys', 'ceres', 'ouro', 'hakos')",1515,7.535813768404298
"('amelia', 'inanis', 'kiara', 'irys', 'ceres', 'mumei', 'hakos')",1478,7.351770791882213
"('amelia', 'inanis', 'kiara', 'sana', 'ceres', 'ouro', 'mumei')",968,4.814962196577795
"('amelia', 'inanis', 'kiara', 'sana', 'ceres', 'ouro', 'hakos')",1060,5.27258257063271
"('amelia', 'inanis', 'kiara', 'sana', 'ceres', 'mumei', 'hakos')",1059,5.267608436132113
"('amelia', 'inanis', 'kiara', 'ceres', 'ouro', 'mumei', 'hakos')",1672,8.31675288499801
"('amelia', 'inanis', 'irys', 'sana', 'ceres', 'ouro', 'mumei')",932,4.635893354556307
"('amelia', 'inanis', 'irys', 'sana', 'ceres', 'ouro', 'hakos')",1021,5.07859132510943
"('amelia', 'inanis', 'irys', 'sana', 'ceres', 'mumei', 'hakos')",993,4.939315559092718
"('amelia', 'inanis', 'irys', 'ceres', 'ouro', 'mumei', 'hakos')",1636,8.137684042976522
"('amelia', 'inanis', 'sana', 'ceres', 'ouro', 'mumei', 'hakos')",1106,5.5013927576601676
"('amelia', 'kiara', 'irys', 'sana', 'ceres', 'ouro', 'mumei')",878,4.367290091524074
"('amelia', 'kiara', 'irys', 'sana', 'ceres', 'ouro', 'hakos')",966,4.805013927576602
"('amelia', 'kiara', 'irys', 'sana', 'ceres', 'mumei', 'hakos')",936,4.655789892558695
"('amelia', 'kiara', 'irys', 'ceres', 'ouro', 'mumei', 'hakos')",1463,7.277158774373259
"('amelia', 'kiara', 'sana', 'ceres', 'ouro', 'mumei', 'hakos')",1028,5.113410266613609
"('amelia', 'irys', 'sana', 'ceres', 'ouro', 'mumei', 'hakos')",1004,4.994031038599283
"('calliope', 'gura', 'inanis', 'kiara', 'irys', 'sana', 'ceres')",860,4.277755670513331
"('calliope', 'gura', 'inanis', 'kiara', 'irys', 'ceres', 'ouro')",1346,6.695185037803422
"('calliope', 'gura', 'inanis', 'kiara', 'irys', 'ceres', 'mumei')",1290,6.416633505769996
"('calliope', 'gura', 'inanis', 'kiara', 'irys', 'ceres', 'hakos')",1435,7.137883008356546
"('calliope', 'gura', 'inanis', 'kiara', 'sana', 'ceres', 'ouro')",949,4.720453641066454
"('calliope', 'gura', 'inanis', 'kiara', 'sana', 'ceres', 'mumei')",947,4.710505372065261
"('calliope', 'gura', 'inanis', 'kiara', 'sana', 'ceres', 'hakos')",1029,5.118384401114206
"('calliope', 'gura', 'inanis', 'kiara', 'ceres', 'ouro', 'mumei')",1495,7.436331078392359
"('calliope', 'gura', 'inanis', 'kiara', 'ceres', 'ouro', 'hakos')",1643,8.172502984480701
"('calliope', 'gura', 'inanis', 'kiara', 'ceres', 'mumei', 'hakos')",1601,7.963589335455631
"('calliope', 'gura', 'inanis', 'irys', 'sana', 'ceres', 'ouro')",890,4.426979705531237
"('calliope', 'gura', 'inanis', 'irys', 'sana', 'ceres', 'mumei')",869,4.322522881018703
"('calliope', 'gura', 'inanis', 'irys', 'sana', 'ceres', 'hakos')",947,4.710505372065261
"('calliope', 'gura', 'inanis', 'irys', 'ceres', 'ouro', 'mumei')",1389,6.909072821329089
"('calliope', 'gura', 'inanis', 'irys', 'ceres', 'ouro', 'hakos')",1555,7.734779148428174
"('calliope', 'gura', 'inanis', 'irys', 'ceres', 'mumei', 'hakos')",1483,7.376641464385197
"('calliope', 'gura', 'inanis', 'sana', 'ceres', 'ouro', 'mumei')",977,4.859729407083167
"('calliope', 'gura', 'inanis', 'sana', 'ceres', 'ouro', 'hakos')",1061,5.277556705133306
"('calliope', 'gura', 'inanis', 'sana', 'ceres', 'mumei', 'hakos')",1044,5.192996418623159
"('calliope', 'gura', 'inanis', 'ceres', 'ouro', 'mumei', 'hakos')",1742,8.664942300039794
"('calliope', 'gura', 'kiara', 'irys', 'sana', 'ceres', 'ouro')",849,4.223040191006764
"('calliope', 'gura', 'kiara', 'irys', 'sana', 'ceres', 'mumei')",827,4.1136092319936335
"('calliope', 'gura', 'kiara', 'irys', 'sana', 'ceres', 'hakos')",915,4.55133306804616
"('calliope', 'gura', 'kiara', 'irys', 'ceres', 'ouro', 'mumei')",1272,6.3270990847592525
"('calliope', 'gura', 'kiara', 'irys', 'ceres', 'ouro', 'hakos')",1423,7.078193394349383
"('calliope', 'gura', 'kiara', 'irys', 'ceres', 'mumei', 'hakos')",1356,6.744926382809391
"('calliope', 'gura', 'kiara', 'sana', 'ceres', 'ouro', 'mumei')",915,4.55133306804616
"('calliope', 'gura', 'kiara', 'sana', 'ceres', 'ouro', 'hakos')",1008,5.013927576601671
"('calliope', 'gura', 'kiara', 'sana', 'ceres', 'mumei', 'hakos')",985,4.899522483087942
"('calliope', 'gura', 'kiara', 'ceres', 'ouro', 'mumei', 'hakos')",1565,7.784520493434142
"('calliope', 'gura', 'irys', 'sana', 'ceres', 'ouro', 'mumei')",877,4.362315957023478
"('calliope', 'gura', 'irys', 'sana', 'ceres', 'ouro', 'hakos')",964,4.795065658575408
"('calliope', 'gura', 'irys', 'sana', 'ceres', 'mumei', 'hakos')",926,4.606048547552726
"('calliope', 'gura', 'irys', 'ceres', 'ouro', 'mumei', 'hakos')",1478,7.351770791882213
"('calliope', 'gura', 'sana', 'ceres', 'ouro', 'mumei', 'hakos')",1048,5.212892956625547
"('calliope', 'inanis', 'kiara', 'irys', 'sana', 'ceres', 'ouro')",840,4.178272980501393
"('calliope', 'inanis', 'kiara', 'irys', 'sana', 'ceres', 'mumei')",822,4.088738559490649
"('calliope', 'inanis', 'kiara', 'irys', 'sana', 'ceres', 'hakos')",909,4.521488261042578
"('calliope', 'inanis', 'kiara', 'irys', 'ceres', 'ouro', 'mumei')",1236,6.1480302427377636
"('calliope', 'inanis', 'kiara', 'irys', 'ceres', 'ouro', 'hakos')",1387,6.899124552327896
"('calliope', 'inanis', 'kiara', 'irys', 'ceres', 'mumei', 'hakos')",1339,6.660366096299245
"('calliope', 'inanis', 'kiara', 'sana', 'ceres', 'ouro', 'mumei')",894,4.446876243533625
"('calliope', 'inanis', 'kiara', 'sana', 'ceres', 'ouro', 'hakos')",989,4.91941902109033
"('calliope', 'inanis', 'kiara', 'sana', 'ceres', 'mumei', 'hakos')",974,4.844807003581377
"('calliope', 'inanis', 'kiara', 'ceres', 'ouro', 'mumei', 'hakos')",1517,7.545762037405492
"('calliope', 'inanis', 'irys', 'sana', 'ceres', 'ouro', 'mumei')",848,4.218066056506168
"('calliope', 'inanis', 'irys', 'sana', 'ceres', 'ouro', 'hakos')",937,4.660764027059291
"('calliope', 'inanis', 'irys', 'sana', 'ceres', 'mumei', 'hakos')",904,4.4966175885395945
"('calliope', 'inanis', 'irys', 'ceres', 'ouro', 'mumei', 'hakos')",1426,7.093115797851174
"('calliope', 'inanis', 'sana', 'ceres', 'ouro', 'mumei', 'hakos')",999,4.9691603660962995
"('calliope', 'kiara', 'irys', 'sana', 'ceres', 'ouro', 'mumei')",813,4.043971348985276
"('calliope', 'kiara', 'irys', 'sana', 'ceres', 'ouro', 'hakos')",905,4.501591723040191
"('calliope', 'kiara', 'irys', 'sana', 'ceres', 'mumei', 'hakos')",871,4.332471150019897
"('calliope', 'kiara', 'irys', 'ceres', 'ouro', 'mumei', 'hakos')",1316,6.545961002785515
"('calliope', 'kiara', 'sana', 'ceres', 'ouro', 'mumei', 'hakos')",953,4.740350179068842
"('calliope', 'irys', 'sana', 'ceres', 'ouro', 'mumei', 'hakos')",921,4.581177875049741
"('gura', 'inanis', 'kiara', 'irys', 'sana', 'ceres', 'ouro')",920,4.576203740549144
"('gura', 'inanis', 'kiara', 'irys', 'sana', 'ceres', 'mumei')",902,4.4866693195384
"('gura', 'inanis', 'kiara', 'irys', 'sana', 'ceres', 'hakos')",983,4.889574214086749
"('gura', 'inanis', 'kiara', 'irys', 'ceres', 'ouro', 'mumei')",1408,7.0035813768404305
"('gura', 'inanis', 'kiara', 'irys', 'ceres', 'ouro', 'hakos')",1556,7.73975328292877
"('gura', 'inanis', 'kiara', 'irys', 'ceres', 'mumei', 'hakos')",1510,7.510943095901314
"('gura', 'inanis', 'kiara', 'sana', 'ceres', 'ouro', 'mumei')",991,4.929367290091524
"('gura', 'inanis', 'kiara', 'sana', 'ceres', 'ouro', 'hakos')",1086,5.401910067648229
"('gura', 'inanis', 'kiara', 'sana', 'ceres', 'mumei', 'hakos')",1079,5.367091126144051
"('gura', 'inanis', 'kiara', 'ceres', 'ouro', 'mumei', 'hakos')",1728,8.595304417031437
"('gura', 'inanis', 'irys', 'sana', 'ceres', 'ouro', 'mumei')",950,4.725427775567051
"('gura', 'inanis', 'irys', 'sana', 'ceres', 'ouro', 'hakos')",1041,5.178074015121369
"('gura', 'inanis', 'irys', 'sana', 'ceres', 'mumei', 'hakos')",1012,5.033824114604059
"('gura', 'inanis', 'irys', 'ceres', 'ouro', 'mumei', 'hakos')",1684,8.376442499005172
"('gura', 'inanis', 'sana', 'ceres', 'ouro', 'mumei', 'hakos')",1154,5.740151213688819
"('gura', 'kiara', 'irys', 'sana', 'ceres', 'ouro', 'mumei')",895,4.451850378034222
"('gura', 'kiara', 'irys', 'sana', 'ceres', 'ouro', 'hakos')",986,4.90449661758854
"('gura', 'kiara', 'irys', 'sana', 'ceres', 'mumei', 'hakos')",953,4.740350179068842
"('gura', 'kiara', 'irys', 'ceres', 'ouro', 'mumei', 'hakos')",1505,7.486072423398328
"('gura', 'kiara', 'sana', 'ceres', 'ouro', 'mumei', 'hakos')",1055,5.247711898129726
"('gura', 'irys', 'sana', 'ceres', 'ouro', 'mumei', 'hakos')",1033,5.138280939116593
"('inanis', 'kiara', 'irys', 'sana', 'ceres', 'ouro', 'mumei')",871,4.332471150019897
"('inanis', 'kiara', 'irys', 'sana', 'ceres', 'ouro', 'hakos')",960,4.77516912057302
"('inanis', 'kiara', 'irys', 'sana', 'ceres', 'mumei', 'hakos')",937,4.660764027059291
"('inanis', 'kiara', 'irys', 'ceres', 'ouro', 'mumei', 'hakos')",1444,7.182650218861918
"('inanis', 'kiara', 'sana', 'ceres', 'ouro', 'mumei', 'hakos')",1024,5.093513728611222
"('inanis', 'irys', 'sana', 'ceres', 'ouro', 'mumei', 'hakos')",991,4.929367290091524
"('kiara', 'irys', 'sana', 'ceres', 'ouro', 'mumei', 'hakos')",934,4.6458416235575015
"('amelia', 'calliope', 'gura', 'inanis', 'kiara', 'irys', 'sana', 'ceres')",795,3.9544369279745326
"('amelia', 'calliope', 'gura', 'inanis', 'kiara', 'irys', 'ceres', 'ouro')",1229,6.113211301233585
"('amelia', 'calliope', 'gura', 'inanis', 'kiara', 'irys', 'ceres', 'mumei')",1186,5.899323517707919
"('amelia', 'calliope', 'gura', 'inanis', 'kiara', 'irys', 'ceres', 'hakos')",1315,6.540986868284919
"('amelia', 'calliope', 'gura', 'inanis', 'kiara', 'sana', 'ceres', 'ouro')",871,4.332471150019897
"('amelia', 'calliope', 'gura', 'inanis', 'kiara', 'sana', 'ceres', 'mumei')",873,4.34241941902109
"('amelia', 'calliope', 'gura', 'inanis', 'kiara', 'sana', 'ceres', 'hakos')",944,4.69558296856347
"('amelia', 'calliope', 'gura', 'inanis', 'kiara', 'ceres', 'ouro', 'mumei')",1360,6.764822920811779
"('amelia', 'calliope', 'gura', 'inanis', 'kiara', 'ceres', 'ouro', 'hakos')",1490,7.411460405889375
"('amelia', 'calliope', 'gura', 'inanis', 'kiara', 'ceres', 'mumei', 'hakos')",1455,7.2373656983684835
"('amelia', 'calliope', 'gura', 'inanis', 'irys', 'sana', 'ceres', 'ouro')",814,4.048945483485873
"('amelia', 'calliope', 'gura', 'inanis', 'irys', 'sana', 'ceres', 'mumei')",801,3.9842817349781137
"('amelia', 'calliope', 'gura', 'inanis', 'irys', 'sana', 'ceres', 'hakos')",866,4.307600477516912
"('amelia', 'calliope', 'gura', 'inanis', 'irys', 'ceres', 'ouro', 'mumei')",1265,6.2922801432550735
"('amelia', 'calliope', 'gura', 'inanis', 'irys', 'ceres', 'ouro', 'hakos')",1402,6.9737365698368485
"('amelia', 'calliope', 'gura', 'inanis', 'irys', 'ceres', 'mumei', 'hakos')",1355,6.739952248308795
"('amelia', 'calliope', 'gura', 'inanis', 'sana', 'ceres', 'ouro', 'mumei')",890,4.426979705531237
"('amelia', 'calliope', 'gura', 'inanis', 'sana', 'ceres', 'ouro', 'hakos')",957,4.7602467170712295
"('amelia', 'calliope', 'gura', 'inanis', 'sana', 'ceres', 'mumei', 'hakos')",950,4.725427775567051
"('amelia', 'calliope', 'gura', 'inanis', 'ceres', 'ouro', 'mumei', 'hakos')",1563,7.774572224432949
"('amelia', 'calliope', 'gura', 'kiara', 'irys', 'sana', 'ceres', 'ouro')",786,3.90966971746916
"('amelia', 'calliope', 'gura', 'kiara', 'irys', 'sana', 'ceres', 'mumei')",770,3.83008356545961
"('amelia', 'calliope', 'gura', 'kiara', 'irys', 'sana', 'ceres', 'hakos')",844,4.19816951850378
"('amelia', 'calliope', 'gura', 'kiara', 'irys', 'ceres', 'ouro', 'mumei')",1173,5.83465976920016
"('amelia', 'calliope', 'gura', 'kiara', 'irys', 'ceres', 'ouro', 'hakos')",1304,6.486271388778353
"('amelia', 'calliope', 'gura', 'kiara', 'irys', 'ceres', 'mumei', 'hakos')",1251,6.222642260246717
"('amelia', 'calliope', 'gura', 'kiara', 'sana', 'ceres', 'ouro', 'mumei')",845,4.2031436530043775
"('amelia', 'calliope', 'gura', 'kiara', 'sana', 'ceres', 'ouro', 'hakos')",921,4.581177875049741
"('amelia', 'calliope', 'gura', 'kiara', 'sana', 'ceres', 'mumei', 'hakos')",907,4.511539992041385
"('amelia', 'calliope', 'gura', 'kiara', 'ceres', 'ouro', 'mumei', 'hakos')",1417,7.048348587345801
"('amelia', 'calliope', 'gura', 'irys', 'sana', 'ceres', 'ouro', 'mumei')",804,3.9992041384799046
"('amelia', 'calliope', 'gura', 'irys', 'sana', 'ceres', 'ouro', 'hakos')",878,4.367290091524074
"('amelia', 'calliope', 'gura', 'irys', 'sana', 'ceres', 'mumei', 'hakos')",850,4.2280143255073614
"('amelia', 'calliope', 'gura', 'irys', 'ceres', 'ouro', 'mumei', 'hakos')",1341,6.670314365300438
"('amelia', 'calliope', 'gura', 'sana', 'ceres', 'ouro', 'mumei', 'hakos')",947,4.710505372065261
"('amelia', 'calliope', 'inanis', 'kiara', 'irys', 'sana', 'ceres', 'ouro')",773,3.8450059689614005
"('amelia', 'calliope', 'inanis', 'kiara', 'irys', 'sana', 'ceres', 'mumei')",760,3.780342220453641
"('amelia', 'calliope', 'inanis', 'kiara', 'irys', 'sana', 'ceres', 'hakos')",835,4.153402307998409
"('amelia', 'calliope', 'inanis', 'kiara', 'irys', 'ceres', 'ouro', 'mumei')",1132,5.630720254675686
"('amelia', 'calliope', 'inanis', 'kiara', 'irys', 'ceres', 'ouro', 'hakos')",1262,6.277357739753282
"('amelia', 'calliope', 'inanis', 'kiara', 'irys', 'ceres', 'mumei', 'hakos')",1222,6.078392359729407
"('amelia', 'calliope', 'inanis', 'kiara', 'sana', 'ceres', 'ouro', 'mumei')",823,4.093712693991246
"('amelia', 'calliope', 'inanis', 'kiara', 'sana', 'ceres', 'ouro', 'hakos')",902,4.4866693195384
"('amelia', 'calliope', 'inanis', 'kiara', 'sana', 'ceres', 'mumei', 'hakos')",893,4.441902109033028
"('amelia', 'calliope', 'inanis', 'kiara', 'ceres', 'ouro', 'mumei', 'hakos')",1380,6.864305610823716
"('amelia', 'calliope', 'inanis', 'irys', 'sana', 'ceres', 'ouro', 'mumei')",782,3.8897731794667725
"('amelia', 'calliope', 'inanis', 'irys', 'sana', 'ceres', 'ouro', 'hakos')",854,4.247910863509749
"('amelia', 'calliope', 'inanis', 'irys', 'sana', 'ceres', 'mumei', 'hakos')",831,4.133505769996021
"('amelia', 'calliope', 'inanis', 'irys', 'ceres', 'ouro', 'mumei', 'hakos')",1301,6.471348985276562
"('amelia', 'calliope', 'inanis', 'sana', 'ceres', 'ouro', 'mumei', 'hakos')",907,4.511539992041385
"('amelia', 'calliope', 'kiara', 'irys', 'sana', 'ceres', 'ouro', 'mumei')",754,3.7504974134500593
"('amelia', 'calliope', 'kiara', 'irys', 'sana', 'ceres', 'ouro', 'hakos')",830,4.128531635495423
"('amelia', 'calliope', 'kiara', 'irys', 'sana', 'ceres', 'mumei', 'hakos')",805,4.004178272980501
"('amelia', 'calliope', 'kiara', 'irys', 'ceres', 'ouro', 'mumei', 'hakos')",1211,6.023676880222841
"('amelia', 'calliope', 'kiara', 'sana', 'ceres', 'ouro', 'mumei', 'hakos')",874,4.3473935535216865
"('amelia', 'calliope', 'irys', 'sana', 'ceres', 'ouro', 'mumei', 'hakos')",838,4.1683247115001985
"('amelia', 'gura', 'inanis', 'kiara', 'irys', 'sana', 'ceres', 'ouro')",843,4.193195384003183
"('amelia', 'gura', 'inanis', 'kiara', 'irys', 'sana', 'ceres', 'mumei')",832,4.138479904496617
"('amelia', 'gura', 'inanis', 'kiara', 'irys', 'sana', 'ceres', 'hakos')",899,4.47174691603661
"('amelia', 'gura', 'inanis', 'kiara', 'irys', 'ceres', 'ouro', 'mumei')",1281,6.371866295264623
"('amelia', 'gura', 'inanis', 'kiara', 'irys', 'ceres', 'ouro', 'hakos')",1403,6.978710704337446
"('amelia', 'gura', 'inanis', 'kiara', 'irys', 'ceres', 'mumei', 'hakos')",1375,6.839434938320732
"('amelia', 'gura', 'inanis', 'kiara', 'sana', 'ceres', 'ouro', 'mumei')",908,4.516514126541981
"('amelia', 'gura', 'inanis', 'kiara', 'sana', 'ceres', 'ouro', 'hakos')",983,4.889574214086749
"('amelia', 'gura', 'inanis', 'kiara', 'sana', 'ceres', 'mumei', 'hakos')",988,4.914444886589734
"('amelia', 'gura', 'inanis', 'kiara', 'ceres', 'ouro', 'mumei', 'hakos')",1555,7.734779148428174
"('amelia', 'gura', 'inanis', 'irys', 'sana', 'ceres', 'ouro', 'mumei')",869,4.322522881018703
"('amelia', 'gura', 'inanis', 'irys', 'sana', 'ceres', 'ouro', 'hakos')",941,4.680660565061679
"('amelia', 'gura', 'inanis', 'irys', 'sana', 'ceres', 'mumei', 'hakos')",924,4.596100278551532
"('amelia', 'gura', 'inanis', 'irys', 'ceres', 'ouro', 'mumei', 'hakos')",1508,7.5009948269001185
"('amelia', 'gura', 'inanis', 'sana', 'ceres', 'ouro', 'mumei', 'hakos')",1035,5.148229208117788
"('amelia', 'gura', 'kiara', 'irys', 'sana', 'ceres', 'ouro', 'mumei')",821,4.0837644249900515
"('amelia', 'gura', 'kiara', 'irys', 'sana', 'ceres', 'ouro', 'hakos')",897,4.461798647035415
"('amelia', 'gura', 'kiara', 'irys', 'sana', 'ceres', 'mumei', 'hakos')",874,4.3473935535216865
"('amelia', 'gura', 'kiara', 'irys', 'ceres', 'ouro', 'mumei', 'hakos')",1357,6.749900517309988
"('amelia', 'gura', 'kiara', 'sana', 'ceres', 'ouro', 'mumei', 'hakos')",957,4.7602467170712295
"('amelia', 'gura', 'irys', 'sana', 'ceres', 'ouro', 'mumei', 'hakos')",933,4.6408674890569035
"('amelia', 'inanis', 'kiara', 'irys', 'sana', 'ceres', 'ouro', 'mumei')",801,3.9842817349781137
"('amelia', 'inanis', 'kiara', 'irys', 'sana', 'ceres', 'ouro', 'hakos')",873,4.34241941902109
"('amelia', 'inanis', 'kiara', 'irys', 'sana', 'ceres', 'mumei', 'hakos')",858,4.267807401512137
"('amelia', 'inanis', 'kiara', 'irys', 'ceres', 'ouro', 'mumei', 'hakos')",1307,6.5011937922801435
"('amelia', 'inanis', 'kiara', 'sana', 'ceres', 'ouro', 'mumei', 'hakos')",929,4.620970951054517
"('amelia', 'inanis', 'irys', 'sana', 'ceres', 'ouro', 'mumei', 'hakos')",902,4.4866693195384
"('amelia', 'kiara', 'irys', 'sana', 'ceres', 'ouro', 'mumei', 'hakos')",851,4.232988460007959
"('calliope', 'gura', 'inanis', 'kiara', 'irys', 'sana', 'ceres', 'ouro')",777,3.864902506963788
"('calliope', 'gura', 'inanis', 'kiara', 'irys', 'sana', 'ceres', 'mumei')",768,3.8201352964584165
"('calliope', 'gura', 'inanis', 'kiara', 'irys', 'sana', 'ceres', 'hakos')",834,4.148428173497811
"('calliope', 'gura', 'inanis', 'kiara', 'irys', 'ceres', 'ouro', 'mumei')",1153,5.7351770791882215
"('calliope', 'gura', 'inanis', 'kiara', 'irys', 'ceres', 'ouro', 'hakos')",1271,6.3221249502586545
"('calliope', 'gura', 'inanis', 'kiara', 'irys', 'ceres', 'mumei', 'hakos')",1234,6.13808197373657
"('calliope', 'gura', 'inanis', 'kiara', 'sana', 'ceres', 'ouro', 'mumei')",838,4.1683247115001985
"('calliope', 'gura', 'inanis', 'kiara', 'sana', 'ceres', 'ouro', 'hakos')",911,4.531436530043773
"('calliope', 'gura', 'inanis', 'kiara', 'sana', 'ceres', 'mumei', 'hakos')",904,4.4966175885395945
"('calliope', 'gura', 'inanis', 'kiara', 'ceres', 'ouro', 'mumei', 'hakos')",1409,7.008555511341026
"('calliope', 'gura', 'inanis', 'irys', 'sana', 'ceres', 'ouro', 'mumei')",799,3.9743334659769203
"('calliope', 'gura', 'inanis', 'irys', 'sana', 'ceres', 'ouro', 'hakos')",864,4.297652208515719
"('calliope', 'gura', 'inanis', 'irys', 'sana', 'ceres', 'mumei', 'hakos')",846,4.208117787504974
"('calliope', 'gura', 'inanis', 'irys', 'ceres', 'ouro', 'mumei', 'hakos')",1324,6.58575407879029
"('calliope', 'gura', 'inanis', 'sana', 'ceres', 'ouro', 'mumei', 'hakos')",940,4.675686430561083
"('calliope', 'gura', 'kiara', 'irys', 'sana', 'ceres', 'ouro', 'mumei')",761,3.785316354954238
"('calliope', 'gura', 'kiara', 'irys', 'sana', 'ceres', 'ouro', 'hakos')",833,4.1434540389972145
"('calliope', 'gura', 'kiara', 'irys', 'sana', 'ceres', 'mumei', 'hakos')",811,4.034023079984083
"('calliope', 'gura', 'kiara', 'irys', 'ceres', 'ouro', 'mumei', 'hakos')",1221,6.07341822522881
"('calliope', 'gura', 'kiara', 'sana', 'ceres', 'ouro', 'mumei', 'hakos')",887,4.412057302029447
"('calliope', 'gura', 'irys', 'sana', 'ceres', 'ouro', 'mumei', 'hakos')",858,4.267807401512137
"('calliope', 'inanis', 'kiara', 'irys', 'sana', 'ceres', 'ouro', 'mumei')",748,3.720652606446478
"('calliope', 'inanis', 'kiara', 'irys', 'sana', 'ceres', 'ouro', 'hakos')",820,4.078790290489455
"('calliope', 'inanis', 'kiara', 'irys', 'sana', 'ceres', 'mumei', 'hakos')",803,3.994230003979308
"('calliope', 'inanis', 'kiara', 'irys', 'ceres', 'ouro', 'mumei', 'hakos')",1193,5.934142459212097
"('calliope', 'inanis', 'kiara', 'sana', 'ceres', 'ouro', 'mumei', 'hakos')",867,4.312574612017509
"('calliope', 'inanis', 'irys', 'sana', 'ceres', 'ouro', 'mumei', 'hakos')",830,4.128531635495423
"('calliope', 'kiara', 'irys', 'sana', 'ceres', 'ouro', 'mumei', 'hakos')",800,3.979307600477517
"('gura', 'inanis', 'kiara', 'irys', 'sana', 'ceres', 'ouro', 'mumei')",815,4.0539196179864705
"('gura', 'inanis', 'kiara', 'irys', 'sana', 'ceres', 'ouro', 'hakos')",885,4.402109033028253
"('gura', 'inanis', 'kiara', 'irys', 'sana', 'ceres', 'mumei', 'hakos')",870,4.327497015519299
"('gura', 'inanis', 'kiara', 'irys', 'ceres', 'ouro', 'mumei', 'hakos')",1337,6.65041782729805
"('gura', 'inanis', 'kiara', 'sana', 'ceres', 'ouro', 'mumei', 'hakos')",951,4.730401910067648
"('gura', 'inanis', 'irys', 'sana', 'ceres', 'ouro', 'mumei', 'hakos')",922,4.5861520095503385
"('gura', 'kiara', 'irys', 'sana', 'ceres', 'ouro', 'mumei', 'hakos')",872,4.337445284520493
"('inanis', 'kiara', 'irys', 'sana', 'ceres', 'ouro', 'mumei', 'hakos')",847,4.213091922005571
"('amelia', 'calliope', 'gura', 'inanis', 'kiara', 'irys', 'sana', 'ceres', 'ouro')",723,3.5962992439315564
"('amelia', 'calliope', 'gura', 'inanis', 'kiara', 'irys', 'sana', 'ceres', 'mumei')",717,3.5664544369279745
"('amelia', 'calliope', 'gura', 'inanis', 'kiara', 'irys', 'sana', 'ceres', 'hakos')",776,3.8599283724631914
"('amelia', 'calliope', 'gura', 'inanis', 'kiara', 'irys', 'ceres', 'ouro', 'mumei')",1068,5.312375646637485
"('amelia', 'calliope', 'gura', 'inanis', 'kiara', 'irys', 'ceres', 'ouro', 'hakos')",1176,5.8495821727019495
"('amelia', 'calliope', 'gura', 'inanis', 'kiara', 'irys', 'ceres', 'mumei', 'hakos')",1147,5.70533227218464
"('amelia', 'calliope', 'gura', 'inanis', 'kiara', 'sana', 'ceres', 'ouro', 'mumei')",780,3.879824910465579
"('amelia', 'calliope', 'gura', 'inanis', 'kiara', 'sana', 'ceres', 'ouro', 'hakos')",841,4.18324711500199
"('amelia', 'calliope', 'gura', 'inanis', 'kiara', 'sana', 'ceres', 'mumei', 'hakos')",839,4.1732988460007965
"('amelia', 'calliope', 'gura', 'inanis', 'kiara', 'ceres', 'ouro', 'mumei', 'hakos')",1295,6.4415041782729805
"('amelia', 'calliope', 'gura', 'inanis', 'irys', 'sana', 'ceres', 'ouro', 'mumei')",739,3.6758853959411066
"('amelia', 'calliope', 'gura', 'inanis', 'irys', 'sana', 'ceres', 'ouro', 'hakos')",795,3.9544369279745326
"('amelia', 'calliope', 'gura', 'inanis', 'irys', 'sana', 'ceres', 'mumei', 'hakos')",783,3.89474731396737
"('amelia', 'calliope', 'gura', 'inanis', 'irys', 'ceres', 'ouro', 'mumei', 'hakos')",1220,6.068444090728213
"('amelia', 'calliope', 'gura', 'inanis', 'sana', 'ceres', 'ouro', 'mumei', 'hakos')",860,4.277755670513331
"('amelia', 'calliope', 'gura', 'kiara', 'irys', 'sana', 'ceres', 'ouro', 'mumei')",710,3.531635495423796
"('amelia', 'calliope', 'gura', 'kiara', 'irys', 'sana', 'ceres', 'ouro', 'hakos')",774,3.8499801034619976
"('amelia', 'calliope', 'gura', 'kiara', 'irys', 'sana', 'ceres', 'mumei', 'hakos')",758,3.770393951452447
"('amelia', 'calliope', 'gura', 'kiara', 'irys', 'ceres', 'ouro', 'mumei', 'hakos')",1135,5.6456426581774775
"('amelia', 'calliope', 'gura', 'kiara', 'sana', 'ceres', 'ouro', 'mumei', 'hakos')",822,4.088738559490649
"('amelia', 'calliope', 'gura', 'irys', 'sana', 'ceres', 'ouro', 'mumei', 'hakos')",790,3.929566255471548
"('amelia', 'calliope', 'inanis', 'kiara', 'irys', 'sana', 'ceres', 'ouro', 'mumei')",697,3.4669717469160366
"('amelia', 'calliope', 'inanis', 'kiara', 'irys', 'sana', 'ceres', 'ouro', 'hakos')",761,3.785316354954238
"('amelia', 'calliope', 'inanis', 'kiara', 'irys', 'sana', 'ceres', 'mumei', 'hakos')",747,3.7156784719458815
"('amelia', 'calliope', 'inanis', 'kiara', 'irys', 'ceres', 'ouro', 'mumei', 'hakos')",1104,5.491444488658973
"('amelia', 'calliope', 'inanis', 'kiara', 'sana', 'ceres', 'ouro', 'mumei', 'hakos')",802,3.9892558694787104
"('amelia', 'calliope', 'inanis', 'irys', 'sana', 'ceres', 'ouro', 'mumei', 'hakos')",768,3.8201352964584165
"('amelia', 'calliope', 'kiara', 'irys', 'sana', 'ceres', 'ouro', 'mumei', 'hakos')",744,3.700756068444091
"('amelia', 'gura', 'inanis', 'kiara', 'irys', 'sana', 'ceres', 'ouro', 'mumei')",754,3.7504974134500593
"('amelia', 'gura', 'inanis', 'kiara', 'irys', 'sana', 'ceres', 'ouro', 'hakos')",813,4.043971348985276
"('amelia', 'gura', 'inanis', 'kiara', 'irys', 'sana', 'ceres', 'mumei', 'hakos')",806,4.009152407481098
"('amelia', 'gura', 'inanis', 'kiara', 'irys', 'ceres', 'ouro', 'mumei', 'hakos')",1224,6.088340628730601
"('amelia', 'gura', 'inanis', 'kiara', 'sana', 'ceres', 'ouro', 'mumei', 'hakos')",874,4.3473935535216865
"('amelia', 'gura', 'inanis', 'irys', 'sana', 'ceres', 'ouro', 'mumei', 'hakos')",844,4.19816951850378
"('amelia', 'gura', 'kiara', 'irys', 'sana', 'ceres', 'ouro', 'mumei', 'hakos')",800,3.979307600477517
"('amelia', 'inanis', 'kiara', 'irys', 'sana', 'ceres', 'ouro', 'mumei', 'hakos')",781,3.884799044966176
"('calliope', 'gura', 'inanis', 'kiara', 'irys', 'sana', 'ceres', 'ouro', 'mumei')",707,3.5167130919220058
"('calliope', 'gura', 'inanis', 'kiara', 'irys', 'sana', 'ceres', 'ouro', 'hakos')",763,3.795264623955432
"('calliope', 'gura', 'inanis', 'kiara', 'irys', 'sana', 'ceres', 'mumei', 'hakos')",753,3.7455232789494626
"('calliope', 'gura', 'inanis', 'kiara', 'irys', 'ceres', 'ouro', 'mumei', 'hakos')",1117,5.5561082371667325
"('calliope', 'gura', 'inanis', 'kiara', 'sana', 'ceres', 'ouro', 'mumei', 'hakos')",816,4.058893752487068
"('calliope', 'gura', 'inanis', 'irys', 'sana', 'ceres', 'ouro', 'mumei', 'hakos')",785,3.9046955829685634
"('calliope', 'gura', 'kiara', 'irys', 'sana', 'ceres', 'ouro', 'mumei', 'hakos')",753,3.7455232789494626
"('calliope', 'inanis', 'kiara', 'irys', 'sana', 'ceres', 'ouro', 'mumei', 'hakos')",738,3.670911261440509
"('gura', 'inanis', 'kiara', 'irys', 'sana', 'ceres', 'ouro', 'mumei', 'hakos')",796,3.9594110624751293
"('amelia', 'calliope', 'gura', 'inanis', 'kiara', 'irys', 'sana', 'ceres', 'ouro', 'mumei')",661,3.2879029048945485
"('amelia', 'calliope', 'gura', 'inanis', 'kiara', 'irys', 'sana', 'ceres', 'ouro', 'hakos')",713,3.546557898925587
"('amelia', 'calliope', 'gura', 'inanis', 'kiara', 'irys', 'sana', 'ceres', 'mumei', 'hakos')",706,3.5117389574214086
"('amelia', 'calliope', 'gura', 'inanis', 'kiara', 'irys', 'ceres', 'ouro', 'mumei', 'hakos')",1043,5.188022284122563
"('amelia', 'calliope', 'gura', 'inanis', 'kiara', 'sana', 'ceres', 'ouro', 'mumei', 'hakos')",761,3.785316354954238
"('amelia', 'calliope', 'gura', 'inanis', 'irys', 'sana', 'ceres', 'ouro', 'mumei', 'hakos')",728,3.6211699164345403
"('amelia', 'calliope', 'gura', 'kiara', 'irys', 'sana', 'ceres', 'ouro', 'mumei', 'hakos')",704,3.5017906884202152
"('amelia', 'calliope', 'inanis', 'kiara', 'irys', 'sana', 'ceres', 'ouro', 'mumei', 'hakos')",690,3.432152805411858
"('amelia', 'gura', 'inanis', 'kiara', 'irys', 'sana', 'ceres', 'ouro', 'mumei', 'hakos')",737,3.6659371269399124
"('calliope', 'gura', 'inanis', 'kiara', 'irys', 'sana', 'ceres', 'ouro', 'mumei', 'hakos')",700,3.4818941504178276
"('amelia', 'calliope', 'gura', 'inanis', 'kiara', 'irys', 'sana', 'ceres', 'ouro', 'mumei', 'hakos')",656,3.263032232391564
