intersection,count,ratio
"('hakos',)",22845,100.0
"('amelia', 'hakos')",8756,38.32786167651565
"('calliope', 'hakos')",7561,33.09695775880937
"('gura', 'hakos')",9654,42.258699934340115
"('inanis', 'hakos')",7933,34.725322827752244
"('kiara', 'hakos')",7009,30.680674108119938
"('irys', 'hakos')",6949,30.41803458087109
"('sana', 'hakos')",3447,15.088640840446487
"('ceres', 'hakos')",7227,31.6349310571241
"('ouro', 'hakos')",8723,38.183409936528776
"('mumei', 'hakos')",6878,30.107244473626615
"('amelia', 'calliope', 'hakos')",4553,19.92996279273364
"('amelia', 'gura', 'hakos')",5976,26.15889691398555
"('amelia', 'inanis', 'hakos')",5052,22.11424819435325
"('amelia', 'kiara', 'hakos')",4488,19.64543663821405
"('amelia', 'irys', 'hakos')",4192,18.349748303786388
"('amelia', 'sana', 'hakos')",2395,10.4836944626833
"('amelia', 'ceres', 'hakos')",4649,20.350186036331802
"('amelia', 'ouro', 'hakos')",5245,22.95907200700372
"('amelia', 'mumei', 'hakos')",4562,19.969358721820967
"('calliope', 'gura', 'hakos')",4868,21.308820310790107
"('calliope', 'inanis', 'hakos')",4323,18.92317793827971
"('calliope', 'kiara', 'hakos')",4081,17.863865178376013
"('calliope', 'irys', 'hakos')",3710,16.239877434887283
"('calliope', 'sana', 'hakos')",2152,9.420004377325455
"('calliope', 'ceres', 'hakos')",3969,17.37360472751149
"('calliope', 'ouro', 'hakos')",4459,19.518494200043772
"('calliope', 'mumei', 'hakos')",3709,16.235500109433136
"('gura', 'inanis', 'hakos')",5427,23.75574523965857
"('gura', 'kiara', 'hakos')",4594,20.109433136353687
"('gura', 'irys', 'hakos')",4444,19.45283431823156
"('gura', 'sana', 'hakos')",2487,10.886408404464872
"('gura', 'ceres', 'hakos')",5051,22.109870868899105
"('gura', 'ouro', 'hakos')",5767,25.244035894068723
"('gura', 'mumei', 'hakos')",5008,21.92164587437076
"('inanis', 'kiara', 'hakos')",4220,18.472313416502516
"('inanis', 'irys', 'hakos')",3947,17.277303567520246
"('inanis', 'sana', 'hakos')",2340,10.242941562705186
"('inanis', 'ceres', 'hakos')",4540,19.87305756182972
"('inanis', 'ouro', 'hakos')",4724,20.678485445392866
"('inanis', 'mumei', 'hakos')",4340,18.997592471000218
"('kiara', 'irys', 'hakos')",3552,15.548260013131976
"('kiara', 'sana', 'hakos')",2193,9.599474720945503
"('kiara', 'ceres', 'hakos')",3928,17.194134383891445
"('kiara', 'ouro', 'hakos')",4258,18.63865178376012
"('kiara', 'mumei', 'hakos')",3677,16.095425694900417
"('irys', 'sana', 'hakos')",2017,8.829065441015539
"('irys', 'ceres', 'hakos')",3834,16.782665791201577
"('irys', 'ouro', 'hakos')",4307,18.85314073101335
"('irys', 'mumei', 'hakos')",3474,15.206828627708472
"('sana', 'ceres', 'hakos')",2307,10.098489822718319
"('sana', 'ouro', 'hakos')",2450,10.724447362661413
"('sana', 'mumei', 'hakos')",2117,9.26679798643029
"('ceres', 'ouro', 'hakos')",4759,20.831691836288027
"('ceres', 'mumei', 'hakos')",4288,18.769971547384547
"('ouro', 'mumei', 'hakos')",4589,20.08754650908295
"('amelia', 'calliope', 'gura', 'hakos')",3578,15.662070474939812
"('amelia', 'calliope', 'inanis', 'hakos')",3235,14.160647844167215
"('amelia', 'calliope', 'kiara', 'hakos')",3013,13.188881593346466
"('amelia', 'calliope', 'irys', 'hakos')",2682,11.739986868023637
"('amelia', 'calliope', 'sana', 'hakos')",1674,7.327642810242942
"('amelia', 'calliope', 'ceres', 'hakos')",2977,13.031297876997156
"('amelia', 'calliope', 'ouro', 'hakos')",3232,14.147515867804772
"('amelia', 'calliope', 'mumei', 'hakos')",2861,12.523528124316044
"('amelia', 'gura', 'inanis', 'hakos')",4056,17.754432042022326
"('amelia', 'gura', 'kiara', 'hakos')",3514,15.381921645874371
"('amelia', 'gura', 'irys', 'hakos')",3299,14.440796673232656
"('amelia', 'gura', 'sana', 'hakos')",1978,8.658349748303786
"('amelia', 'gura', 'ceres', 'hakos')",3779,16.54191289122346
"('amelia', 'gura', 'ouro', 'hakos')",4161,18.214051214707812
"('amelia', 'gura', 'mumei', 'hakos')",3771,16.50689428759028
"('amelia', 'inanis', 'kiara', 'hakos')",3208,14.042460056905231
"('amelia', 'inanis', 'irys', 'hakos')",2937,12.856204858831255
"('amelia', 'inanis', 'sana', 'hakos')",1840,8.054278835631429
"('amelia', 'inanis', 'ceres', 'hakos')",3448,15.093018165900634
"('amelia', 'inanis', 'ouro', 'hakos')",3520,15.408185598599255
"('amelia', 'inanis', 'mumei', 'hakos')",3332,14.585248413219523
"('amelia', 'kiara', 'irys', 'hakos')",2686,11.757496169840227
"('amelia', 'kiara', 'sana', 'hakos')",1747,7.647187568395711
"('amelia', 'kiara', 'ceres', 'hakos')",2999,13.1275990369884
"('amelia', 'kiara', 'ouro', 'hakos')",3180,13.919894944189101
"('amelia', 'kiara', 'mumei', 'hakos')",2892,12.659225213394615
"('amelia', 'irys', 'sana', 'hakos')",1590,6.959947472094551
"('amelia', 'irys', 'ceres', 'hakos')",2865,12.541037426132634
"('amelia', 'irys', 'ouro', 'hakos')",3100,13.5697089078573
"('amelia', 'irys', 'mumei', 'hakos')",2701,11.823156051652441
"('amelia', 'sana', 'ceres', 'hakos')",1819,7.962355001094331
"('amelia', 'sana', 'ouro', 'hakos')",1858,8.133070693806085
"('amelia', 'sana', 'mumei', 'hakos')",1711,7.4896038520464
"('amelia', 'ceres', 'ouro', 'hakos')",3479,15.228715254979209
"('amelia', 'ceres', 'mumei', 'hakos')",3238,14.173779820529656
"('amelia', 'ouro', 'mumei', 'hakos')",3396,14.865397242284963
"('calliope', 'gura', 'inanis', 'hakos')",3377,14.78222805865616
"('calliope', 'gura', 'kiara', 'hakos')",3056,13.37710658787481
"('calliope', 'gura', 'irys', 'hakos')",2807,12.287152549792077
"('calliope', 'gura', 'sana', 'hakos')",1720,7.528999781133727
"('calliope', 'gura', 'ceres', 'hakos')",3132,13.70978332239002
"('calliope', 'gura', 'ouro', 'hakos')",3449,15.097395491354781
"('calliope', 'gura', 'mumei', 'hakos')",3043,13.32020135697089
"('calliope', 'inanis', 'kiara', 'hakos')",2880,12.606697307944845
"('calliope', 'inanis', 'irys', 'hakos')",2612,11.43357408623331
"('calliope', 'inanis', 'sana', 'hakos')",1634,7.152549792077041
"('calliope', 'inanis', 'ceres', 'hakos')",2954,12.930619391551762
"('calliope', 'inanis', 'ouro', 'hakos')",3041,13.311446706062597
"('calliope', 'inanis', 'mumei', 'hakos')",2773,12.138323484351062
"('calliope', 'kiara', 'irys', 'hakos')",2431,10.64127817903261
"('calliope', 'kiara', 'sana', 'hakos')",1624,7.108776537535566
"('calliope', 'kiara', 'ceres', 'hakos')",2697,11.80564674983585
"('calliope', 'kiara', 'ouro', 'hakos')",2860,12.519150798861894
"('calliope', 'kiara', 'mumei', 'hakos')",2514,11.004596191726854
"('calliope', 'irys', 'sana', 'hakos')",1453,6.36025388487634
"('calliope', 'irys', 'ceres', 'hakos')",2483,10.868899102648282
"('calliope', 'irys', 'ouro', 'hakos')",2711,11.866929306193915
"('calliope', 'irys', 'mumei', 'hakos')",2286,10.00656598818122
"('calliope', 'sana', 'ceres', 'hakos')",1599,6.999343401181878
"('calliope', 'sana', 'ouro', 'hakos')",1684,7.371416064784417
"('calliope', 'sana', 'mumei', 'hakos')",1488,6.513460275771503
"('calliope', 'ceres', 'ouro', 'hakos')",2971,13.005033924272269
"('calliope', 'ceres', 'mumei', 'hakos')",2706,11.845042678923177
"('calliope', 'ouro', 'mumei', 'hakos')",2846,12.45786824250383
"('gura', 'inanis', 'kiara', 'hakos')",3291,14.405778069599476
"('gura', 'inanis', 'irys', 'hakos')",3077,13.469030422411906
"('gura', 'inanis', 'sana', 'hakos')",1896,8.29940906106369
"('gura', 'inanis', 'ceres', 'hakos')",3652,15.985992558546727
"('gura', 'inanis', 'ouro', 'hakos')",3794,16.607572773035674
"('gura', 'inanis', 'mumei', 'hakos')",3580,15.670825125848106
"('gura', 'kiara', 'irys', 'hakos')",2724,11.923834537097832
"('gura', 'kiara', 'sana', 'hakos')",1762,7.7128474502079225
"('gura', 'kiara', 'ceres', 'hakos')",3117,13.644123440577808
"('gura', 'kiara', 'ouro', 'hakos')",3312,14.497701904136573
"('gura', 'kiara', 'mumei', 'hakos')",3006,13.158240315167433
"('gura', 'irys', 'sana', 'hakos')",1621,7.095644561173123
"('gura', 'irys', 'ceres', 'hakos')",3022,13.228277522433793
"('gura', 'irys', 'ouro', 'hakos')",3263,14.283212956883345
"('gura', 'irys', 'mumei', 'hakos')",2855,12.497264171591157
"('gura', 'sana', 'ceres', 'hakos')",1887,8.260013131976363
"('gura', 'sana', 'ouro', 'hakos')",1970,8.623331144670606
"('gura', 'sana', 'mumei', 'hakos')",1778,7.782884657474283
"('gura', 'ceres', 'ouro', 'hakos')",3781,16.55066754213176
"('gura', 'ceres', 'mumei', 'hakos')",3507,15.351280367695338
"('gura', 'ouro', 'mumei', 'hakos')",3706,16.222368133070695
"('inanis', 'kiara', 'irys', 'hakos')",2560,11.205953162617641
"('inanis', 'kiara', 'sana', 'hakos')",1713,7.498358502954695
"('inanis', 'kiara', 'ceres', 'hakos')",2978,13.035675202451301
"('inanis', 'kiara', 'ouro', 'hakos')",2944,12.886846137010286
"('inanis', 'kiara', 'mumei', 'hakos')",2783,12.182096738892536
"('inanis', 'irys', 'sana', 'hakos')",1560,6.828627708470125
"('inanis', 'irys', 'ceres', 'hakos')",2822,12.35281243160429
"('inanis', 'irys', 'ouro', 'hakos')",2861,12.523528124316044
"('inanis', 'irys', 'mumei', 'hakos')",2601,11.38542350623769
"('inanis', 'sana', 'ceres', 'hakos')",1807,7.9098270956445615
"('inanis', 'sana', 'ouro', 'hakos')",1791,7.839789888378201
"('inanis', 'sana', 'mumei', 'hakos')",1688,7.388925366601007
"('inanis', 'ceres', 'ouro', 'hakos')",3351,14.668417596848327
"('inanis', 'ceres', 'mumei', 'hakos')",3215,14.073101335084266
"('inanis', 'ouro', 'mumei', 'hakos')",3199,14.003064127817902
"('kiara', 'irys', 'sana', 'hakos')",1482,6.487196323046618
"('kiara', 'irys', 'ceres', 'hakos')",2510,10.987086889910264
"('kiara', 'irys', 'ouro', 'hakos')",2617,11.45546071350405
"('kiara', 'irys', 'mumei', 'hakos')",2292,10.032829940906106
"('kiara', 'sana', 'ceres', 'hakos')",1666,7.292624206609761
"('kiara', 'sana', 'ouro', 'hakos')",1695,7.419566644780039
"('kiara', 'sana', 'mumei', 'hakos')",1548,6.776099803020355
"('kiara', 'ceres', 'ouro', 'hakos')",2919,12.777413000656598
"('kiara', 'ceres', 'mumei', 'hakos')",2741,11.99824906981834
"('kiara', 'ouro', 'mumei', 'hakos')",2796,12.239001969796455
"('irys', 'sana', 'ceres', 'hakos')",1576,6.898664915736486
"('irys', 'sana', 'ouro', 'hakos')",1625,7.113153862989713
"('irys', 'sana', 'mumei', 'hakos')",1440,6.303348653972423
"('irys', 'ceres', 'ouro', 'hakos')",2956,12.939374042460056
"('irys', 'ceres', 'mumei', 'hakos')",2652,11.608667104399212
"('irys', 'ouro', 'mumei', 'hakos')",2742,12.002626395272488
"('sana', 'ceres', 'ouro', 'hakos')",1859,8.137448019260232
"('sana', 'ceres', 'mumei', 'hakos')",1738,7.607791639308383
"('sana', 'ouro', 'mumei', 'hakos')",1739,7.612168964762531
"('ceres', 'ouro', 'mumei', 'hakos')",3305,14.46706062595754
"('amelia', 'calliope', 'gura', 'inanis', 'hakos')",2754,12.055154300722258
"('amelia', 'calliope', 'gura', 'kiara', 'hakos')",2508,10.97833223900197
"('amelia', 'calliope', 'gura', 'irys', 'hakos')",2260,9.892755526373385
"('amelia', 'calliope', 'gura', 'sana', 'hakos')",1454,6.364631210330487
"('amelia', 'calliope', 'gura', 'ceres', 'hakos')",2557,11.192821186255198
"('amelia', 'calliope', 'gura', 'ouro', 'hakos')",2749,12.03326767345152
"('amelia', 'calliope', 'gura', 'mumei', 'hakos')",2500,10.94331363536879
"('amelia', 'calliope', 'inanis', 'kiara', 'hakos')",2371,10.37863865178376
"('amelia', 'calliope', 'inanis', 'irys', 'hakos')",2121,9.28430728824688
"('amelia', 'calliope', 'inanis', 'sana', 'hakos')",1376,6.023199824906982
"('amelia', 'calliope', 'inanis', 'ceres', 'hakos')",2424,10.61063690085358
"('amelia', 'calliope', 'inanis', 'ouro', 'hakos')",2476,10.838257824469249
"('amelia', 'calliope', 'inanis', 'mumei', 'hakos')",2309,10.107244473626615
"('amelia', 'calliope', 'kiara', 'irys', 'hakos')",1990,8.710877653753556
"('amelia', 'calliope', 'kiara', 'sana', 'hakos')",1362,5.961917268548916
"('amelia', 'calliope', 'kiara', 'ceres', 'hakos')",2228,9.752681111840666
"('amelia', 'calliope', 'kiara', 'ouro', 'hakos')",2329,10.194790982709565
"('amelia', 'calliope', 'kiara', 'mumei', 'hakos')",2110,9.236156708251258
"('amelia', 'calliope', 'irys', 'sana', 'hakos')",1215,5.318450426789232
"('amelia', 'calliope', 'irys', 'ceres', 'hakos')",2019,8.837820091923835
"('amelia', 'calliope', 'irys', 'ouro', 'hakos')",2156,9.437513679142045
"('amelia', 'calliope', 'irys', 'mumei', 'hakos')",1926,8.430728824688117
"('amelia', 'calliope', 'sana', 'ceres', 'hakos')",1344,5.883125410374261
"('amelia', 'calliope', 'sana', 'ouro', 'hakos')",1383,6.053841103086014
"('amelia', 'calliope', 'sana', 'mumei', 'hakos')",1279,5.598599255854673
"('amelia', 'calliope', 'ceres', 'ouro', 'hakos')",2394,10.479317137229154
"('amelia', 'calliope', 'ceres', 'mumei', 'hakos')",2231,9.765813088203108
"('amelia', 'calliope', 'ouro', 'mumei', 'hakos')",2321,10.159772379076385
"('amelia', 'gura', 'inanis', 'kiara', 'hakos')",2723,11.919457211643685
"('amelia', 'gura', 'inanis', 'irys', 'hakos')",2506,10.969577588093674
"('amelia', 'gura', 'inanis', 'sana', 'hakos')",1606,7.02998467936091
"('amelia', 'gura', 'inanis', 'ceres', 'hakos')",2988,13.079448456992775
"('amelia', 'gura', 'inanis', 'ouro', 'hakos')",3032,13.27205077697527
"('amelia', 'gura', 'inanis', 'mumei', 'hakos')",2925,12.803676953381485
"('amelia', 'gura', 'kiara', 'irys', 'hakos')",2264,9.910264828189975
"('amelia', 'gura', 'kiara', 'sana', 'hakos')",1507,6.596629459400306
"('amelia', 'gura', 'kiara', 'ceres', 'hakos')",2575,11.271613044429854
"('amelia', 'gura', 'kiara', 'ouro', 'hakos')",2697,11.80564674983585
"('amelia', 'gura', 'kiara', 'mumei', 'hakos')",2507,10.973954913547821
"('amelia', 'gura', 'irys', 'sana', 'hakos')",1378,6.031954475815277
"('amelia', 'gura', 'irys', 'ceres', 'hakos')",2463,10.781352593565332
"('amelia', 'gura', 'irys', 'ouro', 'hakos')",2590,11.337272926242067
"('amelia', 'gura', 'irys', 'mumei', 'hakos')",2353,10.299846793609104
"('amelia', 'gura', 'sana', 'ceres', 'hakos')",1593,6.973079448456993
"('amelia', 'gura', 'sana', 'ouro', 'hakos')",1616,7.073757933902386
"('amelia', 'gura', 'sana', 'mumei', 'hakos')",1512,6.618516086671045
"('amelia', 'gura', 'ceres', 'ouro', 'hakos')",2996,13.114467060625959
"('amelia', 'gura', 'ceres', 'mumei', 'hakos')",2830,12.38783103523747
"('amelia', 'gura', 'ouro', 'mumei', 'hakos')",2944,12.886846137010286
"('amelia', 'inanis', 'kiara', 'irys', 'hakos')",2107,9.223024731888815
"('amelia', 'inanis', 'kiara', 'sana', 'hakos')",1444,6.3208579557890125
"('amelia', 'inanis', 'kiara', 'ceres', 'hakos')",2451,10.72882468811556
"('amelia', 'inanis', 'kiara', 'ouro', 'hakos')",2424,10.61063690085358
"('amelia', 'inanis', 'kiara', 'mumei', 'hakos')",2329,10.194790982709565
"('amelia', 'inanis', 'irys', 'sana', 'hakos')",1319,5.773692274020573
"('amelia', 'inanis', 'irys', 'ceres', 'hakos')",2311,10.115999124534909
"('amelia', 'inanis', 'irys', 'ouro', 'hakos')",2308,10.102867148172466
"('amelia', 'inanis', 'irys', 'mumei', 'hakos')",2179,9.538192164587437
"('amelia', 'inanis', 'sana', 'ceres', 'hakos')",1515,6.631648063033486
"('amelia', 'inanis', 'sana', 'ouro', 'hakos')",1483,6.491573648500766
"('amelia', 'inanis', 'sana', 'mumei', 'hakos')",1432,6.268330050339242
"('amelia', 'inanis', 'ceres', 'ouro', 'hakos')",2715,11.884438608010505
"('amelia', 'inanis', 'ceres', 'mumei', 'hakos')",2645,11.57802582622018
"('amelia', 'inanis', 'ouro', 'mumei', 'hakos')",2609,11.42044210987087
"('amelia', 'kiara', 'irys', 'sana', 'hakos')",1263,5.528562048588313
"('amelia', 'kiara', 'irys', 'ceres', 'hakos')",2066,9.043554388268769
"('amelia', 'kiara', 'irys', 'ouro', 'hakos')",2136,9.349967170059093
"('amelia', 'kiara', 'irys', 'mumei', 'hakos')",1945,8.513898008316918
"('amelia', 'kiara', 'sana', 'ceres', 'hakos')",1410,6.172028890347998
"('amelia', 'kiara', 'sana', 'ouro', 'hakos')",1409,6.16765156489385
"('amelia', 'kiara', 'sana', 'mumei', 'hakos')",1346,5.891880061282556
"('amelia', 'kiara', 'ceres', 'ouro', 'hakos')",2379,10.41365725541694
"('amelia', 'kiara', 'ceres', 'mumei', 'hakos')",2269,9.932151455460714
"('amelia', 'kiara', 'ouro', 'mumei', 'hakos')",2309,10.107244473626615
"('amelia', 'irys', 'sana', 'ceres', 'hakos')",1321,5.782446924928868
"('amelia', 'irys', 'sana', 'ouro', 'hakos')",1341,5.8699934340118185
"('amelia', 'irys', 'sana', 'mumei', 'hakos')",1242,5.436638214051214
"('amelia', 'irys', 'ceres', 'ouro', 'hakos')",2354,10.304224119063253
"('amelia', 'irys', 'ceres', 'mumei', 'hakos')",2184,9.560078791858174
"('amelia', 'irys', 'ouro', 'mumei', 'hakos')",2221,9.722039833661633
"('amelia', 'sana', 'ceres', 'ouro', 'hakos')",1523,6.666666666666667
"('amelia', 'sana', 'ceres', 'mumei', 'hakos')",1457,6.377763186692931
"('amelia', 'sana', 'ouro', 'mumei', 'hakos')",1439,6.298971328518276
"('amelia', 'ceres', 'ouro', 'mumei', 'hakos')",2637,11.543007222587
"('calliope', 'gura', 'inanis', 'kiara', 'hakos')",2380,10.418034580871089
"('calliope', 'gura', 'inanis', 'irys', 'hakos')",2171,9.503173560954258
"('calliope', 'gura', 'inanis', 'sana', 'hakos')",1407,6.158896913985555
"('calliope', 'gura', 'inanis', 'ceres', 'hakos')",2516,11.01335084263515
"('calliope', 'gura', 'inanis', 'ouro', 'hakos')",2605,11.40293280805428
"('calliope', 'gura', 'inanis', 'mumei', 'hakos')",2421,10.597504924491135
"('calliope', 'gura', 'kiara', 'irys', 'hakos')",1992,8.719632304661852
"('calliope', 'gura', 'kiara', 'sana', 'hakos')",1362,5.961917268548916
"('calliope', 'gura', 'kiara', 'ceres', 'hakos')",2251,9.853359597286058
"('calliope', 'gura', 'kiara', 'ouro', 'hakos')",2373,10.387393302692056
"('calliope', 'gura', 'kiara', 'mumei', 'hakos')",2164,9.472532282775225
"('calliope', 'gura', 'irys', 'sana', 'hakos')",1232,5.3928649595097395
"('calliope', 'gura', 'irys', 'ceres', 'hakos')",2098,9.183628802801488
"('calliope', 'gura', 'irys', 'ouro', 'hakos')",2237,9.792077040927992
"('calliope', 'gura', 'irys', 'mumei', 'hakos')",1993,8.724009630115999
"('calliope', 'gura', 'sana', 'ceres', 'hakos')",1387,6.071350404902605
"('calliope', 'gura', 'sana', 'ouro', 'hakos')",1438,6.294594003064128
"('calliope', 'gura', 'sana', 'mumei', 'hakos')",1322,5.786824250383016
"('calliope', 'gura', 'ceres', 'ouro', 'hakos')",2515,11.008973517181001
"('calliope', 'gura', 'ceres', 'mumei', 'hakos')",2354,10.304224119063253
"('calliope', 'gura', 'ouro', 'mumei', 'hakos')",2459,10.76384329174874
"('calliope', 'inanis', 'kiara', 'irys', 'hakos')",1909,8.356314291967609
"('calliope', 'inanis', 'kiara', 'sana', 'hakos')",1335,5.843729481286934
"('calliope', 'inanis', 'kiara', 'ceres', 'hakos')",2204,9.647625300941124
"('calliope', 'inanis', 'kiara', 'ouro', 'hakos')",2196,9.612606697307944
"('calliope', 'inanis', 'kiara', 'mumei', 'hakos')",2060,9.017290435543883
"('calliope', 'inanis', 'irys', 'sana', 'hakos')",1195,5.230903917706282
"('calliope', 'inanis', 'irys', 'ceres', 'hakos')",2030,8.885970671919457
"('calliope', 'inanis', 'irys', 'ouro', 'hakos')",2063,9.030422411906326
"('calliope', 'inanis', 'irys', 'mumei', 'hakos')",1867,8.172466622893412
"('calliope', 'inanis', 'sana', 'ceres', 'hakos')",1340,5.8656161085576715
"('calliope', 'inanis', 'sana', 'ouro', 'hakos')",1342,5.874370759465966
"('calliope', 'inanis', 'sana', 'mumei', 'hakos')",1252,5.48041146859269
"('calliope', 'inanis', 'ceres', 'ouro', 'hakos')",2350,10.286714817246663
"('calliope', 'inanis', 'ceres', 'mumei', 'hakos')",2236,9.787699715473845
"('calliope', 'inanis', 'ouro', 'mumei', 'hakos')",2233,9.774567739111403
"('calliope', 'kiara', 'irys', 'sana', 'hakos')",1180,5.165244035894069
"('calliope', 'kiara', 'irys', 'ceres', 'hakos')",1865,8.163711971985117
"('calliope', 'kiara', 'irys', 'ouro', 'hakos')",1935,8.470124753775444
"('calliope', 'kiara', 'irys', 'mumei', 'hakos')",1722,7.537754432042022
"('calliope', 'kiara', 'sana', 'ceres', 'hakos')",1298,5.681768439483475
"('calliope', 'kiara', 'sana', 'ouro', 'hakos')",1324,5.795578901291311
"('calliope', 'kiara', 'sana', 'mumei', 'hakos')",1212,5.30531845042679
"('calliope', 'kiara', 'ceres', 'ouro', 'hakos')",2140,9.367476471875683
"('calliope', 'kiara', 'ceres', 'mumei', 'hakos')",2015,8.820310790107245
"('calliope', 'kiara', 'ouro', 'mumei', 'hakos')",2054,8.991026482818999
"('calliope', 'irys', 'sana', 'ceres', 'hakos')",1196,5.235281243160429
"('calliope', 'irys', 'sana', 'ouro', 'hakos')",1237,5.414751586780477
"('calliope', 'irys', 'sana', 'mumei', 'hakos')",1116,4.885095206828628
"('calliope', 'irys', 'ceres', 'ouro', 'hakos')",2042,8.938498577369227
"('calliope', 'irys', 'ceres', 'mumei', 'hakos')",1861,8.146202670168528
"('calliope', 'irys', 'ouro', 'mumei', 'hakos')",1919,8.400087546509083
"('calliope', 'sana', 'ceres', 'ouro', 'hakos')",1364,5.970671919457211
"('calliope', 'sana', 'ceres', 'mumei', 'hakos')",1282,5.611731232217116
"('calliope', 'sana', 'ouro', 'mumei', 'hakos')",1285,5.624863208579558
"('calliope', 'ceres', 'ouro', 'mumei', 'hakos')",2233,9.774567739111403
"('gura', 'inanis', 'kiara', 'irys', 'hakos')",2150,9.411249726417159
"('gura', 'inanis', 'kiara', 'sana', 'hakos')",1460,6.390895163055372
"('gura', 'inanis', 'kiara', 'ceres', 'hakos')",2519,11.026482818997591
"('gura', 'inanis', 'kiara', 'ouro', 'hakos')",2513,11.000218866272707
"('gura', 'inanis', 'kiara', 'mumei', 'hakos')",2403,10.518713066316481
"('gura', 'inanis', 'irys', 'sana', 'hakos')",1329,5.817465528562049
"('gura', 'inanis', 'irys', 'ceres', 'hakos')",2399,10.501203764499891
"('gura', 'inanis', 'irys', 'ouro', 'hakos')",2427,10.62376887721602
"('gura', 'inanis', 'irys', 'mumei', 'hakos')",2264,9.910264828189975
"('gura', 'inanis', 'sana', 'ceres', 'hakos')",1567,6.859268986649157
"('gura', 'inanis', 'sana', 'ouro', 'hakos')",1552,6.793609104836945
"('gura', 'inanis', 'sana', 'mumei', 'hakos')",1489,6.517837601225651
"('gura', 'inanis', 'ceres', 'ouro', 'hakos')",2895,12.672357189757058
"('gura', 'inanis', 'ceres', 'mumei', 'hakos')",2794,12.23024731888816
"('gura', 'inanis', 'ouro', 'mumei', 'hakos')",2792,12.221492667979865
"('gura', 'kiara', 'irys', 'sana', 'hakos')",1271,5.563580652221493
"('gura', 'kiara', 'irys', 'ceres', 'hakos')",2115,9.258043335521995
"('gura', 'kiara', 'irys', 'ouro', 'hakos')",2173,9.511928211862553
"('gura', 'kiara', 'irys', 'mumei', 'hakos')",1992,8.719632304661852
"('gura', 'kiara', 'sana', 'ceres', 'hakos')",1437,6.290216677609981
"('gura', 'kiara', 'sana', 'ouro', 'hakos')",1450,6.3471219085138975
"('gura', 'kiara', 'sana', 'mumei', 'hakos')",1357,5.940030641278179
"('gura', 'kiara', 'ceres', 'ouro', 'hakos')",2507,10.973954913547821
"('gura', 'kiara', 'ceres', 'mumei', 'hakos')",2379,10.41365725541694
"('gura', 'kiara', 'ouro', 'mumei', 'hakos')",2421,10.597504924491135
"('gura', 'irys', 'sana', 'ceres', 'hakos')",1351,5.913766688553293
"('gura', 'irys', 'sana', 'ouro', 'hakos')",1378,6.031954475815277
"('gura', 'irys', 'sana', 'mumei', 'hakos')",1266,5.541694024950755
"('gura', 'irys', 'ceres', 'ouro', 'hakos')",2477,10.842635149923396
"('gura', 'irys', 'ceres', 'mumei', 'hakos')",2287,10.01094331363537
"('gura', 'irys', 'ouro', 'mumei', 'hakos')",2348,10.277960166338367
"('gura', 'sana', 'ceres', 'ouro', 'hakos')",1597,6.990588750273583
"('gura', 'sana', 'ceres', 'mumei', 'hakos')",1516,6.636025388487635
"('gura', 'sana', 'ouro', 'mumei', 'hakos')",1518,6.64478003939593
"('gura', 'ceres', 'ouro', 'mumei', 'hakos')",2834,12.40534033705406
"('inanis', 'kiara', 'irys', 'sana', 'hakos')",1243,5.441015539505362
"('inanis', 'kiara', 'irys', 'ceres', 'hakos')",2045,8.95163055373167
"('inanis', 'kiara', 'irys', 'ouro', 'hakos')",2005,8.776537535565769
"('inanis', 'kiara', 'irys', 'mumei', 'hakos')",1883,8.242503830159773
"('inanis', 'kiara', 'sana', 'ceres', 'hakos')",1412,6.180783541256293
"('inanis', 'kiara', 'sana', 'ouro', 'hakos')",1375,6.018822499452834
"('inanis', 'kiara', 'sana', 'mumei', 'hakos')",1325,5.799956226745459
"('inanis', 'kiara', 'ceres', 'ouro', 'hakos')",2324,10.172904355438826
"('inanis', 'kiara', 'ceres', 'mumei', 'hakos')",2277,9.967170059093894
"('inanis', 'kiara', 'ouro', 'mumei', 'hakos')",2199,9.625738673670387
"('inanis', 'irys', 'sana', 'ceres', 'hakos')",1315,5.756182972203983
"('inanis', 'irys', 'sana', 'ouro', 'hakos')",1298,5.681768439483475
"('inanis', 'irys', 'sana', 'mumei', 'hakos')",1221,5.344714379514117
"('inanis', 'irys', 'ceres', 'ouro', 'hakos')",2293,10.037207266360253
"('inanis', 'irys', 'ceres', 'mumei', 'hakos')",2171,9.503173560954258
"('inanis', 'irys', 'ouro', 'mumei', 'hakos')",2124,9.297439264609324
"('inanis', 'sana', 'ceres', 'ouro', 'hakos')",1493,6.5353469030422415
"('inanis', 'sana', 'ceres', 'mumei', 'hakos')",1461,6.395272488509521
"('inanis', 'sana', 'ouro', 'mumei', 'hakos')",1411,6.176406215802145
"('inanis', 'ceres', 'ouro', 'mumei', 'hakos')",2580,11.29349967170059
"('kiara', 'irys', 'sana', 'ceres', 'hakos')",1235,5.405996935872182
"('kiara', 'irys', 'sana', 'ouro', 'hakos')",1239,5.423506237688772
"('kiara', 'irys', 'sana', 'mumei', 'hakos')",1144,5.007660319544758
"('kiara', 'irys', 'ceres', 'ouro', 'hakos')",2045,8.95163055373167
"('kiara', 'irys', 'ceres', 'mumei', 'hakos')",1906,8.343182315605164
"('kiara', 'irys', 'ouro', 'mumei', 'hakos')",1904,8.33442766469687
"('kiara', 'sana', 'ceres', 'ouro', 'hakos')",1381,6.045086452177719
"('kiara', 'sana', 'ceres', 'mumei', 'hakos')",1335,5.843729481286934
"('kiara', 'sana', 'ouro', 'mumei', 'hakos')",1305,5.712409717662508
"('kiara', 'ceres', 'ouro', 'mumei', 'hakos')",2235,9.783322390019698
"('irys', 'sana', 'ceres', 'ouro', 'hakos')",1356,5.935653315824031
"('irys', 'sana', 'ceres', 'mumei', 'hakos')",1264,5.53293937404246
"('irys', 'sana', 'ouro', 'mumei', 'hakos')",1264,5.53293937404246
"('irys', 'ceres', 'ouro', 'mumei', 'hakos')",2230,9.76143576274896
"('sana', 'ceres', 'ouro', 'mumei', 'hakos')",1481,6.482818997592471
"('amelia', 'calliope', 'gura', 'inanis', 'kiara', 'hakos')",2069,9.05668636463121
"('amelia', 'calliope', 'gura', 'inanis', 'irys', 'hakos')",1860,8.141825344714379
"('amelia', 'calliope', 'gura', 'inanis', 'sana', 'hakos')",1233,5.3972422849638875
"('amelia', 'calliope', 'gura', 'inanis', 'ceres', 'hakos')",2164,9.472532282775225
"('amelia', 'calliope', 'gura', 'inanis', 'ouro', 'hakos')",2205,9.652002626395273
"('amelia', 'calliope', 'gura', 'inanis', 'mumei', 'hakos')",2090,9.148610199168308
"('amelia', 'calliope', 'gura', 'kiara', 'irys', 'hakos')",1736,7.599036988400087
"('amelia', 'calliope', 'gura', 'kiara', 'sana', 'hakos')",1202,5.261545195885314
"('amelia', 'calliope', 'gura', 'kiara', 'ceres', 'hakos')",1958,8.570803239220837
"('amelia', 'calliope', 'gura', 'kiara', 'ouro', 'hakos')",2036,8.912234624644343
"('amelia', 'calliope', 'gura', 'kiara', 'mumei', 'hakos')",1888,8.26439045743051
"('amelia', 'calliope', 'gura', 'irys', 'sana', 'hakos')",1086,4.753775443204202
"('amelia', 'calliope', 'gura', 'irys', 'ceres', 'hakos')",1802,7.887940468373824
"('amelia', 'calliope', 'gura', 'irys', 'ouro', 'hakos')",1889,8.268767782884657
"('amelia', 'calliope', 'gura', 'irys', 'mumei', 'hakos')",1732,7.581527686583497
"('amelia', 'calliope', 'gura', 'sana', 'ceres', 'hakos')",1219,5.335959728605822
"('amelia', 'calliope', 'gura', 'sana', 'ouro', 'hakos')",1240,5.427883563142919
"('amelia', 'calliope', 'gura', 'sana', 'mumei', 'hakos')",1167,5.108338804990151
"('amelia', 'calliope', 'gura', 'ceres', 'ouro', 'hakos')",2130,9.32370321733421
"('amelia', 'calliope', 'gura', 'ceres', 'mumei', 'hakos')",2010,8.798424162836508
"('amelia', 'calliope', 'gura', 'ouro', 'mumei', 'hakos')",2086,9.131100897351718
"('amelia', 'calliope', 'inanis', 'kiara', 'irys', 'hakos')",1658,7.257605602976581
"('amelia', 'calliope', 'inanis', 'kiara', 'sana', 'hakos')",1171,5.125848106806741
"('amelia', 'calliope', 'inanis', 'kiara', 'ceres', 'hakos')",1902,8.325673013788574
"('amelia', 'calliope', 'inanis', 'kiara', 'ouro', 'hakos')",1907,8.347559641059313
"('amelia', 'calliope', 'inanis', 'kiara', 'mumei', 'hakos')",1795,7.857299190194792
"('amelia', 'calliope', 'inanis', 'irys', 'sana', 'hakos')",1052,4.604946377763187
"('amelia', 'calliope', 'inanis', 'irys', 'ceres', 'hakos')",1743,7.629678266579121
"('amelia', 'calliope', 'inanis', 'irys', 'ouro', 'hakos')",1759,7.699715473845481
"('amelia', 'calliope', 'inanis', 'irys', 'mumei', 'hakos')",1640,7.178813744801927
"('amelia', 'calliope', 'inanis', 'sana', 'ceres', 'hakos')",1171,5.125848106806741
"('amelia', 'calliope', 'inanis', 'sana', 'ouro', 'hakos')",1165,5.099584154081856
"('amelia', 'calliope', 'inanis', 'sana', 'mumei', 'hakos')",1111,4.86320857955789
"('amelia', 'calliope', 'inanis', 'ceres', 'ouro', 'hakos')",2012,8.807178813744802
"('amelia', 'calliope', 'inanis', 'ceres', 'mumei', 'hakos')",1936,8.474502079229591
"('amelia', 'calliope', 'inanis', 'ouro', 'mumei', 'hakos')",1929,8.443860801050558
"('amelia', 'calliope', 'kiara', 'irys', 'sana', 'hakos')",1039,4.548041146859269
"('amelia', 'calliope', 'kiara', 'irys', 'ceres', 'hakos')",1620,7.091267235718976
"('amelia', 'calliope', 'kiara', 'irys', 'ouro', 'hakos')",1669,7.305756182972203
"('amelia', 'calliope', 'kiara', 'irys', 'mumei', 'hakos')",1531,6.701685270299847
"('amelia', 'calliope', 'kiara', 'sana', 'ceres', 'hakos')",1141,4.994528343182315
"('amelia', 'calliope', 'kiara', 'sana', 'ouro', 'hakos')",1150,5.033924272269643
"('amelia', 'calliope', 'kiara', 'sana', 'mumei', 'hakos')",1087,4.758152768658349
"('amelia', 'calliope', 'kiara', 'ceres', 'ouro', 'hakos')",1849,8.093674764718758
"('amelia', 'calliope', 'kiara', 'ceres', 'mumei', 'hakos')",1753,7.673451521120596
"('amelia', 'calliope', 'kiara', 'ouro', 'mumei', 'hakos')",1790,7.835412562924053
"('amelia', 'calliope', 'irys', 'sana', 'ceres', 'hakos')",1044,4.569927774130007
"('amelia', 'calliope', 'irys', 'sana', 'ouro', 'hakos')",1070,4.683738235937842
"('amelia', 'calliope', 'irys', 'sana', 'mumei', 'hakos')",994,4.351061501422631
"('amelia', 'calliope', 'irys', 'ceres', 'ouro', 'hakos')",1736,7.599036988400087
"('amelia', 'calliope', 'irys', 'ceres', 'mumei', 'hakos')",1620,7.091267235718976
"('amelia', 'calliope', 'irys', 'ouro', 'mumei', 'hakos')",1666,7.292624206609761
"('amelia', 'calliope', 'sana', 'ceres', 'ouro', 'hakos')",1172,5.130225432260889
"('amelia', 'calliope', 'sana', 'ceres', 'mumei', 'hakos')",1129,4.9420004377325455
"('amelia', 'calliope', 'sana', 'ouro', 'mumei', 'hakos')",1118,4.893849857736923
"('amelia', 'calliope', 'ceres', 'ouro', 'mumei', 'hakos')",1909,8.356314291967609
"('amelia', 'gura', 'inanis', 'kiara', 'irys', 'hakos')",1860,8.141825344714379
"('amelia', 'gura', 'inanis', 'kiara', 'sana', 'hakos')",1288,5.6379951849420005
"('amelia', 'gura', 'inanis', 'kiara', 'ceres', 'hakos')",2179,9.538192164587437
"('amelia', 'gura', 'inanis', 'kiara', 'ouro', 'hakos')",2158,9.446268330050339
"('amelia', 'gura', 'inanis', 'kiara', 'mumei', 'hakos')",2089,9.14423287371416
"('amelia', 'gura', 'inanis', 'irys', 'sana', 'hakos')",1171,5.125848106806741
"('amelia', 'gura', 'inanis', 'irys', 'ceres', 'hakos')",2062,9.026045086452179
"('amelia', 'gura', 'inanis', 'irys', 'ouro', 'hakos')",2048,8.964762530094113
"('amelia', 'gura', 'inanis', 'irys', 'mumei', 'hakos')",1962,8.588312541037427
"('amelia', 'gura', 'inanis', 'sana', 'ceres', 'hakos')",1369,5.992558546727949
"('amelia', 'gura', 'inanis', 'sana', 'ouro', 'hakos')",1339,5.8612387831035235
"('amelia', 'gura', 'inanis', 'sana', 'mumei', 'hakos')",1304,5.70803239220836
"('amelia', 'gura', 'inanis', 'ceres', 'ouro', 'hakos')",2430,10.636900853578464
"('amelia', 'gura', 'inanis', 'ceres', 'mumei', 'hakos')",2386,10.444298533595973
"('amelia', 'gura', 'inanis', 'ouro', 'mumei', 'hakos')",2354,10.304224119063253
"('amelia', 'gura', 'kiara', 'irys', 'sana', 'hakos')",1129,4.9420004377325455
"('amelia', 'gura', 'kiara', 'irys', 'ceres', 'hakos')",1835,8.032392208360692
"('amelia', 'gura', 'kiara', 'irys', 'ouro', 'hakos')",1876,8.211862551980738
"('amelia', 'gura', 'kiara', 'irys', 'mumei', 'hakos')",1748,7.651564893849858
"('amelia', 'gura', 'kiara', 'sana', 'ceres', 'hakos')",1266,5.541694024950755
"('amelia', 'gura', 'kiara', 'sana', 'ouro', 'hakos')",1262,5.524184723134165
"('amelia', 'gura', 'kiara', 'sana', 'mumei', 'hakos')",1213,5.309695775880937
"('amelia', 'gura', 'kiara', 'ceres', 'ouro', 'hakos')",2133,9.33683519369665
"('amelia', 'gura', 'kiara', 'ceres', 'mumei', 'hakos')",2042,8.938498577369227
"('amelia', 'gura', 'kiara', 'ouro', 'mumei', 'hakos')",2075,9.082950317356095
"('amelia', 'gura', 'irys', 'sana', 'ceres', 'hakos')",1187,5.195885314073101
"('amelia', 'gura', 'irys', 'sana', 'ouro', 'hakos')",1192,5.217771941343839
"('amelia', 'gura', 'irys', 'sana', 'mumei', 'hakos')",1126,4.928868461370103
"('amelia', 'gura', 'irys', 'ceres', 'ouro', 'hakos')",2083,9.117968920989275
"('amelia', 'gura', 'irys', 'ceres', 'mumei', 'hakos')",1959,8.575180564674984
"('amelia', 'gura', 'irys', 'ouro', 'mumei', 'hakos')",1980,8.667104399212082
"('amelia', 'gura', 'sana', 'ceres', 'ouro', 'hakos')",1370,5.996935872182096
"('amelia', 'gura', 'sana', 'ceres', 'mumei', 'hakos')",1319,5.773692274020573
"('amelia', 'gura', 'sana', 'ouro', 'mumei', 'hakos')",1306,5.716787043116655
"('amelia', 'gura', 'ceres', 'ouro', 'mumei', 'hakos')",2358,10.321733420879843
"('amelia', 'inanis', 'kiara', 'irys', 'sana', 'hakos')",1097,4.801926023199825
"('amelia', 'inanis', 'kiara', 'irys', 'ceres', 'hakos')",1764,7.7216021011162175
"('amelia', 'inanis', 'kiara', 'irys', 'ouro', 'hakos')",1723,7.54213175749617
"('amelia', 'inanis', 'kiara', 'irys', 'mumei', 'hakos')",1653,7.2357189757058435
"('amelia', 'inanis', 'kiara', 'sana', 'ceres', 'hakos')",1236,5.4103742613263295
"('amelia', 'inanis', 'kiara', 'sana', 'ouro', 'hakos')",1191,5.213394615889691
"('amelia', 'inanis', 'kiara', 'sana', 'mumei', 'hakos')",1171,5.125848106806741
"('amelia', 'inanis', 'kiara', 'ceres', 'ouro', 'hakos')",1999,8.750273582840883
"('amelia', 'inanis', 'kiara', 'ceres', 'mumei', 'hakos')",1965,8.601444517399868
"('amelia', 'inanis', 'kiara', 'ouro', 'mumei', 'hakos')",1904,8.33442766469687
"('amelia', 'inanis', 'irys', 'sana', 'ceres', 'hakos')",1148,5.025169621361348
"('amelia', 'inanis', 'irys', 'sana', 'ouro', 'hakos')",1128,4.937623112278398
"('amelia', 'inanis', 'irys', 'sana', 'mumei', 'hakos')",1088,4.762530094112497
"('amelia', 'inanis', 'irys', 'ceres', 'ouro', 'hakos')",1944,8.509520682862771
"('amelia', 'inanis', 'irys', 'ceres', 'mumei', 'hakos')",1879,8.224994528343183
"('amelia', 'inanis', 'irys', 'ouro', 'mumei', 'hakos')",1830,8.010505581089953
"('amelia', 'inanis', 'sana', 'ceres', 'ouro', 'hakos')",1284,5.6204858831254105
"('amelia', 'inanis', 'sana', 'ceres', 'mumei', 'hakos')",1269,5.554826001313198
"('amelia', 'inanis', 'sana', 'ouro', 'mumei', 'hakos')",1222,5.349091704968265
"('amelia', 'inanis', 'ceres', 'ouro', 'mumei', 'hakos')",2195,9.608229371853797
"('amelia', 'kiara', 'irys', 'sana', 'ceres', 'hakos')",1082,4.736266141387612
"('amelia', 'kiara', 'irys', 'sana', 'ouro', 'hakos')",1086,4.753775443204202
"('amelia', 'kiara', 'irys', 'sana', 'mumei', 'hakos')",1034,4.526154519588531
"('amelia', 'kiara', 'irys', 'ceres', 'ouro', 'hakos')",1750,7.660319544758153
"('amelia', 'kiara', 'irys', 'ceres', 'mumei', 'hakos')",1658,7.257605602976581
"('amelia', 'kiara', 'irys', 'ouro', 'mumei', 'hakos')",1663,7.279492230247318
"('amelia', 'kiara', 'sana', 'ceres', 'ouro', 'hakos')",1196,5.235281243160429
"('amelia', 'kiara', 'sana', 'ceres', 'mumei', 'hakos')",1178,5.156489384985774
"('amelia', 'kiara', 'sana', 'ouro', 'mumei', 'hakos')",1151,5.03830159772379
"('amelia', 'kiara', 'ceres', 'ouro', 'mumei', 'hakos')",1911,8.365068942875903
"('amelia', 'irys', 'sana', 'ceres', 'ouro', 'hakos')",1170,5.121470781352593
"('amelia', 'irys', 'sana', 'ceres', 'mumei', 'hakos')",1107,4.8456992777413
"('amelia', 'irys', 'sana', 'ouro', 'mumei', 'hakos')",1103,4.82818997592471
"('amelia', 'irys', 'ceres', 'ouro', 'mumei', 'hakos')",1889,8.268767782884657
"('amelia', 'sana', 'ceres', 'ouro', 'mumei', 'hakos')",1264,5.53293937404246
"('calliope', 'gura', 'inanis', 'kiara', 'irys', 'hakos')",1652,7.2313416502516965
"('calliope', 'gura', 'inanis', 'kiara', 'sana', 'hakos')",1171,5.125848106806741
"('calliope', 'gura', 'inanis', 'kiara', 'ceres', 'hakos')",1919,8.400087546509083
"('calliope', 'gura', 'inanis', 'kiara', 'ouro', 'hakos')",1931,8.452615451958852
"('calliope', 'gura', 'inanis', 'kiara', 'mumei', 'hakos')",1832,8.019260231998249
"('calliope', 'gura', 'inanis', 'irys', 'sana', 'hakos')",1057,4.626833005033924
"('calliope', 'gura', 'inanis', 'irys', 'ceres', 'hakos')",1785,7.813525935653316
"('calliope', 'gura', 'inanis', 'irys', 'ouro', 'hakos')",1814,7.9404683738235935
"('calliope', 'gura', 'inanis', 'irys', 'mumei', 'hakos')",1678,7.345152112059532
"('calliope', 'gura', 'inanis', 'sana', 'ceres', 'hakos')",1203,5.265922521339462
"('calliope', 'gura', 'inanis', 'sana', 'ouro', 'hakos')",1207,5.283431823156052
"('calliope', 'gura', 'inanis', 'sana', 'mumei', 'hakos')",1149,5.029546946815495
"('calliope', 'gura', 'inanis', 'ceres', 'ouro', 'hakos')",2100,9.192383453709784
"('calliope', 'gura', 'inanis', 'ceres', 'mumei', 'hakos')",2013,8.811556139198949
"('calliope', 'gura', 'inanis', 'ouro', 'mumei', 'hakos')",2023,8.855329393740424
"('calliope', 'gura', 'kiara', 'irys', 'sana', 'hakos')",1036,4.534909170496826
"('calliope', 'gura', 'kiara', 'irys', 'ceres', 'hakos')",1626,7.117531188443861
"('calliope', 'gura', 'kiara', 'irys', 'ouro', 'hakos')",1673,7.323265484788793
"('calliope', 'gura', 'kiara', 'irys', 'mumei', 'hakos')",1541,6.745458524841322
"('calliope', 'gura', 'kiara', 'sana', 'ceres', 'hakos')",1150,5.033924272269643
"('calliope', 'gura', 'kiara', 'sana', 'ouro', 'hakos')",1160,5.077697526811118
"('calliope', 'gura', 'kiara', 'sana', 'mumei', 'hakos')",1088,4.762530094112497
"('calliope', 'gura', 'kiara', 'ceres', 'ouro', 'hakos')",1883,8.242503830159773
"('calliope', 'gura', 'kiara', 'ceres', 'mumei', 'hakos')",1796,7.861676515648938
"('calliope', 'gura', 'kiara', 'ouro', 'mumei', 'hakos')",1832,8.019260231998249
"('calliope', 'gura', 'irys', 'sana', 'ceres', 'hakos')",1062,4.648719632304662
"('calliope', 'gura', 'irys', 'sana', 'ouro', 'hakos')",1085,4.749398117750054
"('calliope', 'gura', 'irys', 'sana', 'mumei', 'hakos')",1016,4.447362661413877
"('calliope', 'gura', 'irys', 'ceres', 'ouro', 'hakos')",1786,7.817903261107463
"('calliope', 'gura', 'irys', 'ceres', 'mumei', 'hakos')",1673,7.323265484788793
"('calliope', 'gura', 'irys', 'ouro', 'mumei', 'hakos')",1720,7.528999781133727
"('calliope', 'gura', 'sana', 'ceres', 'ouro', 'hakos')",1211,5.300941124972642
"('calliope', 'gura', 'sana', 'ceres', 'mumei', 'hakos')",1167,5.108338804990151
"('calliope', 'gura', 'sana', 'ouro', 'mumei', 'hakos')",1169,5.117093455898446
"('calliope', 'gura', 'ceres', 'ouro', 'mumei', 'hakos')",2002,8.763405559203328
"('calliope', 'inanis', 'kiara', 'irys', 'sana', 'hakos')",1022,4.4736266141387615
"('calliope', 'inanis', 'kiara', 'irys', 'ceres', 'hakos')",1605,7.0256073539067625
"('calliope', 'inanis', 'kiara', 'irys', 'ouro', 'hakos')",1582,6.924928868461371
"('calliope', 'inanis', 'kiara', 'irys', 'mumei', 'hakos')",1483,6.491573648500766
"('calliope', 'inanis', 'kiara', 'sana', 'ceres', 'hakos')",1137,4.977019041365725
"('calliope', 'inanis', 'kiara', 'sana', 'ouro', 'hakos')",1119,4.89822718319107
"('calliope', 'inanis', 'kiara', 'sana', 'mumei', 'hakos')",1067,4.6706062595754
"('calliope', 'inanis', 'kiara', 'ceres', 'ouro', 'hakos')",1814,7.9404683738235935
"('calliope', 'inanis', 'kiara', 'ceres', 'mumei', 'hakos')",1762,7.7128474502079225
"('calliope', 'inanis', 'kiara', 'ouro', 'mumei', 'hakos')",1723,7.54213175749617
"('calliope', 'inanis', 'irys', 'sana', 'ceres', 'hakos')",1043,4.565550448675859
"('calliope', 'inanis', 'irys', 'sana', 'ouro', 'hakos')",1039,4.548041146859269
"('calliope', 'inanis', 'irys', 'sana', 'mumei', 'hakos')",978,4.28102429415627
"('calliope', 'inanis', 'irys', 'ceres', 'ouro', 'hakos')",1720,7.528999781133727
"('calliope', 'inanis', 'irys', 'ceres', 'mumei', 'hakos')",1622,7.100021886627271
"('calliope', 'inanis', 'irys', 'ouro', 'mumei', 'hakos')",1607,7.0343620048150575
"('calliope', 'inanis', 'sana', 'ceres', 'ouro', 'hakos')",1159,5.073320201356971
"('calliope', 'inanis', 'sana', 'ceres', 'mumei', 'hakos')",1124,4.920113810461808
"('calliope', 'inanis', 'sana', 'ouro', 'mumei', 'hakos')",1096,4.797548697745677
"('calliope', 'inanis', 'ceres', 'ouro', 'mumei', 'hakos')",1888,8.26439045743051
"('calliope', 'kiara', 'irys', 'sana', 'ceres', 'hakos')",1010,4.421098708688991
"('calliope', 'kiara', 'irys', 'sana', 'ouro', 'hakos')",1021,4.469249288684614
"('calliope', 'kiara', 'irys', 'sana', 'mumei', 'hakos')",947,4.145327205077697
"('calliope', 'kiara', 'irys', 'ceres', 'ouro', 'hakos')",1584,6.933683519369666
"('calliope', 'kiara', 'irys', 'ceres', 'mumei', 'hakos')",1487,6.509082950317356
"('calliope', 'kiara', 'irys', 'ouro', 'mumei', 'hakos')",1495,6.5441015539505365
"('calliope', 'kiara', 'sana', 'ceres', 'ouro', 'hakos')",1113,4.871963230466185
"('calliope', 'kiara', 'sana', 'ceres', 'mumei', 'hakos')",1076,4.7100021886627275
"('calliope', 'kiara', 'sana', 'ouro', 'mumei', 'hakos')",1057,4.626833005033924
"('calliope', 'kiara', 'ceres', 'ouro', 'mumei', 'hakos')",1710,7.485226526592252
"('calliope', 'irys', 'sana', 'ceres', 'ouro', 'hakos')",1069,4.679360910483695
"('calliope', 'irys', 'sana', 'ceres', 'mumei', 'hakos')",1003,4.390457430509959
"('calliope', 'irys', 'sana', 'ouro', 'mumei', 'hakos')",1009,4.416721383234844
"('calliope', 'irys', 'ceres', 'ouro', 'mumei', 'hakos')",1619,7.086889910264828
"('calliope', 'sana', 'ceres', 'ouro', 'mumei', 'hakos')",1135,4.96826439045743
"('gura', 'inanis', 'kiara', 'irys', 'sana', 'hakos')",1099,4.81068067410812
"('gura', 'inanis', 'kiara', 'irys', 'ceres', 'hakos')",1800,7.879185817465528
"('gura', 'inanis', 'kiara', 'irys', 'ouro', 'hakos')",1770,7.747866053841103
"('gura', 'inanis', 'kiara', 'irys', 'mumei', 'hakos')",1686,7.380170715692712
"('gura', 'inanis', 'kiara', 'sana', 'ceres', 'hakos')",1256,5.49792077040928
"('gura', 'inanis', 'kiara', 'sana', 'ouro', 'hakos')",1224,5.35784635587656
"('gura', 'inanis', 'kiara', 'sana', 'mumei', 'hakos')",1189,5.204639964981396
"('gura', 'inanis', 'kiara', 'ceres', 'ouro', 'hakos')",2077,9.09170496826439
"('gura', 'inanis', 'kiara', 'ceres', 'mumei', 'hakos')",2029,8.881593346465309
"('gura', 'inanis', 'kiara', 'ouro', 'mumei', 'hakos')",1973,8.63646312103305
"('gura', 'inanis', 'irys', 'sana', 'ceres', 'hakos')",1166,5.103961479536003
"('gura', 'inanis', 'irys', 'sana', 'ouro', 'hakos')",1151,5.03830159772379
"('gura', 'inanis', 'irys', 'sana', 'mumei', 'hakos')",1101,4.819435325016415
"('gura', 'inanis', 'irys', 'ceres', 'ouro', 'hakos')",2027,8.872838695557014
"('gura', 'inanis', 'irys', 'ceres', 'mumei', 'hakos')",1938,8.483256730137887
"('gura', 'inanis', 'irys', 'ouro', 'mumei', 'hakos')",1904,8.33442766469687
"('gura', 'inanis', 'sana', 'ceres', 'ouro', 'hakos')",1340,5.8656161085576715
"('gura', 'inanis', 'sana', 'ceres', 'mumei', 'hakos')",1318,5.769314948566426
"('gura', 'inanis', 'sana', 'ouro', 'mumei', 'hakos')",1281,5.607353906762968
"('gura', 'inanis', 'ceres', 'ouro', 'mumei', 'hakos')",2318,10.146640402713942
"('gura', 'kiara', 'irys', 'sana', 'ceres', 'hakos')",1100,4.815057999562267
"('gura', 'kiara', 'irys', 'sana', 'ouro', 'hakos')",1100,4.815057999562267
"('gura', 'kiara', 'irys', 'sana', 'mumei', 'hakos')",1042,4.561173123221711
"('gura', 'kiara', 'irys', 'ceres', 'ouro', 'hakos')",1801,7.883563142919677
"('gura', 'kiara', 'irys', 'ceres', 'mumei', 'hakos')",1706,7.4677172247756625
"('gura', 'kiara', 'irys', 'ouro', 'mumei', 'hakos')",1707,7.472094550229809
"('gura', 'kiara', 'sana', 'ceres', 'ouro', 'hakos')",1234,5.4016196104180345
"('gura', 'kiara', 'sana', 'ceres', 'mumei', 'hakos')",1198,5.244035894068724
"('gura', 'kiara', 'sana', 'ouro', 'mumei', 'hakos')",1179,5.1608667104399215
"('gura', 'kiara', 'ceres', 'ouro', 'mumei', 'hakos')",2005,8.776537535565769
"('gura', 'irys', 'sana', 'ceres', 'ouro', 'hakos')",1199,5.248413219522872
"('gura', 'irys', 'sana', 'ceres', 'mumei', 'hakos')",1133,4.959509739549135
"('gura', 'irys', 'sana', 'ouro', 'mumei', 'hakos')",1136,4.972641715911577
"('gura', 'irys', 'ceres', 'ouro', 'mumei', 'hakos')",1966,8.605821842854017
"('gura', 'sana', 'ceres', 'ouro', 'mumei', 'hakos')",1326,5.804333552199606
"('inanis', 'kiara', 'irys', 'sana', 'ceres', 'hakos')",1084,4.745020792295907
"('inanis', 'kiara', 'irys', 'sana', 'ouro', 'hakos')",1061,4.644342306850515
"('inanis', 'kiara', 'irys', 'sana', 'mumei', 'hakos')",1016,4.447362661413877
"('inanis', 'kiara', 'irys', 'ceres', 'ouro', 'hakos')",1715,7.50711315386299
"('inanis', 'kiara', 'irys', 'ceres', 'mumei', 'hakos')",1659,7.2619829284307285
"('inanis', 'kiara', 'irys', 'ouro', 'mumei', 'hakos')",1588,6.951192821186256
"('inanis', 'kiara', 'sana', 'ceres', 'ouro', 'hakos')",1193,5.222149266797986
"('inanis', 'kiara', 'sana', 'ceres', 'mumei', 'hakos')",1180,5.165244035894069
"('inanis', 'kiara', 'sana', 'ouro', 'mumei', 'hakos')",1127,4.9332457868242505
"('inanis', 'kiara', 'ceres', 'ouro', 'mumei', 'hakos')",1888,8.26439045743051
"('inanis', 'irys', 'sana', 'ceres', 'ouro', 'hakos')",1145,5.012037644998905
"('inanis', 'irys', 'sana', 'ceres', 'mumei', 'hakos')",1106,4.841321952287152
"('inanis', 'irys', 'sana', 'ouro', 'mumei', 'hakos')",1077,4.7143795141168745
"('inanis', 'irys', 'ceres', 'ouro', 'mumei', 'hakos')",1853,8.111184066535348
"('inanis', 'sana', 'ceres', 'ouro', 'mumei', 'hakos')",1253,5.484788794046837
"('kiara', 'irys', 'sana', 'ceres', 'ouro', 'hakos')",1081,4.731888815933464
"('kiara', 'irys', 'sana', 'ceres', 'mumei', 'hakos')",1035,4.530531845042679
"('kiara', 'irys', 'sana', 'ouro', 'mumei', 'hakos')",1017,4.451739986868024
"('kiara', 'irys', 'ceres', 'ouro', 'mumei', 'hakos')",1646,7.205077697526812
"('kiara', 'sana', 'ceres', 'ouro', 'mumei', 'hakos')",1151,5.03830159772379
"('irys', 'sana', 'ceres', 'ouro', 'mumei', 'hakos')",1131,4.9507550886408405
"('amelia', 'calliope', 'gura', 'inanis', 'kiara', 'irys', 'hakos')",1485,6.500328299409061
"('amelia', 'calliope', 'gura', 'inanis', 'kiara', 'sana', 'hakos')",1057,4.626833005033924
"('amelia', 'calliope', 'gura', 'inanis', 'kiara', 'ceres', 'hakos')",1716,7.511490479317137
"('amelia', 'calliope', 'gura', 'inanis', 'kiara', 'ouro', 'hakos')",1720,7.528999781133727
"('amelia', 'calliope', 'gura', 'inanis', 'kiara', 'mumei', 'hakos')",1643,7.191945721164368
"('amelia', 'calliope', 'gura', 'inanis', 'irys', 'sana', 'hakos')",953,4.171591157802582
"('amelia', 'calliope', 'gura', 'inanis', 'irys', 'ceres', 'hakos')",1587,6.946815495732108
"('amelia', 'calliope', 'gura', 'inanis', 'irys', 'ouro', 'hakos')",1595,6.981834099365288
"('amelia', 'calliope', 'gura', 'inanis', 'irys', 'mumei', 'hakos')",1508,6.601006784854454
"('amelia', 'calliope', 'gura', 'inanis', 'sana', 'ceres', 'hakos')",1078,4.718756839571022
"('amelia', 'calliope', 'gura', 'inanis', 'sana', 'ouro', 'hakos')",1070,4.683738235937842
"('amelia', 'calliope', 'gura', 'inanis', 'sana', 'mumei', 'hakos')",1033,4.521777194134384
"('amelia', 'calliope', 'gura', 'inanis', 'ceres', 'ouro', 'hakos')",1837,8.041146859268986
"('amelia', 'calliope', 'gura', 'inanis', 'ceres', 'mumei', 'hakos')",1781,7.796016633836726
"('amelia', 'calliope', 'gura', 'inanis', 'ouro', 'mumei', 'hakos')",1779,7.787261982928431
"('amelia', 'calliope', 'gura', 'kiara', 'irys', 'sana', 'hakos')",942,4.12344057780696
"('amelia', 'calliope', 'gura', 'kiara', 'irys', 'ceres', 'hakos')",1468,6.425913766688553
"('amelia', 'calliope', 'gura', 'kiara', 'irys', 'ouro', 'hakos')",1497,6.5528562048588315
"('amelia', 'calliope', 'gura', 'kiara', 'irys', 'mumei', 'hakos')",1402,6.137010286714817
"('amelia', 'calliope', 'gura', 'kiara', 'sana', 'ceres', 'hakos')",1040,4.552418472313416
"('amelia', 'calliope', 'gura', 'kiara', 'sana', 'ouro', 'hakos')",1041,4.556795797767564
"('amelia', 'calliope', 'gura', 'kiara', 'sana', 'mumei', 'hakos')",995,4.355438826876778
"('amelia', 'calliope', 'gura', 'kiara', 'ceres', 'ouro', 'hakos')",1676,7.336397461151237
"('amelia', 'calliope', 'gura', 'kiara', 'ceres', 'mumei', 'hakos')",1600,7.0037207266360255
"('amelia', 'calliope', 'gura', 'kiara', 'ouro', 'mumei', 'hakos')",1632,7.143795141168746
"('amelia', 'calliope', 'gura', 'irys', 'sana', 'ceres', 'hakos')",958,4.19347778507332
"('amelia', 'calliope', 'gura', 'irys', 'sana', 'ouro', 'hakos')",971,4.250383015977238
"('amelia', 'calliope', 'gura', 'irys', 'sana', 'mumei', 'hakos')",923,4.0402713941781565
"('amelia', 'calliope', 'gura', 'irys', 'ceres', 'ouro', 'hakos')",1577,6.903042241190632
"('amelia', 'calliope', 'gura', 'irys', 'ceres', 'mumei', 'hakos')",1491,6.526592252133947
"('amelia', 'calliope', 'gura', 'irys', 'ouro', 'mumei', 'hakos')",1525,6.675421317574962
"('amelia', 'calliope', 'gura', 'sana', 'ceres', 'ouro', 'hakos')",1075,4.7056248632085795
"('amelia', 'calliope', 'gura', 'sana', 'ceres', 'mumei', 'hakos')",1048,4.587437075946597
"('amelia', 'calliope', 'gura', 'sana', 'ouro', 'mumei', 'hakos')",1041,4.556795797767564
"('amelia', 'calliope', 'gura', 'ceres', 'ouro', 'mumei', 'hakos')",1752,7.669074195666448
"('amelia', 'calliope', 'inanis', 'kiara', 'irys', 'sana', 'hakos')",927,4.057780695994747
"('amelia', 'calliope', 'inanis', 'kiara', 'irys', 'ceres', 'hakos')",1429,6.255198073976801
"('amelia', 'calliope', 'inanis', 'kiara', 'irys', 'ouro', 'hakos')",1413,6.18516086671044
"('amelia', 'calliope', 'inanis', 'kiara', 'irys', 'mumei', 'hakos')",1339,5.8612387831035235
"('amelia', 'calliope', 'inanis', 'kiara', 'sana', 'ceres', 'hakos')",1022,4.4736266141387615
"('amelia', 'calliope', 'inanis', 'kiara', 'sana', 'ouro', 'hakos')",1004,4.394834755964106
"('amelia', 'calliope', 'inanis', 'kiara', 'sana', 'mumei', 'hakos')",969,4.2416283650689435
"('amelia', 'calliope', 'inanis', 'kiara', 'ceres', 'ouro', 'hakos')",1617,7.078135259356532
"('amelia', 'calliope', 'inanis', 'kiara', 'ceres', 'mumei', 'hakos')",1569,6.868023637557452
"('amelia', 'calliope', 'inanis', 'kiara', 'ouro', 'mumei', 'hakos')",1544,6.758590501203765
"('amelia', 'calliope', 'inanis', 'irys', 'sana', 'ceres', 'hakos')",938,4.105931275990369
"('amelia', 'calliope', 'inanis', 'irys', 'sana', 'ouro', 'hakos')",932,4.079667323265484
"('amelia', 'calliope', 'inanis', 'irys', 'sana', 'mumei', 'hakos')",892,3.904574305099584
"('amelia', 'calliope', 'inanis', 'irys', 'ceres', 'ouro', 'hakos')",1518,6.64478003939593
"('amelia', 'calliope', 'inanis', 'irys', 'ceres', 'mumei', 'hakos')",1454,6.364631210330487
"('amelia', 'calliope', 'inanis', 'irys', 'ouro', 'mumei', 'hakos')",1441,6.3077259794265705
"('amelia', 'calliope', 'inanis', 'sana', 'ceres', 'ouro', 'hakos')",1030,4.508645217771941
"('amelia', 'calliope', 'inanis', 'sana', 'ceres', 'mumei', 'hakos')",1012,4.429853359597287
"('amelia', 'calliope', 'inanis', 'sana', 'ouro', 'mumei', 'hakos')",983,4.302910921427008
"('amelia', 'calliope', 'inanis', 'ceres', 'ouro', 'mumei', 'hakos')",1676,7.336397461151237
"('amelia', 'calliope', 'kiara', 'irys', 'sana', 'ceres', 'hakos')",912,3.992120814182534
"('amelia', 'calliope', 'kiara', 'irys', 'sana', 'ouro', 'hakos')",921,4.0315167432698615
"('amelia', 'calliope', 'kiara', 'irys', 'sana', 'mumei', 'hakos')",873,3.8214051214707814
"('amelia', 'calliope', 'kiara', 'irys', 'ceres', 'ouro', 'hakos')",1415,6.193915517618735
"('amelia', 'calliope', 'kiara', 'irys', 'ceres', 'mumei', 'hakos')",1345,5.887502735828408
"('amelia', 'calliope', 'kiara', 'irys', 'ouro', 'mumei', 'hakos')",1359,5.948785292186474
"('amelia', 'calliope', 'kiara', 'sana', 'ceres', 'ouro', 'hakos')",998,4.368570803239221
"('amelia', 'calliope', 'kiara', 'sana', 'ceres', 'mumei', 'hakos')",976,4.272269643247975
"('amelia', 'calliope', 'kiara', 'sana', 'ouro', 'mumei', 'hakos')",961,4.206609761435763
"('amelia', 'calliope', 'kiara', 'ceres', 'ouro', 'mumei', 'hakos')",1528,6.688553293937405
"('amelia', 'calliope', 'irys', 'sana', 'ceres', 'ouro', 'hakos')",950,4.15845918144014
"('amelia', 'calliope', 'irys', 'sana', 'ceres', 'mumei', 'hakos')",906,3.9658568614576493
"('amelia', 'calliope', 'irys', 'sana', 'ouro', 'mumei', 'hakos')",907,3.9702341869117967
"('amelia', 'calliope', 'irys', 'ceres', 'ouro', 'mumei', 'hakos')",1445,6.3252352812431605
"('amelia', 'calliope', 'sana', 'ceres', 'ouro', 'mumei', 'hakos')",1009,4.416721383234844
"('amelia', 'gura', 'inanis', 'kiara', 'irys', 'sana', 'hakos')",994,4.351061501422631
"('amelia', 'gura', 'inanis', 'kiara', 'irys', 'ceres', 'hakos')",1606,7.02998467936091
"('amelia', 'gura', 'inanis', 'kiara', 'irys', 'ouro', 'hakos')",1568,6.863646312103305
"('amelia', 'gura', 'inanis', 'kiara', 'irys', 'mumei', 'hakos')",1517,6.640402713941781
"('amelia', 'gura', 'inanis', 'kiara', 'sana', 'ceres', 'hakos')",1131,4.9507550886408405
"('amelia', 'gura', 'inanis', 'kiara', 'sana', 'ouro', 'hakos')",1090,4.771284745020792
"('amelia', 'gura', 'inanis', 'kiara', 'sana', 'mumei', 'hakos')",1077,4.7143795141168745
"('amelia', 'gura', 'inanis', 'kiara', 'ceres', 'ouro', 'hakos')",1829,8.006128255635806
"('amelia', 'gura', 'inanis', 'kiara', 'ceres', 'mumei', 'hakos')",1801,7.883563142919677
"('amelia', 'gura', 'inanis', 'kiara', 'ouro', 'mumei', 'hakos')",1750,7.660319544758153
"('amelia', 'gura', 'inanis', 'irys', 'sana', 'ceres', 'hakos')",1045,4.574305099584154
"('amelia', 'gura', 'inanis', 'irys', 'sana', 'ouro', 'hakos')",1024,4.4823812650470565
"('amelia', 'gura', 'inanis', 'irys', 'sana', 'mumei', 'hakos')",999,4.372948128693369
"('amelia', 'gura', 'inanis', 'irys', 'ceres', 'ouro', 'hakos')",1768,7.739111402932808
"('amelia', 'gura', 'inanis', 'irys', 'ceres', 'mumei', 'hakos')",1721,7.533377106587875
"('amelia', 'gura', 'inanis', 'irys', 'ouro', 'mumei', 'hakos')",1673,7.323265484788793
"('amelia', 'gura', 'inanis', 'sana', 'ceres', 'ouro', 'hakos')",1181,5.1696213613482165
"('amelia', 'gura', 'inanis', 'sana', 'ceres', 'mumei', 'hakos')",1175,5.143357408623332
"('amelia', 'gura', 'inanis', 'sana', 'ouro', 'mumei', 'hakos')",1133,4.959509739549135
"('amelia', 'gura', 'inanis', 'ceres', 'ouro', 'mumei', 'hakos')",2012,8.807178813744802
"('amelia', 'gura', 'kiara', 'irys', 'sana', 'ceres', 'hakos')",991,4.337929525060188
"('amelia', 'gura', 'kiara', 'irys', 'sana', 'ouro', 'hakos')",991,4.337929525060188
"('amelia', 'gura', 'kiara', 'irys', 'sana', 'mumei', 'hakos')",955,4.180345808710877
"('amelia', 'gura', 'kiara', 'irys', 'ceres', 'ouro', 'hakos')",1596,6.986211424819436
"('amelia', 'gura', 'kiara', 'irys', 'ceres', 'mumei', 'hakos')",1524,6.671043992120815
"('amelia', 'gura', 'kiara', 'irys', 'ouro', 'mumei', 'hakos')",1521,6.657912015758372
"('amelia', 'gura', 'kiara', 'sana', 'ceres', 'ouro', 'hakos')",1098,4.806303348653972
"('amelia', 'gura', 'kiara', 'sana', 'ceres', 'mumei', 'hakos')",1081,4.731888815933464
"('amelia', 'gura', 'kiara', 'sana', 'ouro', 'mumei', 'hakos')",1062,4.648719632304662
"('amelia', 'gura', 'kiara', 'ceres', 'ouro', 'mumei', 'hakos')",1752,7.669074195666448
"('amelia', 'gura', 'irys', 'sana', 'ceres', 'ouro', 'hakos')",1068,4.674983585029547
"('amelia', 'gura', 'irys', 'sana', 'ceres', 'mumei', 'hakos')",1020,4.4648719632304665
"('amelia', 'gura', 'irys', 'sana', 'ouro', 'mumei', 'hakos')",1015,4.442985335959729
"('amelia', 'gura', 'irys', 'ceres', 'ouro', 'mumei', 'hakos')",1712,7.493981177500547
"('amelia', 'gura', 'sana', 'ceres', 'ouro', 'mumei', 'hakos')",1163,5.090829503173561
"('amelia', 'inanis', 'kiara', 'irys', 'sana', 'ceres', 'hakos')",974,4.2635149923396805
"('amelia', 'inanis', 'kiara', 'irys', 'sana', 'ouro', 'hakos')",950,4.15845918144014
"('amelia', 'inanis', 'kiara', 'irys', 'sana', 'mumei', 'hakos')",929,4.066535346903042
"('amelia', 'inanis', 'kiara', 'irys', 'ceres', 'ouro', 'hakos')",1515,6.631648063033486
"('amelia', 'inanis', 'kiara', 'irys', 'ceres', 'mumei', 'hakos')",1478,6.469687021230028
"('amelia', 'inanis', 'kiara', 'irys', 'ouro', 'mumei', 'hakos')",1424,6.233311446706063
"('amelia', 'inanis', 'kiara', 'sana', 'ceres', 'ouro', 'hakos')",1060,4.639964981396367
"('amelia', 'inanis', 'kiara', 'sana', 'ceres', 'mumei', 'hakos')",1059,4.635587655942219
"('amelia', 'inanis', 'kiara', 'sana', 'ouro', 'mumei', 'hakos')",1010,4.421098708688991
"('amelia', 'inanis', 'kiara', 'ceres', 'ouro', 'mumei', 'hakos')",1672,7.318888159334646
"('amelia', 'inanis', 'irys', 'sana', 'ceres', 'ouro', 'hakos')",1021,4.469249288684614
"('amelia', 'inanis', 'irys', 'sana', 'ceres', 'mumei', 'hakos')",993,4.346684175968483
"('amelia', 'inanis', 'irys', 'sana', 'ouro', 'mumei', 'hakos')",971,4.250383015977238
"('amelia', 'inanis', 'irys', 'ceres', 'ouro', 'mumei', 'hakos')",1636,7.161304442985336
"('amelia', 'inanis', 'sana', 'ceres', 'ouro', 'mumei', 'hakos')",1106,4.841321952287152
"('amelia', 'kiara', 'irys', 'sana', 'ceres', 'ouro', 'hakos')",966,4.228496388706501
"('amelia', 'kiara', 'irys', 'sana', 'ceres', 'mumei', 'hakos')",936,4.097176625082074
"('amelia', 'kiara', 'irys', 'sana', 'ouro', 'mumei', 'hakos')",925,4.049026045086452
"('amelia', 'kiara', 'irys', 'ceres', 'ouro', 'mumei', 'hakos')",1463,6.404027139417816
"('amelia', 'kiara', 'sana', 'ceres', 'ouro', 'mumei', 'hakos')",1028,4.499890566863646
"('amelia', 'irys', 'sana', 'ceres', 'ouro', 'mumei', 'hakos')",1004,4.394834755964106
"('calliope', 'gura', 'inanis', 'kiara', 'irys', 'sana', 'hakos')",920,4.0271394178157145
"('calliope', 'gura', 'inanis', 'kiara', 'irys', 'ceres', 'hakos')",1435,6.281462026701686
"('calliope', 'gura', 'inanis', 'kiara', 'irys', 'ouro', 'hakos')",1421,6.22017947034362
"('calliope', 'gura', 'inanis', 'kiara', 'irys', 'mumei', 'hakos')",1349,5.905012037644998
"('calliope', 'gura', 'inanis', 'kiara', 'sana', 'ceres', 'hakos')",1029,4.504267892317794
"('calliope', 'gura', 'inanis', 'kiara', 'sana', 'ouro', 'hakos')",1015,4.442985335959729
"('calliope', 'gura', 'inanis', 'kiara', 'sana', 'mumei', 'hakos')",976,4.272269643247975
"('calliope', 'gura', 'inanis', 'kiara', 'ceres', 'ouro', 'hakos')",1643,7.191945721164368
"('calliope', 'gura', 'inanis', 'kiara', 'ceres', 'mumei', 'hakos')",1601,7.008098052090173
"('calliope', 'gura', 'inanis', 'kiara', 'ouro', 'mumei', 'hakos')",1578,6.907419566644781
"('calliope', 'gura', 'inanis', 'irys', 'sana', 'ceres', 'hakos')",947,4.145327205077697
"('calliope', 'gura', 'inanis', 'irys', 'sana', 'ouro', 'hakos')",946,4.14094987962355
"('calliope', 'gura', 'inanis', 'irys', 'sana', 'mumei', 'hakos')",908,3.9746115123659442
"('calliope', 'gura', 'inanis', 'irys', 'ceres', 'ouro', 'hakos')",1555,6.806741081199387
"('calliope', 'gura', 'inanis', 'irys', 'ceres', 'mumei', 'hakos')",1483,6.491573648500766
"('calliope', 'gura', 'inanis', 'irys', 'ouro', 'mumei', 'hakos')",1479,6.474064346684176
"('calliope', 'gura', 'inanis', 'sana', 'ceres', 'ouro', 'hakos')",1061,4.644342306850515
"('calliope', 'gura', 'inanis', 'sana', 'ceres', 'mumei', 'hakos')",1044,4.569927774130007
"('calliope', 'gura', 'inanis', 'sana', 'ouro', 'mumei', 'hakos')",1026,4.491135915955351
"('calliope', 'gura', 'inanis', 'ceres', 'ouro', 'mumei', 'hakos')",1742,7.625300941124973
"('calliope', 'gura', 'kiara', 'irys', 'sana', 'ceres', 'hakos')",915,4.005252790544977
"('calliope', 'gura', 'kiara', 'irys', 'sana', 'ouro', 'hakos')",920,4.0271394178157145
"('calliope', 'gura', 'kiara', 'irys', 'sana', 'mumei', 'hakos')",875,3.8301597723790763
"('calliope', 'gura', 'kiara', 'irys', 'ceres', 'ouro', 'hakos')",1423,6.228934121251915
"('calliope', 'gura', 'kiara', 'irys', 'ceres', 'mumei', 'hakos')",1356,5.935653315824031
"('calliope', 'gura', 'kiara', 'irys', 'ouro', 'mumei', 'hakos')",1367,5.983803895819654
"('calliope', 'gura', 'kiara', 'sana', 'ceres', 'ouro', 'hakos')",1008,4.412344057780696
"('calliope', 'gura', 'kiara', 'sana', 'ceres', 'mumei', 'hakos')",985,4.311665572335303
"('calliope', 'gura', 'kiara', 'sana', 'ouro', 'mumei', 'hakos')",972,4.2547603414313855
"('calliope', 'gura', 'kiara', 'ceres', 'ouro', 'mumei', 'hakos')",1565,6.850514335740862
"('calliope', 'gura', 'irys', 'sana', 'ceres', 'ouro', 'hakos')",964,4.219741737798206
"('calliope', 'gura', 'irys', 'sana', 'ceres', 'mumei', 'hakos')",926,4.053403370540599
"('calliope', 'gura', 'irys', 'sana', 'ouro', 'mumei', 'hakos')",930,4.070912672357189
"('calliope', 'gura', 'irys', 'ceres', 'ouro', 'mumei', 'hakos')",1478,6.469687021230028
"('calliope', 'gura', 'sana', 'ceres', 'ouro', 'mumei', 'hakos')",1048,4.587437075946597
"('calliope', 'inanis', 'kiara', 'irys', 'sana', 'ceres', 'hakos')",909,3.9789888378200917
"('calliope', 'inanis', 'kiara', 'irys', 'sana', 'ouro', 'hakos')",897,3.9264609323703215
"('calliope', 'inanis', 'kiara', 'irys', 'sana', 'mumei', 'hakos')",860,3.7644998905668636
"('calliope', 'inanis', 'kiara', 'irys', 'ceres', 'ouro', 'hakos')",1387,6.071350404902605
"('calliope', 'inanis', 'kiara', 'irys', 'ceres', 'mumei', 'hakos')",1339,5.8612387831035235
"('calliope', 'inanis', 'kiara', 'irys', 'ouro', 'mumei', 'hakos')",1303,5.703655066754213
"('calliope', 'inanis', 'kiara', 'sana', 'ceres', 'ouro', 'hakos')",989,4.329174874151893
"('calliope', 'inanis', 'kiara', 'sana', 'ceres', 'mumei', 'hakos')",974,4.2635149923396805
"('calliope', 'inanis', 'kiara', 'sana', 'ouro', 'mumei', 'hakos')",938,4.105931275990369
"('calliope', 'inanis', 'kiara', 'ceres', 'ouro', 'mumei', 'hakos')",1517,6.640402713941781
"('calliope', 'inanis', 'irys', 'sana', 'ceres', 'ouro', 'hakos')",937,4.101553950536222
"('calliope', 'inanis', 'irys', 'sana', 'ceres', 'mumei', 'hakos')",904,3.9571022105493543
"('calliope', 'inanis', 'irys', 'sana', 'ouro', 'mumei', 'hakos')",890,3.895819654191289
"('calliope', 'inanis', 'irys', 'ceres', 'ouro', 'mumei', 'hakos')",1426,6.242066097614358
"('calliope', 'inanis', 'sana', 'ceres', 'ouro', 'mumei', 'hakos')",999,4.372948128693369
"('calliope', 'kiara', 'irys', 'sana', 'ceres', 'ouro', 'hakos')",905,3.9614795360035018
"('calliope', 'kiara', 'irys', 'sana', 'ceres', 'mumei', 'hakos')",871,3.8126504705624864
"('calliope', 'kiara', 'irys', 'sana', 'ouro', 'mumei', 'hakos')",862,3.7732545414751586
"('calliope', 'kiara', 'irys', 'ceres', 'ouro', 'mumei', 'hakos')",1316,5.760560297658131
"('calliope', 'kiara', 'sana', 'ceres', 'ouro', 'mumei', 'hakos')",953,4.171591157802582
"('calliope', 'irys', 'sana', 'ceres', 'ouro', 'mumei', 'hakos')",921,4.0315167432698615
"('gura', 'inanis', 'kiara', 'irys', 'sana', 'ceres', 'hakos')",983,4.302910921427008
"('gura', 'inanis', 'kiara', 'irys', 'sana', 'ouro', 'hakos')",963,4.215364412344059
"('gura', 'inanis', 'kiara', 'irys', 'sana', 'mumei', 'hakos')",933,4.084044648719632
"('gura', 'inanis', 'kiara', 'irys', 'ceres', 'ouro', 'hakos')",1556,6.811118406653535
"('gura', 'inanis', 'kiara', 'irys', 'ceres', 'mumei', 'hakos')",1510,6.609761435762749
"('gura', 'inanis', 'kiara', 'irys', 'ouro', 'mumei', 'hakos')",1456,6.373385861238782
"('gura', 'inanis', 'kiara', 'sana', 'ceres', 'ouro', 'hakos')",1086,4.753775443204202
"('gura', 'inanis', 'kiara', 'sana', 'ceres', 'mumei', 'hakos')",1079,4.7231341650251695
"('gura', 'inanis', 'kiara', 'sana', 'ouro', 'mumei', 'hakos')",1036,4.534909170496826
"('gura', 'inanis', 'kiara', 'ceres', 'ouro', 'mumei', 'hakos')",1728,7.564018384766907
"('gura', 'inanis', 'irys', 'sana', 'ceres', 'ouro', 'hakos')",1041,4.556795797767564
"('gura', 'inanis', 'irys', 'sana', 'ceres', 'mumei', 'hakos')",1012,4.429853359597287
"('gura', 'inanis', 'irys', 'sana', 'ouro', 'mumei', 'hakos')",991,4.337929525060188
"('gura', 'inanis', 'irys', 'ceres', 'ouro', 'mumei', 'hakos')",1684,7.371416064784417
"('gura', 'inanis', 'sana', 'ceres', 'ouro', 'mumei', 'hakos')",1154,5.051433574086233
"('gura', 'kiara', 'irys', 'sana', 'ceres', 'ouro', 'hakos')",986,4.316042897789451
"('gura', 'kiara', 'irys', 'sana', 'ceres', 'mumei', 'hakos')",953,4.171591157802582
"('gura', 'kiara', 'irys', 'sana', 'ouro', 'mumei', 'hakos')",943,4.127817903261107
"('gura', 'kiara', 'irys', 'ceres', 'ouro', 'mumei', 'hakos')",1505,6.587874808492011
"('gura', 'kiara', 'sana', 'ceres', 'ouro', 'mumei', 'hakos')",1055,4.618078354125629
"('gura', 'irys', 'sana', 'ceres', 'ouro', 'mumei', 'hakos')",1033,4.521777194134384
"('inanis', 'kiara', 'irys', 'sana', 'ceres', 'ouro', 'hakos')",960,4.202232435981615
"('inanis', 'kiara', 'irys', 'sana', 'ceres', 'mumei', 'hakos')",937,4.101553950536222
"('inanis', 'kiara', 'irys', 'sana', 'ouro', 'mumei', 'hakos')",905,3.9614795360035018
"('inanis', 'kiara', 'irys', 'ceres', 'ouro', 'mumei', 'hakos')",1444,6.3208579557890125
"('inanis', 'kiara', 'sana', 'ceres', 'ouro', 'mumei', 'hakos')",1024,4.4823812650470565
"('inanis', 'irys', 'sana', 'ceres', 'ouro', 'mumei', 'hakos')",991,4.337929525060188
"('kiara', 'irys', 'sana', 'ceres', 'ouro', 'mumei', 'hakos')",934,4.088421974173779
"('amelia', 'calliope', 'gura', 'inanis', 'kiara', 'irys', 'sana', 'hakos')",847,3.707594659662946
"('amelia', 'calliope', 'gura', 'inanis', 'kiara', 'irys', 'ceres', 'hakos')",1315,5.756182972203983
"('amelia', 'calliope', 'gura', 'inanis', 'kiara', 'irys', 'ouro', 'hakos')",1297,5.677391114029328
"('amelia', 'calliope', 'gura', 'inanis', 'kiara', 'irys', 'mumei', 'hakos')",1244,5.44539286495951
"('amelia', 'calliope', 'gura', 'inanis', 'kiara', 'sana', 'ceres', 'hakos')",944,4.132195228715255
"('amelia', 'calliope', 'gura', 'inanis', 'kiara', 'sana', 'ouro', 'hakos')",925,4.049026045086452
"('amelia', 'calliope', 'gura', 'inanis', 'kiara', 'sana', 'mumei', 'hakos')",900,3.939592908732764
"('amelia', 'calliope', 'gura', 'inanis', 'kiara', 'ceres', 'ouro', 'hakos')",1490,6.522214926679798
"('amelia', 'calliope', 'gura', 'inanis', 'kiara', 'ceres', 'mumei', 'hakos')",1455,6.369008535784635
"('amelia', 'calliope', 'gura', 'inanis', 'kiara', 'ouro', 'mumei', 'hakos')",1435,6.281462026701686
"('amelia', 'calliope', 'gura', 'inanis', 'irys', 'sana', 'ceres', 'hakos')",866,3.7907638432917485
"('amelia', 'calliope', 'gura', 'inanis', 'irys', 'sana', 'ouro', 'hakos')",860,3.7644998905668636
"('amelia', 'calliope', 'gura', 'inanis', 'irys', 'sana', 'mumei', 'hakos')",835,3.6550667542131756
"('amelia', 'calliope', 'gura', 'inanis', 'irys', 'ceres', 'ouro', 'hakos')",1402,6.137010286714817
"('amelia', 'calliope', 'gura', 'inanis', 'irys', 'ceres', 'mumei', 'hakos')",1355,5.931275990369884
"('amelia', 'calliope', 'gura', 'inanis', 'irys', 'ouro', 'mumei', 'hakos')",1343,5.8787480849201135
"('amelia', 'calliope', 'gura', 'inanis', 'sana', 'ceres', 'ouro', 'hakos')",957,4.189100459619173
"('amelia', 'calliope', 'gura', 'inanis', 'sana', 'ceres', 'mumei', 'hakos')",950,4.15845918144014
"('amelia', 'calliope', 'gura', 'inanis', 'sana', 'ouro', 'mumei', 'hakos')",929,4.066535346903042
"('amelia', 'calliope', 'gura', 'inanis', 'ceres', 'ouro', 'mumei', 'hakos')",1563,6.841759684832567
"('amelia', 'calliope', 'gura', 'kiara', 'irys', 'sana', 'ceres', 'hakos')",844,3.6944626833005034
"('amelia', 'calliope', 'gura', 'kiara', 'irys', 'sana', 'ouro', 'hakos')",847,3.707594659662946
"('amelia', 'calliope', 'gura', 'kiara', 'irys', 'sana', 'mumei', 'hakos')",816,3.571897570584373
"('amelia', 'calliope', 'gura', 'kiara', 'irys', 'ceres', 'ouro', 'hakos')",1304,5.70803239220836
"('amelia', 'calliope', 'gura', 'kiara', 'irys', 'ceres', 'mumei', 'hakos')",1251,5.476034143138542
"('amelia', 'calliope', 'gura', 'kiara', 'irys', 'ouro', 'mumei', 'hakos')",1258,5.506675421317575
"('amelia', 'calliope', 'gura', 'kiara', 'sana', 'ceres', 'ouro', 'hakos')",921,4.0315167432698615
"('amelia', 'calliope', 'gura', 'kiara', 'sana', 'ceres', 'mumei', 'hakos')",907,3.9702341869117967
"('amelia', 'calliope', 'gura', 'kiara', 'sana', 'ouro', 'mumei', 'hakos')",897,3.9264609323703215
"('amelia', 'calliope', 'gura', 'kiara', 'ceres', 'ouro', 'mumei', 'hakos')",1417,6.20267016852703
"('amelia', 'calliope', 'gura', 'irys', 'sana', 'ceres', 'ouro', 'hakos')",878,3.843291748741519
"('amelia', 'calliope', 'gura', 'irys', 'sana', 'ceres', 'mumei', 'hakos')",850,3.7207266360253883
"('amelia', 'calliope', 'gura', 'irys', 'sana', 'ouro', 'mumei', 'hakos')",850,3.7207266360253883
"('amelia', 'calliope', 'gura', 'irys', 'ceres', 'ouro', 'mumei', 'hakos')",1341,5.8699934340118185
"('amelia', 'calliope', 'gura', 'sana', 'ceres', 'ouro', 'mumei', 'hakos')",947,4.145327205077697
"('amelia', 'calliope', 'inanis', 'kiara', 'irys', 'sana', 'ceres', 'hakos')",835,3.6550667542131756
"('amelia', 'calliope', 'inanis', 'kiara', 'irys', 'sana', 'ouro', 'hakos')",824,3.6069161742175533
"('amelia', 'calliope', 'inanis', 'kiara', 'irys', 'sana', 'mumei', 'hakos')",798,3.493105712409718
"('amelia', 'calliope', 'inanis', 'kiara', 'irys', 'ceres', 'ouro', 'hakos')",1262,5.524184723134165
"('amelia', 'calliope', 'inanis', 'kiara', 'irys', 'ceres', 'mumei', 'hakos')",1222,5.349091704968265
"('amelia', 'calliope', 'inanis', 'kiara', 'irys', 'ouro', 'mumei', 'hakos')",1196,5.235281243160429
"('amelia', 'calliope', 'inanis', 'kiara', 'sana', 'ceres', 'ouro', 'hakos')",902,3.9483475596410593
"('amelia', 'calliope', 'inanis', 'kiara', 'sana', 'ceres', 'mumei', 'hakos')",893,3.9089516305537315
"('amelia', 'calliope', 'inanis', 'kiara', 'sana', 'ouro', 'mumei', 'hakos')",862,3.7732545414751586
"('amelia', 'calliope', 'inanis', 'kiara', 'ceres', 'ouro', 'mumei', 'hakos')",1380,6.040709126723572
"('amelia', 'calliope', 'inanis', 'irys', 'sana', 'ceres', 'ouro', 'hakos')",854,3.7382359378419787
"('amelia', 'calliope', 'inanis', 'irys', 'sana', 'ceres', 'mumei', 'hakos')",831,3.6375574523965857
"('amelia', 'calliope', 'inanis', 'irys', 'sana', 'ouro', 'mumei', 'hakos')",817,3.5762748960385204
"('amelia', 'calliope', 'inanis', 'irys', 'ceres', 'ouro', 'mumei', 'hakos')",1301,5.694900415845918
"('amelia', 'calliope', 'inanis', 'sana', 'ceres', 'ouro', 'mumei', 'hakos')",907,3.9702341869117967
"('amelia', 'calliope', 'kiara', 'irys', 'sana', 'ceres', 'ouro', 'hakos')",830,3.633180126942438
"('amelia', 'calliope', 'kiara', 'irys', 'sana', 'ceres', 'mumei', 'hakos')",805,3.5237469905887506
"('amelia', 'calliope', 'kiara', 'irys', 'sana', 'ouro', 'mumei', 'hakos')",800,3.5018603633180128
"('amelia', 'calliope', 'kiara', 'irys', 'ceres', 'ouro', 'mumei', 'hakos')",1211,5.300941124972642
"('amelia', 'calliope', 'kiara', 'sana', 'ceres', 'ouro', 'mumei', 'hakos')",874,3.825782446924929
"('amelia', 'calliope', 'irys', 'sana', 'ceres', 'ouro', 'mumei', 'hakos')",838,3.6681987305756185
"('amelia', 'gura', 'inanis', 'kiara', 'irys', 'sana', 'ceres', 'hakos')",899,3.9352155832786164
"('amelia', 'gura', 'inanis', 'kiara', 'irys', 'sana', 'ouro', 'hakos')",876,3.834537097833224
"('amelia', 'gura', 'inanis', 'kiara', 'irys', 'sana', 'mumei', 'hakos')",864,3.7820091923834536
"('amelia', 'gura', 'inanis', 'kiara', 'irys', 'ceres', 'ouro', 'hakos')",1403,6.141387612168965
"('amelia', 'gura', 'inanis', 'kiara', 'irys', 'ceres', 'mumei', 'hakos')",1375,6.018822499452834
"('amelia', 'gura', 'inanis', 'kiara', 'irys', 'ouro', 'mumei', 'hakos')",1324,5.795578901291311
"('amelia', 'gura', 'inanis', 'kiara', 'sana', 'ceres', 'ouro', 'hakos')",983,4.302910921427008
"('amelia', 'gura', 'inanis', 'kiara', 'sana', 'ceres', 'mumei', 'hakos')",988,4.324797548697746
"('amelia', 'gura', 'inanis', 'kiara', 'sana', 'ouro', 'mumei', 'hakos')",944,4.132195228715255
"('amelia', 'gura', 'inanis', 'kiara', 'ceres', 'ouro', 'mumei', 'hakos')",1555,6.806741081199387
"('amelia', 'gura', 'inanis', 'irys', 'sana', 'ceres', 'ouro', 'hakos')",941,4.119063252352812
"('amelia', 'gura', 'inanis', 'irys', 'sana', 'ceres', 'mumei', 'hakos')",924,4.044648719632304
"('amelia', 'gura', 'inanis', 'irys', 'sana', 'ouro', 'mumei', 'hakos')",902,3.9483475596410593
"('amelia', 'gura', 'inanis', 'irys', 'ceres', 'ouro', 'mumei', 'hakos')",1508,6.601006784854454
"('amelia', 'gura', 'inanis', 'sana', 'ceres', 'ouro', 'mumei', 'hakos')",1035,4.530531845042679
"('amelia', 'gura', 'kiara', 'irys', 'sana', 'ceres', 'ouro', 'hakos')",897,3.9264609323703215
"('amelia', 'gura', 'kiara', 'irys', 'sana', 'ceres', 'mumei', 'hakos')",874,3.825782446924929
"('amelia', 'gura', 'kiara', 'irys', 'sana', 'ouro', 'mumei', 'hakos')",865,3.786386517837601
"('amelia', 'gura', 'kiara', 'irys', 'ceres', 'ouro', 'mumei', 'hakos')",1357,5.940030641278179
"('amelia', 'gura', 'kiara', 'sana', 'ceres', 'ouro', 'mumei', 'hakos')",957,4.189100459619173
"('amelia', 'gura', 'irys', 'sana', 'ceres', 'ouro', 'mumei', 'hakos')",933,4.084044648719632
"('amelia', 'inanis', 'kiara', 'irys', 'sana', 'ceres', 'ouro', 'hakos')",873,3.8214051214707814
"('amelia', 'inanis', 'kiara', 'irys', 'sana', 'ceres', 'mumei', 'hakos')",858,3.7557452396585687
"('amelia', 'inanis', 'kiara', 'irys', 'sana', 'ouro', 'mumei', 'hakos')",832,3.641934777850733
"('amelia', 'inanis', 'kiara', 'irys', 'ceres', 'ouro', 'mumei', 'hakos')",1307,5.721164368570803
"('amelia', 'inanis', 'kiara', 'sana', 'ceres', 'ouro', 'mumei', 'hakos')",929,4.066535346903042
"('amelia', 'inanis', 'irys', 'sana', 'ceres', 'ouro', 'mumei', 'hakos')",902,3.9483475596410593
"('amelia', 'kiara', 'irys', 'sana', 'ceres', 'ouro', 'mumei', 'hakos')",851,3.725103961479536
"('calliope', 'gura', 'inanis', 'kiara', 'irys', 'sana', 'ceres', 'hakos')",834,3.650689428759028
"('calliope', 'gura', 'inanis', 'kiara', 'irys', 'sana', 'ouro', 'hakos')",825,3.6112934996717008
"('calliope', 'gura', 'inanis', 'kiara', 'irys', 'sana', 'mumei', 'hakos')",800,3.5018603633180128
"('calliope', 'gura', 'inanis', 'kiara', 'irys', 'ceres', 'ouro', 'hakos')",1271,5.563580652221493
"('calliope', 'gura', 'inanis', 'kiara', 'irys', 'ceres', 'mumei', 'hakos')",1234,5.4016196104180345
"('calliope', 'gura', 'inanis', 'kiara', 'irys', 'ouro', 'mumei', 'hakos')",1210,5.296563799518495
"('calliope', 'gura', 'inanis', 'kiara', 'sana', 'ceres', 'ouro', 'hakos')",911,3.9877434887283867
"('calliope', 'gura', 'inanis', 'kiara', 'sana', 'ceres', 'mumei', 'hakos')",904,3.9571022105493543
"('calliope', 'gura', 'inanis', 'kiara', 'sana', 'ouro', 'mumei', 'hakos')",877,3.8389144232873713
"('calliope', 'gura', 'inanis', 'kiara', 'ceres', 'ouro', 'mumei', 'hakos')",1409,6.16765156489385
"('calliope', 'gura', 'inanis', 'irys', 'sana', 'ceres', 'ouro', 'hakos')",864,3.7820091923834536
"('calliope', 'gura', 'inanis', 'irys', 'sana', 'ceres', 'mumei', 'hakos')",846,3.7032173342087984
"('calliope', 'gura', 'inanis', 'irys', 'sana', 'ouro', 'mumei', 'hakos')",838,3.6681987305756185
"('calliope', 'gura', 'inanis', 'irys', 'ceres', 'ouro', 'mumei', 'hakos')",1324,5.795578901291311
"('calliope', 'gura', 'inanis', 'sana', 'ceres', 'ouro', 'mumei', 'hakos')",940,4.114685926898664
"('calliope', 'gura', 'kiara', 'irys', 'sana', 'ceres', 'ouro', 'hakos')",833,3.6463121033048806
"('calliope', 'gura', 'kiara', 'irys', 'sana', 'ceres', 'mumei', 'hakos')",811,3.5500109433136355
"('calliope', 'gura', 'kiara', 'irys', 'sana', 'ouro', 'mumei', 'hakos')",807,3.5325016414970456
"('calliope', 'gura', 'kiara', 'irys', 'ceres', 'ouro', 'mumei', 'hakos')",1221,5.344714379514117
"('calliope', 'gura', 'kiara', 'sana', 'ceres', 'ouro', 'mumei', 'hakos')",887,3.8826876778288466
"('calliope', 'gura', 'irys', 'sana', 'ceres', 'ouro', 'mumei', 'hakos')",858,3.7557452396585687
"('calliope', 'inanis', 'kiara', 'irys', 'sana', 'ceres', 'ouro', 'hakos')",820,3.5894068724009633
"('calliope', 'inanis', 'kiara', 'irys', 'sana', 'ceres', 'mumei', 'hakos')",803,3.514992339680455
"('calliope', 'inanis', 'kiara', 'irys', 'sana', 'ouro', 'mumei', 'hakos')",784,3.4318231560516526
"('calliope', 'inanis', 'kiara', 'irys', 'ceres', 'ouro', 'mumei', 'hakos')",1193,5.222149266797986
"('calliope', 'inanis', 'kiara', 'sana', 'ceres', 'ouro', 'mumei', 'hakos')",867,3.795141168745896
"('calliope', 'inanis', 'irys', 'sana', 'ceres', 'ouro', 'mumei', 'hakos')",830,3.633180126942438
"('calliope', 'kiara', 'irys', 'sana', 'ceres', 'ouro', 'mumei', 'hakos')",800,3.5018603633180128
"('gura', 'inanis', 'kiara', 'irys', 'sana', 'ceres', 'ouro', 'hakos')",885,3.8739330269205516
"('gura', 'inanis', 'kiara', 'irys', 'sana', 'ceres', 'mumei', 'hakos')",870,3.808273145108339
"('gura', 'inanis', 'kiara', 'irys', 'sana', 'ouro', 'mumei', 'hakos')",845,3.698840008754651
"('gura', 'inanis', 'kiara', 'irys', 'ceres', 'ouro', 'mumei', 'hakos')",1337,5.852484132195229
"('gura', 'inanis', 'kiara', 'sana', 'ceres', 'ouro', 'mumei', 'hakos')",951,4.162836506894287
"('gura', 'inanis', 'irys', 'sana', 'ceres', 'ouro', 'mumei', 'hakos')",922,4.0358940687240095
"('gura', 'kiara', 'irys', 'sana', 'ceres', 'ouro', 'mumei', 'hakos')",872,3.817027796016634
"('inanis', 'kiara', 'irys', 'sana', 'ceres', 'ouro', 'mumei', 'hakos')",847,3.707594659662946
"('amelia', 'calliope', 'gura', 'inanis', 'kiara', 'irys', 'sana', 'ceres', 'hakos')",776,3.3968045524184727
"('amelia', 'calliope', 'gura', 'inanis', 'kiara', 'irys', 'sana', 'ouro', 'hakos')",765,3.34865397242285
"('amelia', 'calliope', 'gura', 'inanis', 'kiara', 'irys', 'sana', 'mumei', 'hakos')",749,3.2786167651564897
"('amelia', 'calliope', 'gura', 'inanis', 'kiara', 'irys', 'ceres', 'ouro', 'hakos')",1176,5.147734734077479
"('amelia', 'calliope', 'gura', 'inanis', 'kiara', 'irys', 'ceres', 'mumei', 'hakos')",1147,5.0207922959072
"('amelia', 'calliope', 'gura', 'inanis', 'kiara', 'irys', 'ouro', 'mumei', 'hakos')",1123,4.91573648500766
"('amelia', 'calliope', 'gura', 'inanis', 'kiara', 'sana', 'ceres', 'ouro', 'hakos')",841,3.681330706938061
"('amelia', 'calliope', 'gura', 'inanis', 'kiara', 'sana', 'ceres', 'mumei', 'hakos')",839,3.672576056029766
"('amelia', 'calliope', 'gura', 'inanis', 'kiara', 'sana', 'ouro', 'mumei', 'hakos')",814,3.563142919676078
"('amelia', 'calliope', 'gura', 'inanis', 'kiara', 'ceres', 'ouro', 'mumei', 'hakos')",1295,5.668636463121033
"('amelia', 'calliope', 'gura', 'inanis', 'irys', 'sana', 'ceres', 'ouro', 'hakos')",795,3.4799737360472753
"('amelia', 'calliope', 'gura', 'inanis', 'irys', 'sana', 'ceres', 'mumei', 'hakos')",783,3.427445830597505
"('amelia', 'calliope', 'gura', 'inanis', 'irys', 'sana', 'ouro', 'mumei', 'hakos')",773,3.3836725760560302
"('amelia', 'calliope', 'gura', 'inanis', 'irys', 'ceres', 'ouro', 'mumei', 'hakos')",1220,5.34033705405997
"('amelia', 'calliope', 'gura', 'inanis', 'sana', 'ceres', 'ouro', 'mumei', 'hakos')",860,3.7644998905668636
"('amelia', 'calliope', 'gura', 'kiara', 'irys', 'sana', 'ceres', 'ouro', 'hakos')",774,3.3880499015101777
"('amelia', 'calliope', 'gura', 'kiara', 'irys', 'sana', 'ceres', 'mumei', 'hakos')",758,3.3180126942438175
"('amelia', 'calliope', 'gura', 'kiara', 'irys', 'sana', 'ouro', 'mumei', 'hakos')",754,3.300503392427227
"('amelia', 'calliope', 'gura', 'kiara', 'irys', 'ceres', 'ouro', 'mumei', 'hakos')",1135,4.96826439045743
"('amelia', 'calliope', 'gura', 'kiara', 'sana', 'ceres', 'ouro', 'mumei', 'hakos')",822,3.5981615233092583
"('amelia', 'calliope', 'gura', 'irys', 'sana', 'ceres', 'ouro', 'mumei', 'hakos')",790,3.458087108776538
"('amelia', 'calliope', 'inanis', 'kiara', 'irys', 'sana', 'ceres', 'ouro', 'hakos')",761,3.33114467060626
"('amelia', 'calliope', 'inanis', 'kiara', 'irys', 'sana', 'ceres', 'mumei', 'hakos')",747,3.269862114248194
"('amelia', 'calliope', 'inanis', 'kiara', 'irys', 'sana', 'ouro', 'mumei', 'hakos')",731,3.1998249069818336
"('amelia', 'calliope', 'inanis', 'kiara', 'irys', 'ceres', 'ouro', 'mumei', 'hakos')",1104,4.832567301378857
"('amelia', 'calliope', 'inanis', 'kiara', 'sana', 'ceres', 'ouro', 'mumei', 'hakos')",802,3.5106150142263077
"('amelia', 'calliope', 'inanis', 'irys', 'sana', 'ceres', 'ouro', 'mumei', 'hakos')",768,3.3617859487852924
"('amelia', 'calliope', 'kiara', 'irys', 'sana', 'ceres', 'ouro', 'mumei', 'hakos')",744,3.2567301378857514
"('amelia', 'gura', 'inanis', 'kiara', 'irys', 'sana', 'ceres', 'ouro', 'hakos')",813,3.5587655942219305
"('amelia', 'gura', 'inanis', 'kiara', 'irys', 'sana', 'ceres', 'mumei', 'hakos')",806,3.528124316042898
"('amelia', 'gura', 'inanis', 'kiara', 'irys', 'sana', 'ouro', 'mumei', 'hakos')",782,3.4230685051433576
"('amelia', 'gura', 'inanis', 'kiara', 'irys', 'ceres', 'ouro', 'mumei', 'hakos')",1224,5.35784635587656
"('amelia', 'gura', 'inanis', 'kiara', 'sana', 'ceres', 'ouro', 'mumei', 'hakos')",874,3.825782446924929
"('amelia', 'gura', 'inanis', 'irys', 'sana', 'ceres', 'ouro', 'mumei', 'hakos')",844,3.6944626833005034
"('amelia', 'gura', 'kiara', 'irys', 'sana', 'ceres', 'ouro', 'mumei', 'hakos')",800,3.5018603633180128
"('amelia', 'inanis', 'kiara', 'irys', 'sana', 'ceres', 'ouro', 'mumei', 'hakos')",781,3.41869117968921
"('calliope', 'gura', 'inanis', 'kiara', 'irys', 'sana', 'ceres', 'ouro', 'hakos')",763,3.339899321514555
"('calliope', 'gura', 'inanis', 'kiara', 'irys', 'sana', 'ceres', 'mumei', 'hakos')",753,3.2961260669730796
"('calliope', 'gura', 'inanis', 'kiara', 'irys', 'sana', 'ouro', 'mumei', 'hakos')",740,3.2392208360691614
"('calliope', 'gura', 'inanis', 'kiara', 'irys', 'ceres', 'ouro', 'mumei', 'hakos')",1117,4.889472532282775
"('calliope', 'gura', 'inanis', 'kiara', 'sana', 'ceres', 'ouro', 'mumei', 'hakos')",816,3.571897570584373
"('calliope', 'gura', 'inanis', 'irys', 'sana', 'ceres', 'ouro', 'mumei', 'hakos')",785,3.4362004815058
"('calliope', 'gura', 'kiara', 'irys', 'sana', 'ceres', 'ouro', 'mumei', 'hakos')",753,3.2961260669730796
"('calliope', 'inanis', 'kiara', 'irys', 'sana', 'ceres', 'ouro', 'mumei', 'hakos')",738,3.2304661851608665
"('gura', 'inanis', 'kiara', 'irys', 'sana', 'ceres', 'ouro', 'mumei', 'hakos')",796,3.484351061501423
"('amelia', 'calliope', 'gura', 'inanis', 'kiara', 'irys', 'sana', 'ceres', 'ouro', 'hakos')",713,3.121033048807179
"('amelia', 'calliope', 'gura', 'inanis', 'kiara', 'irys', 'sana', 'ceres', 'mumei', 'hakos')",706,3.0903917706281465
"('amelia', 'calliope', 'gura', 'inanis', 'kiara', 'irys', 'sana', 'ouro', 'mumei', 'hakos')",693,3.0334865397242283
"('amelia', 'calliope', 'gura', 'inanis', 'kiara', 'irys', 'ceres', 'ouro', 'mumei', 'hakos')",1043,4.565550448675859
"('amelia', 'calliope', 'gura', 'inanis', 'kiara', 'sana', 'ceres', 'ouro', 'mumei', 'hakos')",761,3.33114467060626
"('amelia', 'calliope', 'gura', 'inanis', 'irys', 'sana', 'ceres', 'ouro', 'mumei', 'hakos')",728,3.186692930619391
"('amelia', 'calliope', 'gura', 'kiara', 'irys', 'sana', 'ceres', 'ouro', 'mumei', 'hakos')",704,3.081637119719851
"('amelia', 'calliope', 'inanis', 'kiara', 'irys', 'sana', 'ceres', 'ouro', 'mumei', 'hakos')",690,3.020354563361786
"('amelia', 'gura', 'inanis', 'kiara', 'irys', 'sana', 'ceres', 'ouro', 'mumei', 'hakos')",737,3.226088859706719
"('calliope', 'gura', 'inanis', 'kiara', 'irys', 'sana', 'ceres', 'ouro', 'mumei', 'hakos')",700,3.064127817903261
"('amelia', 'calliope', 'gura', 'inanis', 'kiara', 'irys', 'sana', 'ceres', 'ouro', 'mumei', 'hakos')",656,2.8715254979207705
