intersection,count,ratio
"('inanis',)",29183,100.0
"('amelia', 'inanis')",9271,31.768495356885857
"('calliope', 'inanis')",7733,26.49830380701093
"('gura', 'inanis')",10061,34.475550834389885
"('inanis', 'kiara')",7379,25.285268820888874
"('inanis', 'irys')",5987,20.515368536476718
"('inanis', 'sana')",3328,11.403899530548607
"('inanis', 'ceres')",7671,26.28585135181441
"('inanis', 'ouro')",7611,26.080252201624234
"('inanis', 'mumei')",6699,22.95514511873351
"('inanis', 'hakos')",7933,27.183634307644862
"('amelia', 'calliope', 'inanis')",4684,16.050440324846658
"('amelia', 'gura', 'inanis')",6152,21.08076619949971
"('amelia', 'inanis', 'kiara')",4532,15.52958914436487
"('amelia', 'inanis', 'irys')",3832,13.130932392146114
"('amelia', 'inanis', 'sana')",2326,7.970393722372614
"('amelia', 'inanis', 'ceres')",4817,16.50618510776822
"('amelia', 'inanis', 'ouro')",4774,16.358839050131927
"('amelia', 'inanis', 'mumei')",4367,14.964191481341876
"('amelia', 'inanis', 'hakos')",5052,17.311448446013088
"('calliope', 'gura', 'inanis')",4804,16.461638625227014
"('calliope', 'inanis', 'kiara')",4067,13.936195730390983
"('calliope', 'inanis', 'irys')",3338,11.438166055580304
"('calliope', 'inanis', 'sana')",1998,6.846451701332967
"('calliope', 'inanis', 'ceres')",3990,13.672343487646918
"('calliope', 'inanis', 'ouro')",4008,13.73402323270397
"('calliope', 'inanis', 'mumei')",3506,12.013843676112804
"('calliope', 'inanis', 'hakos')",4323,14.813418771202414
"('gura', 'inanis', 'kiara')",4575,15.676935202001166
"('gura', 'inanis', 'irys')",4010,13.740876537710312
"('gura', 'inanis', 'sana')",2335,8.00123359490114
"('gura', 'inanis', 'ceres')",5082,17.41424802110818
"('gura', 'inanis', 'ouro')",5166,17.70208683137443
"('gura', 'inanis', 'mumei')",4780,16.379398965150944
"('gura', 'inanis', 'hakos')",5427,18.59644313470171
"('inanis', 'kiara', 'irys')",3220,11.033821060206286
"('inanis', 'kiara', 'sana')",2130,7.298769831751361
"('inanis', 'kiara', 'ceres')",4055,13.895075900352946
"('inanis', 'kiara', 'ouro')",3794,13.000719597025665
"('inanis', 'kiara', 'mumei')",3537,12.120069903711064
"('inanis', 'kiara', 'hakos')",4220,14.460473563375938
"('inanis', 'irys', 'sana')",1793,6.143987938183189
"('inanis', 'irys', 'ceres')",3566,12.219442826302984
"('inanis', 'irys', 'ouro')",3626,12.425041976493164
"('inanis', 'irys', 'mumei')",3124,10.704862419901998
"('inanis', 'irys', 'hakos')",3947,13.524997430010622
"('inanis', 'sana', 'ceres')",2214,7.586608642017613
"('inanis', 'sana', 'ouro')",2121,7.267929959222835
"('inanis', 'sana', 'mumei')",1967,6.740225473734708
"('inanis', 'sana', 'hakos')",2340,8.01836685741699
"('inanis', 'ceres', 'ouro')",4451,15.25203029160813
"('inanis', 'ceres', 'mumei')",4167,14.278860980707947
"('inanis', 'ceres', 'hakos')",4540,15.557002364390227
"('inanis', 'ouro', 'mumei')",4057,13.901929205359284
"('inanis', 'ouro', 'hakos')",4724,16.187506424973446
"('inanis', 'mumei', 'hakos')",4340,14.871671863756298
"('amelia', 'calliope', 'gura', 'inanis')",3617,12.394202103964638
"('amelia', 'calliope', 'inanis', 'kiara')",2994,10.259397594489943
"('amelia', 'calliope', 'inanis', 'irys')",2533,8.679710790528732
"('amelia', 'calliope', 'inanis', 'sana')",1602,5.489497310077785
"('amelia', 'calliope', 'inanis', 'ceres')",3006,10.300517424527978
"('amelia', 'calliope', 'inanis', 'ouro')",3035,10.399890347119898
"('amelia', 'calliope', 'inanis', 'mumei')",2721,9.323921461124627
"('amelia', 'calliope', 'inanis', 'hakos')",3235,11.08522084775383
"('amelia', 'gura', 'inanis', 'kiara')",3526,12.082376726176198
"('amelia', 'gura', 'inanis', 'irys')",3059,10.482130007195972
"('amelia', 'gura', 'inanis', 'sana')",1910,6.544906281054039
"('amelia', 'gura', 'inanis', 'ceres')",3844,13.17205222218415
"('amelia', 'gura', 'inanis', 'ouro')",3835,13.141212349655621
"('amelia', 'gura', 'inanis', 'mumei')",3624,12.418188671486824
"('amelia', 'gura', 'inanis', 'hakos')",4056,13.898502552856115
"('amelia', 'inanis', 'kiara', 'irys')",2485,8.51523147037659
"('amelia', 'inanis', 'kiara', 'sana')",1698,5.818455950382072
"('amelia', 'inanis', 'kiara', 'ceres')",3052,10.458143439673782
"('amelia', 'inanis', 'kiara', 'ouro')",2933,10.050371791796595
"('amelia', 'inanis', 'kiara', 'mumei')",2764,9.471267518760923
"('amelia', 'inanis', 'kiara', 'hakos')",3208,10.99270123016825
"('amelia', 'inanis', 'irys', 'sana')",1469,5.033752527156221
"('amelia', 'inanis', 'irys', 'ceres')",2728,9.347908028646815
"('amelia', 'inanis', 'irys', 'ouro')",2728,9.347908028646815
"('amelia', 'inanis', 'irys', 'mumei')",2479,8.49467155535757
"('amelia', 'inanis', 'irys', 'hakos')",2937,10.064078401809272
"('amelia', 'inanis', 'sana', 'ceres')",1772,6.072028235616626
"('amelia', 'inanis', 'sana', 'ouro')",1695,5.808175992872563
"('amelia', 'inanis', 'sana', 'mumei')",1608,5.510057225096803
"('amelia', 'inanis', 'sana', 'hakos')",1840,6.305040605832163
"('amelia', 'inanis', 'ceres', 'ouro')",3340,11.445019360586643
"('amelia', 'inanis', 'ceres', 'mumei')",3177,10.88647500256999
"('amelia', 'inanis', 'ceres', 'hakos')",3448,11.815097830928964
"('amelia', 'inanis', 'ouro', 'mumei')",3085,10.571222972278381
"('amelia', 'inanis', 'ouro', 'hakos')",3520,12.06181681115718
"('amelia', 'inanis', 'mumei', 'hakos')",3332,11.417606140561286
"('calliope', 'gura', 'inanis', 'kiara')",2982,10.218277764451907
"('calliope', 'gura', 'inanis', 'irys')",2569,8.80307028064284
"('calliope', 'gura', 'inanis', 'sana')",1620,5.551177055134839
"('calliope', 'gura', 'inanis', 'ceres')",3101,10.626049412329095
"('calliope', 'gura', 'inanis', 'ouro')",3170,10.862488435047801
"('calliope', 'gura', 'inanis', 'mumei')",2875,9.851625946612753
"('calliope', 'gura', 'inanis', 'hakos')",3377,11.57180550320392
"('calliope', 'inanis', 'kiara', 'irys')",2228,7.634581777061989
"('calliope', 'inanis', 'kiara', 'sana')",1529,5.2393516773464
"('calliope', 'inanis', 'kiara', 'ceres')",2695,9.234828496042216
"('calliope', 'inanis', 'kiara', 'ouro')",2607,8.933283075763288
"('calliope', 'inanis', 'kiara', 'mumei')",2395,8.20683274509132
"('calliope', 'inanis', 'kiara', 'hakos')",2880,9.868759209128603
"('calliope', 'inanis', 'irys', 'sana')",1297,4.4443682966110405
"('calliope', 'inanis', 'irys', 'ceres')",2345,8.035500119932838
"('calliope', 'inanis', 'irys', 'ouro')",2387,8.179419525065963
"('calliope', 'inanis', 'irys', 'mumei')",2093,7.171983689134084
"('calliope', 'inanis', 'irys', 'hakos')",2612,8.950416338279135
"('calliope', 'inanis', 'sana', 'ceres')",1521,5.211938457321043
"('calliope', 'inanis', 'sana', 'ouro')",1489,5.102285577219614
"('calliope', 'inanis', 'sana', 'mumei')",1385,4.74591371688997
"('calliope', 'inanis', 'sana', 'hakos')",1634,5.5991501901792144
"('calliope', 'inanis', 'ceres', 'ouro')",2817,9.652880101428913
"('calliope', 'inanis', 'ceres', 'mumei')",2620,8.977829558304492
"('calliope', 'inanis', 'ceres', 'hakos')",2954,10.122331494363157
"('calliope', 'inanis', 'ouro', 'mumei')",2574,8.820203543158689
"('calliope', 'inanis', 'ouro', 'hakos')",3041,10.420450262138917
"('calliope', 'inanis', 'mumei', 'hakos')",2773,9.50210739128945
"('gura', 'inanis', 'kiara', 'irys')",2524,8.648870918000204
"('gura', 'inanis', 'kiara', 'sana')",1688,5.784189425350375
"('gura', 'inanis', 'kiara', 'ceres')",3119,10.68772915738615
"('gura', 'inanis', 'kiara', 'ouro')",3005,10.29709077202481
"('gura', 'inanis', 'kiara', 'mumei')",2862,9.807079464071549
"('gura', 'inanis', 'kiara', 'hakos')",3291,11.27711338793133
"('gura', 'inanis', 'irys', 'sana')",1470,5.0371791796593905
"('gura', 'inanis', 'irys', 'ceres')",2836,9.717986498989138
"('gura', 'inanis', 'irys', 'ouro')",2876,9.855052599115924
"('gura', 'inanis', 'irys', 'mumei')",2597,8.899016550731591
"('gura', 'inanis', 'irys', 'hakos')",3077,10.543809752253024
"('gura', 'inanis', 'sana', 'ceres')",1810,6.202241030737072
"('gura', 'inanis', 'sana', 'ouro')",1752,6.003495185553233
"('gura', 'inanis', 'sana', 'mumei')",1676,5.74306959531234
"('gura', 'inanis', 'sana', 'hakos')",1896,6.496933146009663
"('gura', 'inanis', 'ceres', 'ouro')",3572,12.240002741322002
"('gura', 'inanis', 'ceres', 'mumei')",3388,11.609498680738787
"('gura', 'inanis', 'ceres', 'hakos')",3652,12.514134941575575
"('gura', 'inanis', 'ouro', 'mumei')",3333,11.421032793064455
"('gura', 'inanis', 'ouro', 'hakos')",3794,13.000719597025665
"('gura', 'inanis', 'mumei', 'hakos')",3580,12.267415961347359
"('inanis', 'kiara', 'irys', 'sana')",1378,4.721927149367783
"('inanis', 'kiara', 'irys', 'ceres')",2367,8.11088647500257
"('inanis', 'kiara', 'irys', 'ouro')",2311,7.918993934825069
"('inanis', 'kiara', 'irys', 'mumei')",2114,7.243943391700649
"('inanis', 'kiara', 'irys', 'hakos')",2560,8.772230408114314
"('inanis', 'kiara', 'sana', 'ceres')",1634,5.5991501901792144
"('inanis', 'kiara', 'sana', 'ouro')",1532,5.249631634855909
"('inanis', 'kiara', 'sana', 'mumei')",1475,5.054312442175239
"('inanis', 'kiara', 'sana', 'hakos')",1713,5.869855737929616
"('inanis', 'kiara', 'ceres', 'ouro')",2759,9.454134256245075
"('inanis', 'kiara', 'ceres', 'mumei')",2700,9.251961758558066
"('inanis', 'kiara', 'ceres', 'hakos')",2978,10.204571154439227
"('inanis', 'kiara', 'ouro', 'mumei')",2524,8.648870918000204
"('inanis', 'kiara', 'ouro', 'hakos')",2944,10.08806496933146
"('inanis', 'kiara', 'mumei', 'hakos')",2783,9.536373916321146
"('inanis', 'irys', 'sana', 'ceres')",1436,4.920672994551623
"('inanis', 'irys', 'sana', 'ouro')",1415,4.84871329198506
"('inanis', 'irys', 'sana', 'mumei')",1311,4.492341431655416
"('inanis', 'irys', 'sana', 'hakos')",1560,5.345577904944659
"('inanis', 'irys', 'ceres', 'ouro')",2681,9.186855360997841
"('inanis', 'irys', 'ceres', 'mumei')",2453,8.40557859027516
"('inanis', 'irys', 'ceres', 'hakos')",2822,9.670013363944763
"('inanis', 'irys', 'ouro', 'mumei')",2406,8.244525922626186
"('inanis', 'irys', 'ouro', 'hakos')",2861,9.80365281156838
"('inanis', 'irys', 'mumei', 'hakos')",2601,8.91272316074427
"('inanis', 'sana', 'ceres', 'ouro')",1668,5.715656375286982
"('inanis', 'sana', 'ceres', 'mumei')",1618,5.544323750128499
"('inanis', 'sana', 'ceres', 'hakos')",1807,6.1919610732275645
"('inanis', 'sana', 'ouro', 'mumei')",1543,5.287324812390776
"('inanis', 'sana', 'ouro', 'hakos')",1791,6.137134633176849
"('inanis', 'sana', 'mumei', 'hakos')",1688,5.784189425350375
"('inanis', 'ceres', 'ouro', 'mumei')",3050,10.451290134667444
"('inanis', 'ceres', 'ouro', 'hakos')",3351,11.48271253812151
"('inanis', 'ceres', 'mumei', 'hakos')",3215,11.016687797690436
"('inanis', 'ouro', 'mumei', 'hakos')",3199,10.961861357639721
"('amelia', 'calliope', 'gura', 'inanis', 'kiara')",2475,8.480964945344894
"('amelia', 'calliope', 'gura', 'inanis', 'irys')",2133,7.309049789260872
"('amelia', 'calliope', 'gura', 'inanis', 'sana')",1387,4.752767021896309
"('amelia', 'calliope', 'gura', 'inanis', 'ceres')",2563,8.782510365623821
"('amelia', 'calliope', 'gura', 'inanis', 'ouro')",2596,8.89558989822842
"('amelia', 'calliope', 'gura', 'inanis', 'mumei')",2399,8.220539355104
"('amelia', 'calliope', 'gura', 'inanis', 'hakos')",2754,9.437000993729226
"('amelia', 'calliope', 'inanis', 'kiara', 'irys')",1860,6.373573655895555
"('amelia', 'calliope', 'inanis', 'kiara', 'sana')",1302,4.461501559126889
"('amelia', 'calliope', 'inanis', 'kiara', 'ceres')",2194,7.5180755919542195
"('amelia', 'calliope', 'inanis', 'kiara', 'ouro')",2174,7.449542541890827
"('amelia', 'calliope', 'inanis', 'kiara', 'mumei')",2004,6.867011616351985
"('amelia', 'calliope', 'inanis', 'kiara', 'hakos')",2371,8.124593085015249
"('amelia', 'calliope', 'inanis', 'irys', 'sana')",1124,3.851557413562691
"('amelia', 'calliope', 'inanis', 'irys', 'ceres')",1931,6.616865983620601
"('amelia', 'calliope', 'inanis', 'irys', 'ouro')",1964,6.7299455162252
"('amelia', 'calliope', 'inanis', 'irys', 'mumei')",1780,6.099441455641983
"('amelia', 'calliope', 'inanis', 'irys', 'hakos')",2121,7.267929959222835
"('amelia', 'calliope', 'inanis', 'sana', 'ceres')",1294,4.434088339101532
"('amelia', 'calliope', 'inanis', 'sana', 'ouro')",1273,4.362128636534969
"('amelia', 'calliope', 'inanis', 'sana', 'mumei')",1203,4.122262961313093
"('amelia', 'calliope', 'inanis', 'sana', 'hakos')",1376,4.715073844361443
"('amelia', 'calliope', 'inanis', 'ceres', 'ouro')",2312,7.92242058732824
"('amelia', 'calliope', 'inanis', 'ceres', 'mumei')",2172,7.442689236884488
"('amelia', 'calliope', 'inanis', 'ceres', 'hakos')",2424,8.30620566768324
"('amelia', 'calliope', 'inanis', 'ouro', 'mumei')",2148,7.360449576808416
"('amelia', 'calliope', 'inanis', 'ouro', 'hakos')",2476,8.484391597848063
"('amelia', 'calliope', 'inanis', 'mumei', 'hakos')",2309,7.91214062981873
"('amelia', 'gura', 'inanis', 'kiara', 'irys')",2117,7.254223349210156
"('amelia', 'gura', 'inanis', 'kiara', 'sana')",1466,5.023472569646712
"('amelia', 'gura', 'inanis', 'kiara', 'ceres')",2593,8.885309940718912
"('amelia', 'gura', 'inanis', 'kiara', 'ouro')",2511,8.604324435459
"('amelia', 'gura', 'inanis', 'kiara', 'mumei')",2408,8.251379227632526
"('amelia', 'gura', 'inanis', 'kiara', 'hakos')",2723,9.330774766130967
"('amelia', 'gura', 'inanis', 'irys', 'sana')",1278,4.379261899050817
"('amelia', 'gura', 'inanis', 'irys', 'ceres')",2347,8.042353424939177
"('amelia', 'gura', 'inanis', 'irys', 'ouro')",2347,8.042353424939177
"('amelia', 'gura', 'inanis', 'irys', 'mumei')",2190,7.504368981941541
"('amelia', 'gura', 'inanis', 'irys', 'hakos')",2506,8.587191172943152
"('amelia', 'gura', 'inanis', 'sana', 'ceres')",1550,5.311311379912962
"('amelia', 'gura', 'inanis', 'sana', 'ouro')",1487,5.095432272213275
"('amelia', 'gura', 'inanis', 'sana', 'mumei')",1437,4.924099647054792
"('amelia', 'gura', 'inanis', 'sana', 'hakos')",1606,5.503203920090463
"('amelia', 'gura', 'inanis', 'ceres', 'ouro')",2877,9.858479251619093
"('amelia', 'gura', 'inanis', 'ceres', 'mumei')",2780,9.526093958811636
"('amelia', 'gura', 'inanis', 'ceres', 'hakos')",2988,10.238837679470924
"('amelia', 'gura', 'inanis', 'ouro', 'mumei')",2709,9.282801631086592
"('amelia', 'gura', 'inanis', 'ouro', 'hakos')",3032,10.38961038961039
"('amelia', 'gura', 'inanis', 'mumei', 'hakos')",2925,10.022958571771238
"('amelia', 'inanis', 'kiara', 'irys', 'sana')",1192,4.084569783778226
"('amelia', 'inanis', 'kiara', 'irys', 'ceres')",1967,6.740225473734708
"('amelia', 'inanis', 'kiara', 'irys', 'ouro')",1925,6.596306068601583
"('amelia', 'inanis', 'kiara', 'irys', 'mumei')",1806,6.188534420724395
"('amelia', 'inanis', 'kiara', 'irys', 'hakos')",2107,7.2199568241784595
"('amelia', 'inanis', 'kiara', 'sana', 'ceres')",1392,4.769900284412158
"('amelia', 'inanis', 'kiara', 'sana', 'ouro')",1309,4.485488126649076
"('amelia', 'inanis', 'kiara', 'sana', 'mumei')",1282,4.392968509063496
"('amelia', 'inanis', 'kiara', 'sana', 'hakos')",1444,4.94808621457698
"('amelia', 'inanis', 'kiara', 'ceres', 'ouro')",2294,7.860740842271186
"('amelia', 'inanis', 'kiara', 'ceres', 'mumei')",2229,7.638008429565158
"('amelia', 'inanis', 'kiara', 'ceres', 'hakos')",2451,8.39872528526882
"('amelia', 'inanis', 'kiara', 'ouro', 'mumei')",2127,7.288489874241853
"('amelia', 'inanis', 'kiara', 'ouro', 'hakos')",2424,8.30620566768324
"('amelia', 'inanis', 'kiara', 'mumei', 'hakos')",2329,7.980673679882123
"('amelia', 'inanis', 'irys', 'sana', 'ceres')",1233,4.225062536408183
"('amelia', 'inanis', 'irys', 'sana', 'ouro')",1213,4.15652948634479
"('amelia', 'inanis', 'irys', 'sana', 'mumei')",1154,3.9543569886577803
"('amelia', 'inanis', 'irys', 'sana', 'hakos')",1319,4.519754651680773
"('amelia', 'inanis', 'irys', 'ceres', 'ouro')",2192,7.51122228694788
"('amelia', 'inanis', 'irys', 'ceres', 'mumei')",2059,7.0554775040263165
"('amelia', 'inanis', 'irys', 'ceres', 'hakos')",2311,7.918993934825069
"('amelia', 'inanis', 'irys', 'ouro', 'mumei')",2008,6.880718226364664
"('amelia', 'inanis', 'irys', 'ouro', 'hakos')",2308,7.908713977315561
"('amelia', 'inanis', 'irys', 'mumei', 'hakos')",2179,7.466675804406675
"('amelia', 'inanis', 'sana', 'ceres', 'ouro')",1409,4.828153376966042
"('amelia', 'inanis', 'sana', 'ceres', 'mumei')",1381,4.732207106877292
"('amelia', 'inanis', 'sana', 'ceres', 'hakos')",1515,5.191378542302026
"('amelia', 'inanis', 'sana', 'ouro', 'mumei')",1318,4.516327999177603
"('amelia', 'inanis', 'sana', 'ouro', 'hakos')",1483,5.081725662200596
"('amelia', 'inanis', 'sana', 'mumei', 'hakos')",1432,4.9069663845389435
"('amelia', 'inanis', 'ceres', 'ouro', 'mumei')",2486,8.518658122879758
"('amelia', 'inanis', 'ceres', 'ouro', 'hakos')",2715,9.30336154610561
"('amelia', 'inanis', 'ceres', 'mumei', 'hakos')",2645,9.063495870883735
"('amelia', 'inanis', 'ouro', 'mumei', 'hakos')",2609,8.940136380769626
"('calliope', 'gura', 'inanis', 'kiara', 'irys')",1846,6.3256005208511805
"('calliope', 'gura', 'inanis', 'kiara', 'sana')",1290,4.420381729088853
"('calliope', 'gura', 'inanis', 'kiara', 'ceres')",2218,7.600315252030292
"('calliope', 'gura', 'inanis', 'kiara', 'ouro')",2191,7.507795634444711
"('calliope', 'gura', 'inanis', 'kiara', 'mumei')",2058,7.052050851523147
"('calliope', 'gura', 'inanis', 'kiara', 'hakos')",2380,8.155432957543777
"('calliope', 'gura', 'inanis', 'irys', 'sana')",1126,3.8584107185690297
"('calliope', 'gura', 'inanis', 'irys', 'ceres')",1989,6.815611828804441
"('calliope', 'gura', 'inanis', 'irys', 'ouro')",2021,6.92526470890587
"('calliope', 'gura', 'inanis', 'irys', 'mumei')",1835,6.287907343316314
"('calliope', 'gura', 'inanis', 'irys', 'hakos')",2171,7.439262584381318
"('calliope', 'gura', 'inanis', 'sana', 'ceres')",1328,4.550594524209299
"('calliope', 'gura', 'inanis', 'sana', 'ouro')",1310,4.488914779152246
"('calliope', 'gura', 'inanis', 'sana', 'mumei')",1249,4.279888976458897
"('calliope', 'gura', 'inanis', 'sana', 'hakos')",1407,4.821300071959703
"('calliope', 'gura', 'inanis', 'ceres', 'ouro')",2410,8.258232532638864
"('calliope', 'gura', 'inanis', 'ceres', 'mumei')",2277,7.802487749717302
"('calliope', 'gura', 'inanis', 'ceres', 'hakos')",2516,8.621457697974847
"('calliope', 'gura', 'inanis', 'ouro', 'mumei')",2258,7.737381352157077
"('calliope', 'gura', 'inanis', 'ouro', 'hakos')",2605,8.926429770756949
"('calliope', 'gura', 'inanis', 'mumei', 'hakos')",2421,8.29592571017373
"('calliope', 'inanis', 'kiara', 'irys', 'sana')",1087,3.7247712709454137
"('calliope', 'inanis', 'kiara', 'irys', 'ceres')",1770,6.065174930610287
"('calliope', 'inanis', 'kiara', 'irys', 'ouro')",1745,5.979508618031045
"('calliope', 'inanis', 'kiara', 'irys', 'mumei')",1594,5.462084090052428
"('calliope', 'inanis', 'kiara', 'irys', 'hakos')",1909,6.541479628550868
"('calliope', 'inanis', 'kiara', 'sana', 'ceres')",1246,4.269609018949389
"('calliope', 'inanis', 'kiara', 'sana', 'ouro')",1201,4.1154096563067535
"('calliope', 'inanis', 'kiara', 'sana', 'mumei')",1145,3.9235171161292532
"('calliope', 'inanis', 'kiara', 'sana', 'hakos')",1335,4.5745810917314875
"('calliope', 'inanis', 'kiara', 'ceres', 'ouro')",2048,7.0177843264914515
"('calliope', 'inanis', 'kiara', 'ceres', 'mumei')",1961,6.71966555871569
"('calliope', 'inanis', 'kiara', 'ceres', 'hakos')",2204,7.552342116985916
"('calliope', 'inanis', 'kiara', 'ouro', 'mumei')",1884,6.4558133159716276
"('calliope', 'inanis', 'kiara', 'ouro', 'hakos')",2196,7.524928896960558
"('calliope', 'inanis', 'kiara', 'mumei', 'hakos')",2060,7.058904156529485
"('calliope', 'inanis', 'irys', 'sana', 'ceres')",1098,3.762464448480279
"('calliope', 'inanis', 'irys', 'sana', 'ouro')",1094,3.7487578384676006
"('calliope', 'inanis', 'irys', 'sana', 'mumei')",1025,3.512318815748895
"('calliope', 'inanis', 'irys', 'sana', 'hakos')",1195,4.094849741287736
"('calliope', 'inanis', 'irys', 'ceres', 'ouro')",1900,6.510639756022342
"('calliope', 'inanis', 'irys', 'ceres', 'mumei')",1749,5.993215228043724
"('calliope', 'inanis', 'irys', 'ceres', 'hakos')",2030,6.956104581434397
"('calliope', 'inanis', 'irys', 'ouro', 'mumei')",1740,5.9623753555151975
"('calliope', 'inanis', 'irys', 'ouro', 'hakos')",2063,7.069184114038995
"('calliope', 'inanis', 'irys', 'mumei', 'hakos')",1867,6.397560223417743
"('calliope', 'inanis', 'sana', 'ceres', 'ouro')",1247,4.273035671452559
"('calliope', 'inanis', 'sana', 'ceres', 'mumei')",1205,4.129116266319432
"('calliope', 'inanis', 'sana', 'ceres', 'hakos')",1340,4.591714354247336
"('calliope', 'inanis', 'sana', 'ouro', 'mumei')",1167,3.9989034711989855
"('calliope', 'inanis', 'sana', 'ouro', 'hakos')",1342,4.598567659253675
"('calliope', 'inanis', 'sana', 'mumei', 'hakos')",1252,4.290168933968406
"('calliope', 'inanis', 'ceres', 'ouro', 'mumei')",2101,7.199396909159442
"('calliope', 'inanis', 'ceres', 'ouro', 'hakos')",2350,8.052633382448686
"('calliope', 'inanis', 'ceres', 'mumei', 'hakos')",2236,7.661994997087346
"('calliope', 'inanis', 'ouro', 'mumei', 'hakos')",2233,7.651715039577836
"('gura', 'inanis', 'kiara', 'irys', 'sana')",1193,4.087996436281396
"('gura', 'inanis', 'kiara', 'irys', 'ceres')",2013,6.897851488880513
"('gura', 'inanis', 'kiara', 'irys', 'ouro')",1977,6.774491998766405
"('gura', 'inanis', 'kiara', 'irys', 'mumei')",1850,6.33930713086386
"('gura', 'inanis', 'kiara', 'irys', 'hakos')",2150,7.367302881814755
"('gura', 'inanis', 'kiara', 'sana', 'ceres')",1401,4.800740156940685
"('gura', 'inanis', 'kiara', 'sana', 'ouro')",1335,4.5745810917314875
"('gura', 'inanis', 'kiara', 'sana', 'mumei')",1297,4.4443682966110405
"('gura', 'inanis', 'kiara', 'sana', 'hakos')",1460,5.002912654627694
"('gura', 'inanis', 'kiara', 'ceres', 'ouro')",2375,8.138299695027927
"('gura', 'inanis', 'kiara', 'ceres', 'mumei')",2310,7.9155672823219
"('gura', 'inanis', 'kiara', 'ceres', 'hakos')",2519,8.631737655484358
"('gura', 'inanis', 'kiara', 'ouro', 'mumei')",2204,7.552342116985916
"('gura', 'inanis', 'kiara', 'ouro', 'hakos')",2513,8.61117774046534
"('gura', 'inanis', 'kiara', 'mumei', 'hakos')",2403,8.234245965116678
"('gura', 'inanis', 'irys', 'sana', 'ceres')",1252,4.290168933968406
"('gura', 'inanis', 'irys', 'sana', 'ouro')",1235,4.231915841414522
"('gura', 'inanis', 'irys', 'sana', 'mumei')",1165,3.992050166192646
"('gura', 'inanis', 'irys', 'sana', 'hakos')",1329,4.554021176712469
"('gura', 'inanis', 'irys', 'ceres', 'ouro')",2290,7.8470342322585065
"('gura', 'inanis', 'irys', 'ceres', 'mumei')",2139,7.329609704279889
"('gura', 'inanis', 'irys', 'ceres', 'hakos')",2399,8.220539355104
"('gura', 'inanis', 'irys', 'ouro', 'mumei')",2100,7.195970256656273
"('gura', 'inanis', 'irys', 'ouro', 'hakos')",2427,8.31648562519275
"('gura', 'inanis', 'irys', 'mumei', 'hakos')",2264,7.757941267176095
"('gura', 'inanis', 'sana', 'ceres', 'ouro')",1465,5.020045917143542
"('gura', 'inanis', 'sana', 'ceres', 'mumei')",1433,4.910393037042113
"('gura', 'inanis', 'sana', 'ceres', 'hakos')",1567,5.369564472466847
"('gura', 'inanis', 'sana', 'ouro', 'mumei')",1378,4.721927149367783
"('gura', 'inanis', 'sana', 'ouro', 'hakos')",1552,5.318164684919302
"('gura', 'inanis', 'sana', 'mumei', 'hakos')",1489,5.102285577219614
"('gura', 'inanis', 'ceres', 'ouro', 'mumei')",2651,9.084055785902752
"('gura', 'inanis', 'ceres', 'ouro', 'hakos')",2895,9.920158996676147
"('gura', 'inanis', 'ceres', 'mumei', 'hakos')",2794,9.574067093856012
"('gura', 'inanis', 'ouro', 'mumei', 'hakos')",2792,9.567213788849672
"('inanis', 'kiara', 'irys', 'sana', 'ceres')",1162,3.981770208683137
"('inanis', 'kiara', 'irys', 'sana', 'ouro')",1131,3.8755439810848777
"('inanis', 'kiara', 'irys', 'sana', 'mumei')",1077,3.690504745913717
"('inanis', 'kiara', 'irys', 'sana', 'hakos')",1243,4.259329061439879
"('inanis', 'kiara', 'irys', 'ceres', 'ouro')",1889,6.472946578487476
"('inanis', 'kiara', 'irys', 'ceres', 'mumei')",1800,6.167974505705376
"('inanis', 'kiara', 'irys', 'ceres', 'hakos')",2045,7.007504368981941
"('inanis', 'kiara', 'irys', 'ouro', 'mumei')",1717,5.883562347942295
"('inanis', 'kiara', 'irys', 'ouro', 'hakos')",2005,6.870438268855156
"('inanis', 'kiara', 'irys', 'mumei', 'hakos')",1883,6.452386663468459
"('inanis', 'kiara', 'sana', 'ceres', 'ouro')",1295,4.437514991604701
"('inanis', 'kiara', 'sana', 'ceres', 'mumei')",1280,4.386115204057157
"('inanis', 'kiara', 'sana', 'ceres', 'hakos')",1412,4.8384333344755515
"('inanis', 'kiara', 'sana', 'ouro', 'mumei')",1202,4.118836308809923
"('inanis', 'kiara', 'sana', 'ouro', 'hakos')",1375,4.711647191858273
"('inanis', 'kiara', 'sana', 'mumei', 'hakos')",1325,4.540314566699791
"('inanis', 'kiara', 'ceres', 'ouro', 'mumei')",2089,7.158277079121405
"('inanis', 'kiara', 'ceres', 'ouro', 'hakos')",2324,7.963540417366274
"('inanis', 'kiara', 'ceres', 'mumei', 'hakos')",2277,7.802487749717302
"('inanis', 'kiara', 'ouro', 'mumei', 'hakos')",2199,7.535208854470069
"('inanis', 'irys', 'sana', 'ceres', 'ouro')",1214,4.15995613884796
"('inanis', 'irys', 'sana', 'ceres', 'mumei')",1165,3.992050166192646
"('inanis', 'irys', 'sana', 'ceres', 'hakos')",1315,4.506048041668095
"('inanis', 'irys', 'sana', 'ouro', 'mumei')",1131,3.8755439810848777
"('inanis', 'irys', 'sana', 'ouro', 'hakos')",1298,4.44779494911421
"('inanis', 'irys', 'sana', 'mumei', 'hakos')",1221,4.183942706370147
"('inanis', 'irys', 'ceres', 'ouro', 'mumei')",2030,6.956104581434397
"('inanis', 'irys', 'ceres', 'ouro', 'hakos')",2293,7.857314189768015
"('inanis', 'irys', 'ceres', 'mumei', 'hakos')",2171,7.439262584381318
"('inanis', 'irys', 'ouro', 'mumei', 'hakos')",2124,7.278209916732344
"('inanis', 'sana', 'ceres', 'ouro', 'mumei')",1330,4.557447829215639
"('inanis', 'sana', 'ceres', 'ouro', 'hakos')",1493,5.115992187232292
"('inanis', 'sana', 'ceres', 'mumei', 'hakos')",1461,5.0063393071308635
"('inanis', 'sana', 'ouro', 'mumei', 'hakos')",1411,4.835006681972382
"('inanis', 'ceres', 'ouro', 'mumei', 'hakos')",2580,8.840763458177706
"('amelia', 'calliope', 'gura', 'inanis', 'kiara', 'irys')",1626,5.571736970153856
"('amelia', 'calliope', 'gura', 'inanis', 'kiara', 'sana')",1148,3.9337970736387624
"('amelia', 'calliope', 'gura', 'inanis', 'kiara', 'ceres')",1925,6.596306068601583
"('amelia', 'calliope', 'gura', 'inanis', 'kiara', 'ouro')",1914,6.558612891066717
"('amelia', 'calliope', 'gura', 'inanis', 'kiara', 'mumei')",1805,6.185107768221225
"('amelia', 'calliope', 'gura', 'inanis', 'kiara', 'hakos')",2069,7.089744029058013
"('amelia', 'calliope', 'gura', 'inanis', 'irys', 'sana')",1008,3.454065723195011
"('amelia', 'calliope', 'gura', 'inanis', 'irys', 'ceres')",1722,5.900695610458143
"('amelia', 'calliope', 'gura', 'inanis', 'irys', 'ouro')",1745,5.979508618031045
"('amelia', 'calliope', 'gura', 'inanis', 'irys', 'mumei')",1622,5.558030360141178
"('amelia', 'calliope', 'gura', 'inanis', 'irys', 'hakos')",1860,6.373573655895555
"('amelia', 'calliope', 'gura', 'inanis', 'sana', 'ceres')",1170,4.009183428708495
"('amelia', 'calliope', 'gura', 'inanis', 'sana', 'ouro')",1150,3.9406503786451017
"('amelia', 'calliope', 'gura', 'inanis', 'sana', 'mumei')",1108,3.796730973511976
"('amelia', 'calliope', 'gura', 'inanis', 'sana', 'hakos')",1233,4.225062536408183
"('amelia', 'calliope', 'gura', 'inanis', 'ceres', 'ouro')",2061,7.062330809032656
"('amelia', 'calliope', 'gura', 'inanis', 'ceres', 'mumei')",1969,6.747078778741048
"('amelia', 'calliope', 'gura', 'inanis', 'ceres', 'hakos')",2164,7.4152760168591305
"('amelia', 'calliope', 'gura', 'inanis', 'ouro', 'mumei')",1950,6.681972381180825
"('amelia', 'calliope', 'gura', 'inanis', 'ouro', 'hakos')",2205,7.555768769489086
"('amelia', 'calliope', 'gura', 'inanis', 'mumei', 'hakos')",2090,7.161703731624576
"('amelia', 'calliope', 'inanis', 'kiara', 'irys', 'sana')",977,3.3478394955967516
"('amelia', 'calliope', 'inanis', 'kiara', 'irys', 'ceres')",1529,5.2393516773464
"('amelia', 'calliope', 'inanis', 'kiara', 'irys', 'ouro')",1523,5.218791762327382
"('amelia', 'calliope', 'inanis', 'kiara', 'irys', 'mumei')",1415,4.84871329198506
"('amelia', 'calliope', 'inanis', 'kiara', 'irys', 'hakos')",1658,5.681389850255285
"('amelia', 'calliope', 'inanis', 'kiara', 'sana', 'ceres')",1097,3.7590377959771097
"('amelia', 'calliope', 'inanis', 'kiara', 'sana', 'ouro')",1065,3.6493849158756806
"('amelia', 'calliope', 'inanis', 'kiara', 'sana', 'mumei')",1028,3.5225987732584034
"('amelia', 'calliope', 'inanis', 'kiara', 'sana', 'hakos')",1171,4.0126100812116645
"('amelia', 'calliope', 'inanis', 'kiara', 'ceres', 'ouro')",1778,6.092588150635644
"('amelia', 'calliope', 'inanis', 'kiara', 'ceres', 'mumei')",1695,5.808175992872563
"('amelia', 'calliope', 'inanis', 'kiara', 'ceres', 'hakos')",1902,6.517493061028682
"('amelia', 'calliope', 'inanis', 'kiara', 'ouro', 'mumei')",1657,5.677963197752116
"('amelia', 'calliope', 'inanis', 'kiara', 'ouro', 'hakos')",1907,6.534626323544529
"('amelia', 'calliope', 'inanis', 'kiara', 'mumei', 'hakos')",1795,6.150841243189528
"('amelia', 'calliope', 'inanis', 'irys', 'sana', 'ceres')",975,3.3409861905904124
"('amelia', 'calliope', 'inanis', 'irys', 'sana', 'ouro')",973,3.3341328855840726
"('amelia', 'calliope', 'inanis', 'irys', 'sana', 'mumei')",926,3.1730802179350994
"('amelia', 'calliope', 'inanis', 'irys', 'sana', 'hakos')",1052,3.604838433334476
"('amelia', 'calliope', 'inanis', 'irys', 'ceres', 'ouro')",1634,5.5991501901792144
"('amelia', 'calliope', 'inanis', 'irys', 'ceres', 'mumei')",1535,5.259911592365418
"('amelia', 'calliope', 'inanis', 'irys', 'ceres', 'hakos')",1743,5.972655313024706
"('amelia', 'calliope', 'inanis', 'irys', 'ouro', 'mumei')",1527,5.232498372340061
"('amelia', 'calliope', 'inanis', 'irys', 'ouro', 'hakos')",1759,6.027481753075421
"('amelia', 'calliope', 'inanis', 'irys', 'mumei', 'hakos')",1640,5.619710105198232
"('amelia', 'calliope', 'inanis', 'sana', 'ceres', 'ouro')",1094,3.7487578384676006
"('amelia', 'calliope', 'inanis', 'sana', 'ceres', 'mumei')",1071,3.669944830894699
"('amelia', 'calliope', 'inanis', 'sana', 'ceres', 'hakos')",1171,4.0126100812116645
"('amelia', 'calliope', 'inanis', 'sana', 'ouro', 'mumei')",1036,3.550011993283761
"('amelia', 'calliope', 'inanis', 'sana', 'ouro', 'hakos')",1165,3.992050166192646
"('amelia', 'calliope', 'inanis', 'sana', 'mumei', 'hakos')",1111,3.8070109310214852
"('amelia', 'calliope', 'inanis', 'ceres', 'ouro', 'mumei')",1815,6.219374293252921
"('amelia', 'calliope', 'inanis', 'ceres', 'ouro', 'hakos')",2012,6.894424836377342
"('amelia', 'calliope', 'inanis', 'ceres', 'mumei', 'hakos')",1936,6.633999246136449
"('amelia', 'calliope', 'inanis', 'ouro', 'mumei', 'hakos')",1929,6.610012678614262
"('amelia', 'gura', 'inanis', 'kiara', 'irys', 'sana')",1069,3.6630915258883596
"('amelia', 'gura', 'inanis', 'kiara', 'irys', 'ceres')",1759,6.027481753075421
"('amelia', 'gura', 'inanis', 'kiara', 'irys', 'ouro')",1723,5.904122262961313
"('amelia', 'gura', 'inanis', 'kiara', 'irys', 'mumei')",1642,5.626563410204572
"('amelia', 'gura', 'inanis', 'kiara', 'irys', 'hakos')",1860,6.373573655895555
"('amelia', 'gura', 'inanis', 'kiara', 'sana', 'ceres')",1248,4.276462323955728
"('amelia', 'gura', 'inanis', 'kiara', 'sana', 'ouro')",1181,4.046876606243361
"('amelia', 'gura', 'inanis', 'kiara', 'sana', 'mumei')",1165,3.992050166192646
"('amelia', 'gura', 'inanis', 'kiara', 'sana', 'hakos')",1288,4.4135284240825134
"('amelia', 'gura', 'inanis', 'kiara', 'ceres', 'ouro')",2052,7.03149093650413
"('amelia', 'gura', 'inanis', 'kiara', 'ceres', 'mumei')",2003,6.863584963848816
"('amelia', 'gura', 'inanis', 'kiara', 'ceres', 'hakos')",2179,7.466675804406675
"('amelia', 'gura', 'inanis', 'kiara', 'ouro', 'mumei')",1927,6.603159373607922
"('amelia', 'gura', 'inanis', 'kiara', 'ouro', 'hakos')",2158,7.394716101840112
"('amelia', 'gura', 'inanis', 'kiara', 'mumei', 'hakos')",2089,7.158277079121405
"('amelia', 'gura', 'inanis', 'irys', 'sana', 'ceres')",1110,3.8035842785183154
"('amelia', 'gura', 'inanis', 'irys', 'sana', 'ouro')",1092,3.741904533461262
"('amelia', 'gura', 'inanis', 'irys', 'sana', 'mumei')",1052,3.604838433334476
"('amelia', 'gura', 'inanis', 'irys', 'sana', 'hakos')",1171,4.0126100812116645
"('amelia', 'gura', 'inanis', 'irys', 'ceres', 'ouro')",1953,6.692252338690334
"('amelia', 'gura', 'inanis', 'irys', 'ceres', 'mumei')",1864,6.387280265908234
"('amelia', 'gura', 'inanis', 'irys', 'ceres', 'hakos')",2062,7.065757461535825
"('amelia', 'gura', 'inanis', 'irys', 'ouro', 'mumei')",1817,6.2262275982592605
"('amelia', 'gura', 'inanis', 'irys', 'ouro', 'hakos')",2048,7.0177843264914515
"('amelia', 'gura', 'inanis', 'irys', 'mumei', 'hakos')",1962,6.7230922112188605
"('amelia', 'gura', 'inanis', 'sana', 'ceres', 'ouro')",1276,4.372408594044478
"('amelia', 'gura', 'inanis', 'sana', 'ceres', 'mumei')",1264,4.331288764006442
"('amelia', 'gura', 'inanis', 'sana', 'ceres', 'hakos')",1369,4.691087276839256
"('amelia', 'gura', 'inanis', 'sana', 'ouro', 'mumei')",1209,4.1428228763321115
"('amelia', 'gura', 'inanis', 'sana', 'ouro', 'hakos')",1339,4.588287701744166
"('amelia', 'gura', 'inanis', 'sana', 'mumei', 'hakos')",1304,4.468354864133229
"('amelia', 'gura', 'inanis', 'ceres', 'ouro', 'mumei')",2242,7.682554912106363
"('amelia', 'gura', 'inanis', 'ceres', 'ouro', 'hakos')",2430,8.326765582702258
"('amelia', 'gura', 'inanis', 'ceres', 'mumei', 'hakos')",2386,8.175992872562793
"('amelia', 'gura', 'inanis', 'ouro', 'mumei', 'hakos')",2354,8.066339992461364
"('amelia', 'inanis', 'kiara', 'irys', 'sana', 'ceres')",1030,3.5294520782647427
"('amelia', 'inanis', 'kiara', 'irys', 'sana', 'ouro')",1003,3.4369324606791625
"('amelia', 'inanis', 'kiara', 'irys', 'sana', 'mumei')",976,3.3444128430935818
"('amelia', 'inanis', 'kiara', 'irys', 'sana', 'hakos')",1097,3.7590377959771097
"('amelia', 'inanis', 'kiara', 'irys', 'ceres', 'ouro')",1640,5.619710105198232
"('amelia', 'inanis', 'kiara', 'irys', 'ceres', 'mumei')",1574,5.393551039989035
"('amelia', 'inanis', 'kiara', 'irys', 'ceres', 'hakos')",1764,6.044615015591269
"('amelia', 'inanis', 'kiara', 'irys', 'ouro', 'mumei')",1521,5.211938457321043
"('amelia', 'inanis', 'kiara', 'irys', 'ouro', 'hakos')",1723,5.904122262961313
"('amelia', 'inanis', 'kiara', 'irys', 'mumei', 'hakos')",1653,5.6642565877394375
"('amelia', 'inanis', 'kiara', 'sana', 'ceres', 'ouro')",1137,3.896103896103896
"('amelia', 'inanis', 'kiara', 'sana', 'ceres', 'mumei')",1134,3.885823938594387
"('amelia', 'inanis', 'kiara', 'sana', 'ceres', 'hakos')",1236,4.235342493917692
"('amelia', 'inanis', 'kiara', 'sana', 'ouro', 'mumei')",1070,3.666518178391529
"('amelia', 'inanis', 'kiara', 'sana', 'ouro', 'hakos')",1191,4.0811431312750575
"('amelia', 'inanis', 'kiara', 'sana', 'mumei', 'hakos')",1171,4.0126100812116645
"('amelia', 'inanis', 'kiara', 'ceres', 'ouro', 'mumei')",1817,6.2262275982592605
"('amelia', 'inanis', 'kiara', 'ceres', 'ouro', 'hakos')",1999,6.849878353836138
"('amelia', 'inanis', 'kiara', 'ceres', 'mumei', 'hakos')",1965,6.733372168728369
"('amelia', 'inanis', 'kiara', 'ouro', 'mumei', 'hakos')",1904,6.5243463660350205
"('amelia', 'inanis', 'irys', 'sana', 'ceres', 'ouro')",1073,3.676798135901038
"('amelia', 'inanis', 'irys', 'sana', 'ceres', 'mumei')",1037,3.5534386457869305
"('amelia', 'inanis', 'irys', 'sana', 'ceres', 'hakos')",1148,3.9337970736387624
"('amelia', 'inanis', 'irys', 'sana', 'ouro', 'mumei')",1016,3.481478943220368
"('amelia', 'inanis', 'irys', 'sana', 'ouro', 'hakos')",1128,3.865264023575369
"('amelia', 'inanis', 'irys', 'sana', 'mumei', 'hakos')",1088,3.728197923448583
"('amelia', 'inanis', 'irys', 'ceres', 'ouro', 'mumei')",1756,6.017201795565912
"('amelia', 'inanis', 'irys', 'ceres', 'ouro', 'hakos')",1944,6.661412466161806
"('amelia', 'inanis', 'irys', 'ceres', 'mumei', 'hakos')",1879,6.438680053455779
"('amelia', 'inanis', 'irys', 'ouro', 'mumei', 'hakos')",1830,6.270774080800466
"('amelia', 'inanis', 'sana', 'ceres', 'ouro', 'mumei')",1166,3.995476818695816
"('amelia', 'inanis', 'sana', 'ceres', 'ouro', 'hakos')",1284,4.399821814069836
"('amelia', 'inanis', 'sana', 'ceres', 'mumei', 'hakos')",1269,4.34842202652229
"('amelia', 'inanis', 'sana', 'ouro', 'mumei', 'hakos')",1222,4.187369358873317
"('amelia', 'inanis', 'ceres', 'ouro', 'mumei', 'hakos')",2195,7.521502244457389
"('calliope', 'gura', 'inanis', 'kiara', 'irys', 'sana')",966,3.310146318061885
"('calliope', 'gura', 'inanis', 'kiara', 'irys', 'ceres')",1550,5.311311379912962
"('calliope', 'gura', 'inanis', 'kiara', 'irys', 'ouro')",1535,5.259911592365418
"('calliope', 'gura', 'inanis', 'kiara', 'irys', 'mumei')",1434,4.913819689545283
"('calliope', 'gura', 'inanis', 'kiara', 'irys', 'hakos')",1652,5.660829935236268
"('calliope', 'gura', 'inanis', 'kiara', 'sana', 'ceres')",1104,3.7830243634992975
"('calliope', 'gura', 'inanis', 'kiara', 'sana', 'ouro')",1071,3.669944830894699
"('calliope', 'gura', 'inanis', 'kiara', 'sana', 'mumei')",1036,3.550011993283761
"('calliope', 'gura', 'inanis', 'kiara', 'sana', 'hakos')",1171,4.0126100812116645
"('calliope', 'gura', 'inanis', 'kiara', 'ceres', 'ouro')",1809,6.198814378233903
"('calliope', 'gura', 'inanis', 'kiara', 'ceres', 'mumei')",1740,5.9623753555151975
"('calliope', 'gura', 'inanis', 'kiara', 'ceres', 'hakos')",1919,6.575746153582565
"('calliope', 'gura', 'inanis', 'kiara', 'ouro', 'mumei')",1700,5.825309255388412
"('calliope', 'gura', 'inanis', 'kiara', 'ouro', 'hakos')",1931,6.616865983620601
"('calliope', 'gura', 'inanis', 'kiara', 'mumei', 'hakos')",1832,6.277627385806806
"('calliope', 'gura', 'inanis', 'irys', 'sana', 'ceres')",989,3.3889593256347874
"('calliope', 'gura', 'inanis', 'irys', 'sana', 'ouro')",987,3.382106020628448
"('calliope', 'gura', 'inanis', 'irys', 'sana', 'mumei')",944,3.234759962992153
"('calliope', 'gura', 'inanis', 'irys', 'sana', 'hakos')",1057,3.6219716958503243
"('calliope', 'gura', 'inanis', 'irys', 'ceres', 'ouro')",1683,5.7670561628345265
"('calliope', 'gura', 'inanis', 'irys', 'ceres', 'mumei')",1579,5.410684302504883
"('calliope', 'gura', 'inanis', 'irys', 'ceres', 'hakos')",1785,6.116574718157832
"('calliope', 'gura', 'inanis', 'irys', 'ouro', 'mumei')",1573,5.390124387485865
"('calliope', 'gura', 'inanis', 'irys', 'ouro', 'hakos')",1814,6.215947640749751
"('calliope', 'gura', 'inanis', 'irys', 'mumei', 'hakos')",1678,5.749922900318679
"('calliope', 'gura', 'inanis', 'sana', 'ceres', 'ouro')",1126,3.8584107185690297
"('calliope', 'gura', 'inanis', 'sana', 'ceres', 'mumei')",1110,3.8035842785183154
"('calliope', 'gura', 'inanis', 'sana', 'ceres', 'hakos')",1203,4.122262961313093
"('calliope', 'gura', 'inanis', 'sana', 'ouro', 'mumei')",1082,3.7076380084295653
"('calliope', 'gura', 'inanis', 'sana', 'ouro', 'hakos')",1207,4.135969571325772
"('calliope', 'gura', 'inanis', 'sana', 'mumei', 'hakos')",1149,3.9372237261419323
"('calliope', 'gura', 'inanis', 'ceres', 'ouro', 'mumei')",1901,6.514066408525511
"('calliope', 'gura', 'inanis', 'ceres', 'ouro', 'hakos')",2100,7.195970256656273
"('calliope', 'gura', 'inanis', 'ceres', 'mumei', 'hakos')",2013,6.897851488880513
"('calliope', 'gura', 'inanis', 'ouro', 'mumei', 'hakos')",2023,6.932118013912208
"('calliope', 'inanis', 'kiara', 'irys', 'sana', 'ceres')",944,3.234759962992153
"('calliope', 'inanis', 'kiara', 'irys', 'sana', 'ouro')",932,3.193640132954117
"('calliope', 'inanis', 'kiara', 'irys', 'sana', 'mumei')",892,3.056574032827331
"('calliope', 'inanis', 'kiara', 'irys', 'sana', 'hakos')",1022,3.502038858239386
"('calliope', 'inanis', 'kiara', 'irys', 'ceres', 'ouro')",1486,5.092005619710105
"('calliope', 'inanis', 'kiara', 'irys', 'ceres', 'mumei')",1408,4.824726724462872
"('calliope', 'inanis', 'kiara', 'irys', 'ceres', 'hakos')",1605,5.4997772675872945
"('calliope', 'inanis', 'kiara', 'irys', 'ouro', 'mumei')",1372,4.701367234348765
"('calliope', 'inanis', 'kiara', 'irys', 'ouro', 'hakos')",1582,5.420964260014392
"('calliope', 'inanis', 'kiara', 'irys', 'mumei', 'hakos')",1483,5.081725662200596
"('calliope', 'inanis', 'kiara', 'sana', 'ceres', 'ouro')",1041,3.5671452557996095
"('calliope', 'inanis', 'kiara', 'sana', 'ceres', 'mumei')",1027,3.5191721207552344
"('calliope', 'inanis', 'kiara', 'sana', 'ceres', 'hakos')",1137,3.896103896103896
"('calliope', 'inanis', 'kiara', 'sana', 'ouro', 'mumei')",980,3.3581194531062604
"('calliope', 'inanis', 'kiara', 'sana', 'ouro', 'hakos')",1119,3.8344241510468424
"('calliope', 'inanis', 'kiara', 'sana', 'mumei', 'hakos')",1067,3.6562382208820203
"('calliope', 'inanis', 'kiara', 'ceres', 'ouro', 'mumei')",1624,5.5648836651475175
"('calliope', 'inanis', 'kiara', 'ceres', 'ouro', 'hakos')",1814,6.215947640749751
"('calliope', 'inanis', 'kiara', 'ceres', 'mumei', 'hakos')",1762,6.037761710584929
"('calliope', 'inanis', 'kiara', 'ouro', 'mumei', 'hakos')",1723,5.904122262961313
"('calliope', 'inanis', 'irys', 'sana', 'ceres', 'ouro')",971,3.3272795805777333
"('calliope', 'inanis', 'irys', 'sana', 'ceres', 'mumei')",933,3.1970667854572863
"('calliope', 'inanis', 'irys', 'sana', 'ceres', 'hakos')",1043,3.573998560805949
"('calliope', 'inanis', 'irys', 'sana', 'ouro', 'mumei')",920,3.1525203029160815
"('calliope', 'inanis', 'irys', 'sana', 'ouro', 'hakos')",1039,3.5602919507932698
"('calliope', 'inanis', 'irys', 'sana', 'mumei', 'hakos')",978,3.351266148099921
"('calliope', 'inanis', 'irys', 'ceres', 'ouro', 'mumei')",1511,5.177671932289347
"('calliope', 'inanis', 'irys', 'ceres', 'ouro', 'hakos')",1720,5.893842305451804
"('calliope', 'inanis', 'irys', 'ceres', 'mumei', 'hakos')",1622,5.558030360141178
"('calliope', 'inanis', 'irys', 'ouro', 'mumei', 'hakos')",1607,5.506630572593633
"('calliope', 'inanis', 'sana', 'ceres', 'ouro', 'mumei')",1042,3.570571908302779
"('calliope', 'inanis', 'sana', 'ceres', 'ouro', 'hakos')",1159,3.9714902511736283
"('calliope', 'inanis', 'sana', 'ceres', 'mumei', 'hakos')",1124,3.851557413562691
"('calliope', 'inanis', 'sana', 'ouro', 'mumei', 'hakos')",1096,3.75561114347394
"('calliope', 'inanis', 'ceres', 'ouro', 'mumei', 'hakos')",1888,6.469519925984306
"('gura', 'inanis', 'kiara', 'irys', 'sana', 'ceres')",1041,3.5671452557996095
"('gura', 'inanis', 'kiara', 'irys', 'sana', 'ouro')",1018,3.4883322482267074
"('gura', 'inanis', 'kiara', 'irys', 'sana', 'mumei')",981,3.3615461056094302
"('gura', 'inanis', 'kiara', 'irys', 'sana', 'hakos')",1099,3.765891100983449
"('gura', 'inanis', 'kiara', 'irys', 'ceres', 'ouro')",1687,5.780762772847205
"('gura', 'inanis', 'kiara', 'irys', 'ceres', 'mumei')",1621,5.554603707638008
"('gura', 'inanis', 'kiara', 'irys', 'ceres', 'hakos')",1800,6.167974505705376
"('gura', 'inanis', 'kiara', 'irys', 'ouro', 'mumei')",1556,5.331871294931981
"('gura', 'inanis', 'kiara', 'irys', 'ouro', 'hakos')",1770,6.065174930610287
"('gura', 'inanis', 'kiara', 'irys', 'mumei', 'hakos')",1686,5.777336120344036
"('gura', 'inanis', 'kiara', 'sana', 'ceres', 'ouro')",1162,3.981770208683137
"('gura', 'inanis', 'kiara', 'sana', 'ceres', 'mumei')",1155,3.95778364116095
"('gura', 'inanis', 'kiara', 'sana', 'ceres', 'hakos')",1256,4.303875543981085
"('gura', 'inanis', 'kiara', 'sana', 'ouro', 'mumei')",1096,3.75561114347394
"('gura', 'inanis', 'kiara', 'sana', 'ouro', 'hakos')",1224,4.194222663879656
"('gura', 'inanis', 'kiara', 'sana', 'mumei', 'hakos')",1189,4.074289826268719
"('gura', 'inanis', 'kiara', 'ceres', 'ouro', 'mumei')",1885,6.459239968474797
"('gura', 'inanis', 'kiara', 'ceres', 'ouro', 'hakos')",2077,7.1171572490833706
"('gura', 'inanis', 'kiara', 'ceres', 'mumei', 'hakos')",2029,6.952677928931227
"('gura', 'inanis', 'kiara', 'ouro', 'mumei', 'hakos')",1973,6.760785388753726
"('gura', 'inanis', 'irys', 'sana', 'ceres', 'ouro')",1095,3.7521844909707704
"('gura', 'inanis', 'irys', 'sana', 'ceres', 'mumei')",1056,3.6185450433471544
"('gura', 'inanis', 'irys', 'sana', 'ceres', 'hakos')",1166,3.995476818695816
"('gura', 'inanis', 'irys', 'sana', 'ouro', 'mumei')",1033,3.539732035774252
"('gura', 'inanis', 'irys', 'sana', 'ouro', 'hakos')",1151,3.9440770311482716
"('gura', 'inanis', 'irys', 'sana', 'mumei', 'hakos')",1101,3.7727444059897883
"('gura', 'inanis', 'irys', 'ceres', 'ouro', 'mumei')",1817,6.2262275982592605
"('gura', 'inanis', 'irys', 'ceres', 'ouro', 'hakos')",2027,6.945824623924887
"('gura', 'inanis', 'irys', 'ceres', 'mumei', 'hakos')",1938,6.640852551142788
"('gura', 'inanis', 'irys', 'ouro', 'mumei', 'hakos')",1904,6.5243463660350205
"('gura', 'inanis', 'sana', 'ceres', 'ouro', 'mumei')",1217,4.170236096357469
"('gura', 'inanis', 'sana', 'ceres', 'ouro', 'hakos')",1340,4.591714354247336
"('gura', 'inanis', 'sana', 'ceres', 'mumei', 'hakos')",1318,4.516327999177603
"('gura', 'inanis', 'sana', 'ouro', 'mumei', 'hakos')",1281,4.389541856560326
"('gura', 'inanis', 'ceres', 'ouro', 'mumei', 'hakos')",2318,7.942980502347257
"('inanis', 'kiara', 'irys', 'sana', 'ceres', 'ouro')",1005,3.4437857656855018
"('inanis', 'kiara', 'irys', 'sana', 'ceres', 'mumei')",978,3.351266148099921
"('inanis', 'kiara', 'irys', 'sana', 'ceres', 'hakos')",1084,3.7144913134359046
"('inanis', 'kiara', 'irys', 'sana', 'ouro', 'mumei')",943,3.231333310488983
"('inanis', 'kiara', 'irys', 'sana', 'ouro', 'hakos')",1061,3.635678305863002
"('inanis', 'kiara', 'irys', 'sana', 'mumei', 'hakos')",1016,3.481478943220368
"('inanis', 'kiara', 'irys', 'ceres', 'ouro', 'mumei')",1528,5.2359250248432305
"('inanis', 'kiara', 'irys', 'ceres', 'ouro', 'hakos')",1715,5.876709042935955
"('inanis', 'kiara', 'irys', 'ceres', 'mumei', 'hakos')",1659,5.684816502758455
"('inanis', 'kiara', 'irys', 'ouro', 'mumei', 'hakos')",1588,5.441524175033409
"('inanis', 'kiara', 'sana', 'ceres', 'ouro', 'mumei')",1073,3.676798135901038
"('inanis', 'kiara', 'sana', 'ceres', 'ouro', 'hakos')",1193,4.087996436281396
"('inanis', 'kiara', 'sana', 'ceres', 'mumei', 'hakos')",1180,4.043449953740192
"('inanis', 'kiara', 'sana', 'ouro', 'mumei', 'hakos')",1127,3.861837371072199
"('inanis', 'kiara', 'ceres', 'ouro', 'mumei', 'hakos')",1888,6.469519925984306
"('inanis', 'irys', 'sana', 'ceres', 'ouro', 'mumei')",1026,3.515745468252065
"('inanis', 'irys', 'sana', 'ceres', 'ouro', 'hakos')",1145,3.9235171161292532
"('inanis', 'irys', 'sana', 'ceres', 'mumei', 'hakos')",1106,3.789877668505637
"('inanis', 'irys', 'sana', 'ouro', 'mumei', 'hakos')",1077,3.690504745913717
"('inanis', 'irys', 'ceres', 'ouro', 'mumei', 'hakos')",1853,6.349587088373368
"('inanis', 'sana', 'ceres', 'ouro', 'mumei', 'hakos')",1253,4.293595586471576
"('amelia', 'calliope', 'gura', 'inanis', 'kiara', 'irys', 'sana')",886,3.036014117808313
"('amelia', 'calliope', 'gura', 'inanis', 'kiara', 'irys', 'ceres')",1394,4.7767535894184965
"('amelia', 'calliope', 'gura', 'inanis', 'kiara', 'irys', 'ouro')",1382,4.735633759380462
"('amelia', 'calliope', 'gura', 'inanis', 'kiara', 'irys', 'mumei')",1308,4.482061474145907
"('amelia', 'calliope', 'gura', 'inanis', 'kiara', 'irys', 'hakos')",1485,5.088578967206935
"('amelia', 'calliope', 'gura', 'inanis', 'kiara', 'sana', 'ceres')",1000,3.4266525031696533
"('amelia', 'calliope', 'gura', 'inanis', 'kiara', 'sana', 'ouro')",971,3.3272795805777333
"('amelia', 'calliope', 'gura', 'inanis', 'kiara', 'sana', 'mumei')",948,3.2484665730048317
"('amelia', 'calliope', 'gura', 'inanis', 'kiara', 'sana', 'hakos')",1057,3.6219716958503243
"('amelia', 'calliope', 'gura', 'inanis', 'kiara', 'ceres', 'ouro')",1615,5.5340437926189905
"('amelia', 'calliope', 'gura', 'inanis', 'kiara', 'ceres', 'mumei')",1556,5.331871294931981
"('amelia', 'calliope', 'gura', 'inanis', 'kiara', 'ceres', 'hakos')",1716,5.880135695439125
"('amelia', 'calliope', 'gura', 'inanis', 'kiara', 'ouro', 'mumei')",1528,5.2359250248432305
"('amelia', 'calliope', 'gura', 'inanis', 'kiara', 'ouro', 'hakos')",1720,5.893842305451804
"('amelia', 'calliope', 'gura', 'inanis', 'kiara', 'mumei', 'hakos')",1643,5.6299900627077415
"('amelia', 'calliope', 'gura', 'inanis', 'irys', 'sana', 'ceres')",896,3.0702806428400096
"('amelia', 'calliope', 'gura', 'inanis', 'irys', 'sana', 'ouro')",894,3.0634273378336703
"('amelia', 'calliope', 'gura', 'inanis', 'irys', 'sana', 'mumei')",865,2.9640544152417503
"('amelia', 'calliope', 'gura', 'inanis', 'irys', 'sana', 'hakos')",953,3.26559983552068
"('amelia', 'calliope', 'gura', 'inanis', 'irys', 'ceres', 'ouro')",1489,5.102285577219614
"('amelia', 'calliope', 'gura', 'inanis', 'irys', 'ceres', 'mumei')",1424,4.879553164513586
"('amelia', 'calliope', 'gura', 'inanis', 'irys', 'ceres', 'hakos')",1587,5.43809752253024
"('amelia', 'calliope', 'gura', 'inanis', 'irys', 'ouro', 'mumei')",1414,4.84528663948189
"('amelia', 'calliope', 'gura', 'inanis', 'irys', 'ouro', 'hakos')",1595,5.4655107425555975
"('amelia', 'calliope', 'gura', 'inanis', 'irys', 'mumei', 'hakos')",1508,5.167391974779838
"('amelia', 'calliope', 'gura', 'inanis', 'sana', 'ceres', 'ouro')",1007,3.450639070691841
"('amelia', 'calliope', 'gura', 'inanis', 'sana', 'ceres', 'mumei')",1001,3.430079155672823
"('amelia', 'calliope', 'gura', 'inanis', 'sana', 'ceres', 'hakos')",1078,3.6939313984168867
"('amelia', 'calliope', 'gura', 'inanis', 'sana', 'ouro', 'mumei')",974,3.3375595380872425
"('amelia', 'calliope', 'gura', 'inanis', 'sana', 'ouro', 'hakos')",1070,3.666518178391529
"('amelia', 'calliope', 'gura', 'inanis', 'sana', 'mumei', 'hakos')",1033,3.539732035774252
"('amelia', 'calliope', 'gura', 'inanis', 'ceres', 'ouro', 'mumei')",1678,5.749922900318679
"('amelia', 'calliope', 'gura', 'inanis', 'ceres', 'ouro', 'hakos')",1837,6.2947606483226535
"('amelia', 'calliope', 'gura', 'inanis', 'ceres', 'mumei', 'hakos')",1781,6.102868108145152
"('amelia', 'calliope', 'gura', 'inanis', 'ouro', 'mumei', 'hakos')",1779,6.0960148031388135
"('amelia', 'calliope', 'inanis', 'kiara', 'irys', 'sana', 'ceres')",858,2.9400678477195625
"('amelia', 'calliope', 'inanis', 'kiara', 'irys', 'sana', 'ouro')",849,2.909227975191036
"('amelia', 'calliope', 'inanis', 'kiara', 'irys', 'sana', 'mumei')",823,2.820135010108625
"('amelia', 'calliope', 'inanis', 'kiara', 'irys', 'sana', 'hakos')",927,3.1765068704382693
"('amelia', 'calliope', 'inanis', 'kiara', 'irys', 'ceres', 'ouro')",1327,4.54716787170613
"('amelia', 'calliope', 'inanis', 'kiara', 'irys', 'ceres', 'mumei')",1265,4.334715416509612
"('amelia', 'calliope', 'inanis', 'kiara', 'irys', 'ceres', 'hakos')",1429,4.896686427029435
"('amelia', 'calliope', 'inanis', 'kiara', 'irys', 'ouro', 'mumei')",1245,4.266182366446219
"('amelia', 'calliope', 'inanis', 'kiara', 'irys', 'ouro', 'hakos')",1413,4.84185998697872
"('amelia', 'calliope', 'inanis', 'kiara', 'irys', 'mumei', 'hakos')",1339,4.588287701744166
"('amelia', 'calliope', 'inanis', 'kiara', 'sana', 'ceres', 'ouro')",938,3.2142000479731347
"('amelia', 'calliope', 'inanis', 'kiara', 'sana', 'ceres', 'mumei')",933,3.1970667854572863
"('amelia', 'calliope', 'inanis', 'kiara', 'sana', 'ceres', 'hakos')",1022,3.502038858239386
"('amelia', 'calliope', 'inanis', 'kiara', 'sana', 'ouro', 'mumei')",895,3.0668539903368397
"('amelia', 'calliope', 'inanis', 'kiara', 'sana', 'ouro', 'hakos')",1004,3.440359113182332
"('amelia', 'calliope', 'inanis', 'kiara', 'sana', 'mumei', 'hakos')",969,3.320426275571394
"('amelia', 'calliope', 'inanis', 'kiara', 'ceres', 'ouro', 'mumei')",1456,4.989206044615015
"('amelia', 'calliope', 'inanis', 'kiara', 'ceres', 'ouro', 'hakos')",1617,5.540897097625329
"('amelia', 'calliope', 'inanis', 'kiara', 'ceres', 'mumei', 'hakos')",1569,5.376417777473186
"('amelia', 'calliope', 'inanis', 'kiara', 'ouro', 'mumei', 'hakos')",1544,5.290751464893946
"('amelia', 'calliope', 'inanis', 'irys', 'sana', 'ceres', 'ouro')",877,3.005174245279786
"('amelia', 'calliope', 'inanis', 'irys', 'sana', 'ceres', 'mumei')",852,2.919507932700545
"('amelia', 'calliope', 'inanis', 'irys', 'sana', 'ceres', 'hakos')",938,3.2142000479731347
"('amelia', 'calliope', 'inanis', 'irys', 'sana', 'ouro', 'mumei')",841,2.8818147551656783
"('amelia', 'calliope', 'inanis', 'irys', 'sana', 'ouro', 'hakos')",932,3.193640132954117
"('amelia', 'calliope', 'inanis', 'irys', 'sana', 'mumei', 'hakos')",892,3.056574032827331
"('amelia', 'calliope', 'inanis', 'irys', 'ceres', 'ouro', 'mumei')",1355,4.6431141417948805
"('amelia', 'calliope', 'inanis', 'irys', 'ceres', 'ouro', 'hakos')",1518,5.201658499811534
"('amelia', 'calliope', 'inanis', 'irys', 'ceres', 'mumei', 'hakos')",1454,4.982352739608676
"('amelia', 'calliope', 'inanis', 'irys', 'ouro', 'mumei', 'hakos')",1441,4.937806257067471
"('amelia', 'calliope', 'inanis', 'sana', 'ceres', 'ouro', 'mumei')",940,3.221053352979474
"('amelia', 'calliope', 'inanis', 'sana', 'ceres', 'ouro', 'hakos')",1030,3.5294520782647427
"('amelia', 'calliope', 'inanis', 'sana', 'ceres', 'mumei', 'hakos')",1012,3.4677723332076895
"('amelia', 'calliope', 'inanis', 'sana', 'ouro', 'mumei', 'hakos')",983,3.3683994106157695
"('amelia', 'calliope', 'inanis', 'ceres', 'ouro', 'mumei', 'hakos')",1676,5.74306959531234
"('amelia', 'gura', 'inanis', 'kiara', 'irys', 'sana', 'ceres')",946,3.2416132679984924
"('amelia', 'gura', 'inanis', 'kiara', 'irys', 'sana', 'ouro')",923,3.1628002604255903
"('amelia', 'gura', 'inanis', 'kiara', 'irys', 'sana', 'mumei')",904,3.097693862865367
"('amelia', 'gura', 'inanis', 'kiara', 'irys', 'sana', 'hakos')",994,3.406092588150636
"('amelia', 'gura', 'inanis', 'kiara', 'irys', 'ceres', 'ouro')",1504,5.153685364767159
"('amelia', 'gura', 'inanis', 'kiara', 'irys', 'ceres', 'mumei')",1457,4.992632697118185
"('amelia', 'gura', 'inanis', 'kiara', 'irys', 'ceres', 'hakos')",1606,5.503203920090463
"('amelia', 'gura', 'inanis', 'kiara', 'irys', 'ouro', 'mumei')",1408,4.824726724462872
"('amelia', 'gura', 'inanis', 'kiara', 'irys', 'ouro', 'hakos')",1568,5.372991124970017
"('amelia', 'gura', 'inanis', 'kiara', 'irys', 'mumei', 'hakos')",1517,5.198231847308364
"('amelia', 'gura', 'inanis', 'kiara', 'sana', 'ceres', 'ouro')",1045,3.580851865812288
"('amelia', 'gura', 'inanis', 'kiara', 'sana', 'ceres', 'mumei')",1050,3.5979851283281366
"('amelia', 'gura', 'inanis', 'kiara', 'sana', 'ceres', 'hakos')",1131,3.8755439810848777
"('amelia', 'gura', 'inanis', 'kiara', 'sana', 'ouro', 'mumei')",995,3.409519240653805
"('amelia', 'gura', 'inanis', 'kiara', 'sana', 'ouro', 'hakos')",1090,3.735051228454923
"('amelia', 'gura', 'inanis', 'kiara', 'sana', 'mumei', 'hakos')",1077,3.690504745913717
"('amelia', 'gura', 'inanis', 'kiara', 'ceres', 'ouro', 'mumei')",1676,5.74306959531234
"('amelia', 'gura', 'inanis', 'kiara', 'ceres', 'ouro', 'hakos')",1829,6.267347428297295
"('amelia', 'gura', 'inanis', 'kiara', 'ceres', 'mumei', 'hakos')",1801,6.171401158208546
"('amelia', 'gura', 'inanis', 'kiara', 'ouro', 'mumei', 'hakos')",1750,5.9966418805468935
"('amelia', 'gura', 'inanis', 'irys', 'sana', 'ceres', 'ouro')",984,3.3718260631189394
"('amelia', 'gura', 'inanis', 'irys', 'sana', 'ceres', 'mumei')",960,3.289586403042868
"('amelia', 'gura', 'inanis', 'irys', 'sana', 'ceres', 'hakos')",1045,3.580851865812288
"('amelia', 'gura', 'inanis', 'irys', 'sana', 'ouro', 'mumei')",940,3.221053352979474
"('amelia', 'gura', 'inanis', 'irys', 'sana', 'ouro', 'hakos')",1024,3.5088921632457257
"('amelia', 'gura', 'inanis', 'irys', 'sana', 'mumei', 'hakos')",999,3.4232258506664834
"('amelia', 'gura', 'inanis', 'irys', 'ceres', 'ouro', 'mumei')",1606,5.503203920090463
"('amelia', 'gura', 'inanis', 'irys', 'ceres', 'ouro', 'hakos')",1768,6.058321625603948
"('amelia', 'gura', 'inanis', 'irys', 'ceres', 'mumei', 'hakos')",1721,5.8972689579549735
"('amelia', 'gura', 'inanis', 'irys', 'ouro', 'mumei', 'hakos')",1673,5.7327896378028305
"('amelia', 'gura', 'inanis', 'sana', 'ceres', 'ouro', 'mumei')",1086,3.721344618442244
"('amelia', 'gura', 'inanis', 'sana', 'ceres', 'ouro', 'hakos')",1181,4.046876606243361
"('amelia', 'gura', 'inanis', 'sana', 'ceres', 'mumei', 'hakos')",1175,4.026316691224343
"('amelia', 'gura', 'inanis', 'sana', 'ouro', 'mumei', 'hakos')",1133,3.8823972860912175
"('amelia', 'gura', 'inanis', 'ceres', 'ouro', 'mumei', 'hakos')",2012,6.894424836377342
"('amelia', 'inanis', 'kiara', 'irys', 'sana', 'ceres', 'ouro')",907,3.1079738203748755
"('amelia', 'inanis', 'kiara', 'irys', 'sana', 'ceres', 'mumei')",888,3.0428674228146524
"('amelia', 'inanis', 'kiara', 'irys', 'sana', 'ceres', 'hakos')",974,3.3375595380872425
"('amelia', 'inanis', 'kiara', 'irys', 'sana', 'ouro', 'mumei')",864,2.960627762738581
"('amelia', 'inanis', 'kiara', 'irys', 'sana', 'ouro', 'hakos')",950,3.255319878011171
"('amelia', 'inanis', 'kiara', 'irys', 'sana', 'mumei', 'hakos')",929,3.1833601754446086
"('amelia', 'inanis', 'kiara', 'irys', 'ceres', 'ouro', 'mumei')",1371,4.697940581845595
"('amelia', 'inanis', 'kiara', 'irys', 'ceres', 'ouro', 'hakos')",1515,5.191378542302026
"('amelia', 'inanis', 'kiara', 'irys', 'ceres', 'mumei', 'hakos')",1478,5.064592399684749
"('amelia', 'inanis', 'kiara', 'irys', 'ouro', 'mumei', 'hakos')",1424,4.879553164513586
"('amelia', 'inanis', 'kiara', 'sana', 'ceres', 'ouro', 'mumei')",968,3.3169996230682246
"('amelia', 'inanis', 'kiara', 'sana', 'ceres', 'ouro', 'hakos')",1060,3.6322516533598326
"('amelia', 'inanis', 'kiara', 'sana', 'ceres', 'mumei', 'hakos')",1059,3.6288250008566636
"('amelia', 'inanis', 'kiara', 'sana', 'ouro', 'mumei', 'hakos')",1010,3.4609190282013502
"('amelia', 'inanis', 'kiara', 'ceres', 'ouro', 'mumei', 'hakos')",1672,5.729362985299661
"('amelia', 'inanis', 'irys', 'sana', 'ceres', 'ouro', 'mumei')",932,3.193640132954117
"('amelia', 'inanis', 'irys', 'sana', 'ceres', 'ouro', 'hakos')",1021,3.4986122057362166
"('amelia', 'inanis', 'irys', 'sana', 'ceres', 'mumei', 'hakos')",993,3.4026659356474664
"('amelia', 'inanis', 'irys', 'sana', 'ouro', 'mumei', 'hakos')",971,3.3272795805777333
"('amelia', 'inanis', 'irys', 'ceres', 'ouro', 'mumei', 'hakos')",1636,5.606003495185553
"('amelia', 'inanis', 'sana', 'ceres', 'ouro', 'mumei', 'hakos')",1106,3.789877668505637
"('calliope', 'gura', 'inanis', 'kiara', 'irys', 'sana', 'ceres')",860,2.946921152725902
"('calliope', 'gura', 'inanis', 'kiara', 'irys', 'sana', 'ouro')",850,2.912654627694206
"('calliope', 'gura', 'inanis', 'kiara', 'irys', 'sana', 'mumei')",826,2.830414967618134
"('calliope', 'gura', 'inanis', 'kiara', 'irys', 'sana', 'hakos')",920,3.1525203029160815
"('calliope', 'gura', 'inanis', 'kiara', 'irys', 'ceres', 'ouro')",1346,4.612274269266354
"('calliope', 'gura', 'inanis', 'kiara', 'irys', 'ceres', 'mumei')",1290,4.420381729088853
"('calliope', 'gura', 'inanis', 'kiara', 'irys', 'ceres', 'hakos')",1435,4.917246342048453
"('calliope', 'gura', 'inanis', 'kiara', 'irys', 'ouro', 'mumei')",1263,4.327862111503272
"('calliope', 'gura', 'inanis', 'kiara', 'irys', 'ouro', 'hakos')",1421,4.869273207004078
"('calliope', 'gura', 'inanis', 'kiara', 'irys', 'mumei', 'hakos')",1349,4.622554226775863
"('calliope', 'gura', 'inanis', 'kiara', 'sana', 'ceres', 'ouro')",949,3.2518932255080015
"('calliope', 'gura', 'inanis', 'kiara', 'sana', 'ceres', 'mumei')",947,3.245039920501662
"('calliope', 'gura', 'inanis', 'kiara', 'sana', 'ceres', 'hakos')",1029,3.5260254257615733
"('calliope', 'gura', 'inanis', 'kiara', 'sana', 'ouro', 'mumei')",911,3.1216804303875545
"('calliope', 'gura', 'inanis', 'kiara', 'sana', 'ouro', 'hakos')",1015,3.4780522907171987
"('calliope', 'gura', 'inanis', 'kiara', 'sana', 'mumei', 'hakos')",976,3.3444128430935818
"('calliope', 'gura', 'inanis', 'kiara', 'ceres', 'ouro', 'mumei')",1495,5.122845492238632
"('calliope', 'gura', 'inanis', 'kiara', 'ceres', 'ouro', 'hakos')",1643,5.6299900627077415
"('calliope', 'gura', 'inanis', 'kiara', 'ceres', 'mumei', 'hakos')",1601,5.486070657574615
"('calliope', 'gura', 'inanis', 'kiara', 'ouro', 'mumei', 'hakos')",1578,5.407257650001713
"('calliope', 'gura', 'inanis', 'irys', 'sana', 'ceres', 'ouro')",890,3.0497207278209917
"('calliope', 'gura', 'inanis', 'irys', 'sana', 'ceres', 'mumei')",869,2.977761025254429
"('calliope', 'gura', 'inanis', 'irys', 'sana', 'ceres', 'hakos')",947,3.245039920501662
"('calliope', 'gura', 'inanis', 'irys', 'sana', 'ouro', 'mumei')",861,2.9503478052290717
"('calliope', 'gura', 'inanis', 'irys', 'sana', 'ouro', 'hakos')",946,3.2416132679984924
"('calliope', 'gura', 'inanis', 'irys', 'sana', 'mumei', 'hakos')",908,3.1114004728780453
"('calliope', 'gura', 'inanis', 'irys', 'ceres', 'ouro', 'mumei')",1389,4.759620326902649
"('calliope', 'gura', 'inanis', 'irys', 'ceres', 'ouro', 'hakos')",1555,5.328444642428811
"('calliope', 'gura', 'inanis', 'irys', 'ceres', 'mumei', 'hakos')",1483,5.081725662200596
"('calliope', 'gura', 'inanis', 'irys', 'ouro', 'mumei', 'hakos')",1479,5.068019052187918
"('calliope', 'gura', 'inanis', 'sana', 'ceres', 'ouro', 'mumei')",977,3.3478394955967516
"('calliope', 'gura', 'inanis', 'sana', 'ceres', 'ouro', 'hakos')",1061,3.635678305863002
"('calliope', 'gura', 'inanis', 'sana', 'ceres', 'mumei', 'hakos')",1044,3.5774252133091182
"('calliope', 'gura', 'inanis', 'sana', 'ouro', 'mumei', 'hakos')",1026,3.515745468252065
"('calliope', 'gura', 'inanis', 'ceres', 'ouro', 'mumei', 'hakos')",1742,5.969228660521537
"('calliope', 'inanis', 'kiara', 'irys', 'sana', 'ceres', 'ouro')",840,2.878388102662509
"('calliope', 'inanis', 'kiara', 'irys', 'sana', 'ceres', 'mumei')",822,2.8167083576054552
"('calliope', 'inanis', 'kiara', 'irys', 'sana', 'ceres', 'hakos')",909,3.114827125381215
"('calliope', 'inanis', 'kiara', 'irys', 'sana', 'ouro', 'mumei')",804,2.7550286125484016
"('calliope', 'inanis', 'kiara', 'irys', 'sana', 'ouro', 'hakos')",897,3.0737072953431794
"('calliope', 'inanis', 'kiara', 'irys', 'sana', 'mumei', 'hakos')",860,2.946921152725902
"('calliope', 'inanis', 'kiara', 'irys', 'ceres', 'ouro', 'mumei')",1236,4.235342493917692
"('calliope', 'inanis', 'kiara', 'irys', 'ceres', 'ouro', 'hakos')",1387,4.752767021896309
"('calliope', 'inanis', 'kiara', 'irys', 'ceres', 'mumei', 'hakos')",1339,4.588287701744166
"('calliope', 'inanis', 'kiara', 'irys', 'ouro', 'mumei', 'hakos')",1303,4.464928211630059
"('calliope', 'inanis', 'kiara', 'sana', 'ceres', 'ouro', 'mumei')",894,3.0634273378336703
"('calliope', 'inanis', 'kiara', 'sana', 'ceres', 'ouro', 'hakos')",989,3.3889593256347874
"('calliope', 'inanis', 'kiara', 'sana', 'ceres', 'mumei', 'hakos')",974,3.3375595380872425
"('calliope', 'inanis', 'kiara', 'sana', 'ouro', 'mumei', 'hakos')",938,3.2142000479731347
"('calliope', 'inanis', 'kiara', 'ceres', 'ouro', 'mumei', 'hakos')",1517,5.198231847308364
"('calliope', 'inanis', 'irys', 'sana', 'ceres', 'ouro', 'mumei')",848,2.905801322687866
"('calliope', 'inanis', 'irys', 'sana', 'ceres', 'ouro', 'hakos')",937,3.2107733954699653
"('calliope', 'inanis', 'irys', 'sana', 'ceres', 'mumei', 'hakos')",904,3.097693862865367
"('calliope', 'inanis', 'irys', 'sana', 'ouro', 'mumei', 'hakos')",890,3.0497207278209917
"('calliope', 'inanis', 'irys', 'ceres', 'ouro', 'mumei', 'hakos')",1426,4.886406469519926
"('calliope', 'inanis', 'sana', 'ceres', 'ouro', 'mumei', 'hakos')",999,3.4232258506664834
"('gura', 'inanis', 'kiara', 'irys', 'sana', 'ceres', 'ouro')",920,3.1525203029160815
"('gura', 'inanis', 'kiara', 'irys', 'sana', 'ceres', 'mumei')",902,3.0908405578590274
"('gura', 'inanis', 'kiara', 'irys', 'sana', 'ceres', 'hakos')",983,3.3683994106157695
"('gura', 'inanis', 'kiara', 'irys', 'sana', 'ouro', 'mumei')",876,3.0017475927766166
"('gura', 'inanis', 'kiara', 'irys', 'sana', 'ouro', 'hakos')",963,3.299866360552376
"('gura', 'inanis', 'kiara', 'irys', 'sana', 'mumei', 'hakos')",933,3.1970667854572863
"('gura', 'inanis', 'kiara', 'irys', 'ceres', 'ouro', 'mumei')",1408,4.824726724462872
"('gura', 'inanis', 'kiara', 'irys', 'ceres', 'ouro', 'hakos')",1556,5.331871294931981
"('gura', 'inanis', 'kiara', 'irys', 'ceres', 'mumei', 'hakos')",1510,5.174245279786177
"('gura', 'inanis', 'kiara', 'irys', 'ouro', 'mumei', 'hakos')",1456,4.989206044615015
"('gura', 'inanis', 'kiara', 'sana', 'ceres', 'ouro', 'mumei')",991,3.395812630641127
"('gura', 'inanis', 'kiara', 'sana', 'ceres', 'ouro', 'hakos')",1086,3.721344618442244
"('gura', 'inanis', 'kiara', 'sana', 'ceres', 'mumei', 'hakos')",1079,3.697358050920056
"('gura', 'inanis', 'kiara', 'sana', 'ouro', 'mumei', 'hakos')",1036,3.550011993283761
"('gura', 'inanis', 'kiara', 'ceres', 'ouro', 'mumei', 'hakos')",1728,5.921255525477162
"('gura', 'inanis', 'irys', 'sana', 'ceres', 'ouro', 'mumei')",950,3.255319878011171
"('gura', 'inanis', 'irys', 'sana', 'ceres', 'ouro', 'hakos')",1041,3.5671452557996095
"('gura', 'inanis', 'irys', 'sana', 'ceres', 'mumei', 'hakos')",1012,3.4677723332076895
"('gura', 'inanis', 'irys', 'sana', 'ouro', 'mumei', 'hakos')",991,3.395812630641127
"('gura', 'inanis', 'irys', 'ceres', 'ouro', 'mumei', 'hakos')",1684,5.770482815337696
"('gura', 'inanis', 'sana', 'ceres', 'ouro', 'mumei', 'hakos')",1154,3.9543569886577803
"('inanis', 'kiara', 'irys', 'sana', 'ceres', 'ouro', 'mumei')",871,2.9846143302607686
"('inanis', 'kiara', 'irys', 'sana', 'ceres', 'ouro', 'hakos')",960,3.289586403042868
"('inanis', 'kiara', 'irys', 'sana', 'ceres', 'mumei', 'hakos')",937,3.2107733954699653
"('inanis', 'kiara', 'irys', 'sana', 'ouro', 'mumei', 'hakos')",905,3.101120515368536
"('inanis', 'kiara', 'irys', 'ceres', 'ouro', 'mumei', 'hakos')",1444,4.94808621457698
"('inanis', 'kiara', 'sana', 'ceres', 'ouro', 'mumei', 'hakos')",1024,3.5088921632457257
"('inanis', 'irys', 'sana', 'ceres', 'ouro', 'mumei', 'hakos')",991,3.395812630641127
"('amelia', 'calliope', 'gura', 'inanis', 'kiara', 'irys', 'sana', 'ceres')",795,2.7241887400198745
"('amelia', 'calliope', 'gura', 'inanis', 'kiara', 'irys', 'sana', 'ouro')",786,2.693348867491348
"('amelia', 'calliope', 'gura', 'inanis', 'kiara', 'irys', 'sana', 'mumei')",771,2.641949079943803
"('amelia', 'calliope', 'gura', 'inanis', 'kiara', 'irys', 'sana', 'hakos')",847,2.9023746701846966
"('amelia', 'calliope', 'gura', 'inanis', 'kiara', 'irys', 'ceres', 'ouro')",1229,4.211355926395504
"('amelia', 'calliope', 'gura', 'inanis', 'kiara', 'irys', 'ceres', 'mumei')",1186,4.064009868759209
"('amelia', 'calliope', 'gura', 'inanis', 'kiara', 'irys', 'ceres', 'hakos')",1315,4.506048041668095
"('amelia', 'calliope', 'gura', 'inanis', 'kiara', 'irys', 'ouro', 'mumei')",1165,3.992050166192646
"('amelia', 'calliope', 'gura', 'inanis', 'kiara', 'irys', 'ouro', 'hakos')",1297,4.4443682966110405
"('amelia', 'calliope', 'gura', 'inanis', 'kiara', 'irys', 'mumei', 'hakos')",1244,4.262755713943049
"('amelia', 'calliope', 'gura', 'inanis', 'kiara', 'sana', 'ceres', 'ouro')",871,2.9846143302607686
"('amelia', 'calliope', 'gura', 'inanis', 'kiara', 'sana', 'ceres', 'mumei')",873,2.9914676352671075
"('amelia', 'calliope', 'gura', 'inanis', 'kiara', 'sana', 'ceres', 'hakos')",944,3.234759962992153
"('amelia', 'calliope', 'gura', 'inanis', 'kiara', 'sana', 'ouro', 'mumei')",843,2.888668060172018
"('amelia', 'calliope', 'gura', 'inanis', 'kiara', 'sana', 'ouro', 'hakos')",925,3.16965356543193
"('amelia', 'calliope', 'gura', 'inanis', 'kiara', 'sana', 'mumei', 'hakos')",900,3.083987252852688
"('amelia', 'calliope', 'gura', 'inanis', 'kiara', 'ceres', 'ouro', 'mumei')",1360,4.660247404310729
"('amelia', 'calliope', 'gura', 'inanis', 'kiara', 'ceres', 'ouro', 'hakos')",1490,5.1057122297227835
"('amelia', 'calliope', 'gura', 'inanis', 'kiara', 'ceres', 'mumei', 'hakos')",1455,4.985779392111846
"('amelia', 'calliope', 'gura', 'inanis', 'kiara', 'ouro', 'mumei', 'hakos')",1435,4.917246342048453
"('amelia', 'calliope', 'gura', 'inanis', 'irys', 'sana', 'ceres', 'ouro')",814,2.789295137580098
"('amelia', 'calliope', 'gura', 'inanis', 'irys', 'sana', 'ceres', 'mumei')",801,2.7447486550388924
"('amelia', 'calliope', 'gura', 'inanis', 'irys', 'sana', 'ceres', 'hakos')",866,2.96748106774492
"('amelia', 'calliope', 'gura', 'inanis', 'irys', 'sana', 'ouro', 'mumei')",793,2.7173354350135352
"('amelia', 'calliope', 'gura', 'inanis', 'irys', 'sana', 'ouro', 'hakos')",860,2.946921152725902
"('amelia', 'calliope', 'gura', 'inanis', 'irys', 'sana', 'mumei', 'hakos')",835,2.861254840146661
"('amelia', 'calliope', 'gura', 'inanis', 'irys', 'ceres', 'ouro', 'mumei')",1265,4.334715416509612
"('amelia', 'calliope', 'gura', 'inanis', 'irys', 'ceres', 'ouro', 'hakos')",1402,4.8041668094438545
"('amelia', 'calliope', 'gura', 'inanis', 'irys', 'ceres', 'mumei', 'hakos')",1355,4.6431141417948805
"('amelia', 'calliope', 'gura', 'inanis', 'irys', 'ouro', 'mumei', 'hakos')",1343,4.601994311756845
"('amelia', 'calliope', 'gura', 'inanis', 'sana', 'ceres', 'ouro', 'mumei')",890,3.0497207278209917
"('amelia', 'calliope', 'gura', 'inanis', 'sana', 'ceres', 'ouro', 'hakos')",957,3.2793064455333587
"('amelia', 'calliope', 'gura', 'inanis', 'sana', 'ceres', 'mumei', 'hakos')",950,3.255319878011171
"('amelia', 'calliope', 'gura', 'inanis', 'sana', 'ouro', 'mumei', 'hakos')",929,3.1833601754446086
"('amelia', 'calliope', 'gura', 'inanis', 'ceres', 'ouro', 'mumei', 'hakos')",1563,5.355857862454169
"('amelia', 'calliope', 'inanis', 'kiara', 'irys', 'sana', 'ceres', 'ouro')",773,2.6488023849501423
"('amelia', 'calliope', 'inanis', 'kiara', 'irys', 'sana', 'ceres', 'mumei')",760,2.6042559024089367
"('amelia', 'calliope', 'inanis', 'kiara', 'irys', 'sana', 'ceres', 'hakos')",835,2.861254840146661
"('amelia', 'calliope', 'inanis', 'kiara', 'irys', 'sana', 'ouro', 'mumei')",747,2.559709419867731
"('amelia', 'calliope', 'inanis', 'kiara', 'irys', 'sana', 'ouro', 'hakos')",824,2.8235616626117945
"('amelia', 'calliope', 'inanis', 'kiara', 'irys', 'sana', 'mumei', 'hakos')",798,2.7344686975293837
"('amelia', 'calliope', 'inanis', 'kiara', 'irys', 'ceres', 'ouro', 'mumei')",1132,3.8789706335880476
"('amelia', 'calliope', 'inanis', 'kiara', 'irys', 'ceres', 'ouro', 'hakos')",1262,4.324435459000102
"('amelia', 'calliope', 'inanis', 'kiara', 'irys', 'ceres', 'mumei', 'hakos')",1222,4.187369358873317
"('amelia', 'calliope', 'inanis', 'kiara', 'irys', 'ouro', 'mumei', 'hakos')",1196,4.098276393790905
"('amelia', 'calliope', 'inanis', 'kiara', 'sana', 'ceres', 'ouro', 'mumei')",823,2.820135010108625
"('amelia', 'calliope', 'inanis', 'kiara', 'sana', 'ceres', 'ouro', 'hakos')",902,3.0908405578590274
"('amelia', 'calliope', 'inanis', 'kiara', 'sana', 'ceres', 'mumei', 'hakos')",893,3.0600006853305004
"('amelia', 'calliope', 'inanis', 'kiara', 'sana', 'ouro', 'mumei', 'hakos')",862,2.953774457732241
"('amelia', 'calliope', 'inanis', 'kiara', 'ceres', 'ouro', 'mumei', 'hakos')",1380,4.728780454374122
"('amelia', 'calliope', 'inanis', 'irys', 'sana', 'ceres', 'ouro', 'mumei')",782,2.679642257478669
"('amelia', 'calliope', 'inanis', 'irys', 'sana', 'ceres', 'ouro', 'hakos')",854,2.9263612377068844
"('amelia', 'calliope', 'inanis', 'irys', 'sana', 'ceres', 'mumei', 'hakos')",831,2.8475482301339823
"('amelia', 'calliope', 'inanis', 'irys', 'sana', 'ouro', 'mumei', 'hakos')",817,2.7995750950896072
"('amelia', 'calliope', 'inanis', 'irys', 'ceres', 'ouro', 'mumei', 'hakos')",1301,4.458074906623719
"('amelia', 'calliope', 'inanis', 'sana', 'ceres', 'ouro', 'mumei', 'hakos')",907,3.1079738203748755
"('amelia', 'gura', 'inanis', 'kiara', 'irys', 'sana', 'ceres', 'ouro')",843,2.888668060172018
"('amelia', 'gura', 'inanis', 'kiara', 'irys', 'sana', 'ceres', 'mumei')",832,2.8509748826371517
"('amelia', 'gura', 'inanis', 'kiara', 'irys', 'sana', 'ceres', 'hakos')",899,3.0805606003495187
"('amelia', 'gura', 'inanis', 'kiara', 'irys', 'sana', 'ouro', 'mumei')",810,2.7755885275674195
"('amelia', 'gura', 'inanis', 'kiara', 'irys', 'sana', 'ouro', 'hakos')",876,3.0017475927766166
"('amelia', 'gura', 'inanis', 'kiara', 'irys', 'sana', 'mumei', 'hakos')",864,2.960627762738581
"('amelia', 'gura', 'inanis', 'kiara', 'irys', 'ceres', 'ouro', 'mumei')",1281,4.389541856560326
"('amelia', 'gura', 'inanis', 'kiara', 'irys', 'ceres', 'ouro', 'hakos')",1403,4.8075934619470235
"('amelia', 'gura', 'inanis', 'kiara', 'irys', 'ceres', 'mumei', 'hakos')",1375,4.711647191858273
"('amelia', 'gura', 'inanis', 'kiara', 'irys', 'ouro', 'mumei', 'hakos')",1324,4.536887914196621
"('amelia', 'gura', 'inanis', 'kiara', 'sana', 'ceres', 'ouro', 'mumei')",908,3.1114004728780453
"('amelia', 'gura', 'inanis', 'kiara', 'sana', 'ceres', 'ouro', 'hakos')",983,3.3683994106157695
"('amelia', 'gura', 'inanis', 'kiara', 'sana', 'ceres', 'mumei', 'hakos')",988,3.385532673131618
"('amelia', 'gura', 'inanis', 'kiara', 'sana', 'ouro', 'mumei', 'hakos')",944,3.234759962992153
"('amelia', 'gura', 'inanis', 'kiara', 'ceres', 'ouro', 'mumei', 'hakos')",1555,5.328444642428811
"('amelia', 'gura', 'inanis', 'irys', 'sana', 'ceres', 'ouro', 'mumei')",869,2.977761025254429
"('amelia', 'gura', 'inanis', 'irys', 'sana', 'ceres', 'ouro', 'hakos')",941,3.224480005482644
"('amelia', 'gura', 'inanis', 'irys', 'sana', 'ceres', 'mumei', 'hakos')",924,3.16622691292876
"('amelia', 'gura', 'inanis', 'irys', 'sana', 'ouro', 'mumei', 'hakos')",902,3.0908405578590274
"('amelia', 'gura', 'inanis', 'irys', 'ceres', 'ouro', 'mumei', 'hakos')",1508,5.167391974779838
"('amelia', 'gura', 'inanis', 'sana', 'ceres', 'ouro', 'mumei', 'hakos')",1035,3.546585340780591
"('amelia', 'inanis', 'kiara', 'irys', 'sana', 'ceres', 'ouro', 'mumei')",801,2.7447486550388924
"('amelia', 'inanis', 'kiara', 'irys', 'sana', 'ceres', 'ouro', 'hakos')",873,2.9914676352671075
"('amelia', 'inanis', 'kiara', 'irys', 'sana', 'ceres', 'mumei', 'hakos')",858,2.9400678477195625
"('amelia', 'inanis', 'kiara', 'irys', 'sana', 'ouro', 'mumei', 'hakos')",832,2.8509748826371517
"('amelia', 'inanis', 'kiara', 'irys', 'ceres', 'ouro', 'mumei', 'hakos')",1307,4.478634821642737
"('amelia', 'inanis', 'kiara', 'sana', 'ceres', 'ouro', 'mumei', 'hakos')",929,3.1833601754446086
"('amelia', 'inanis', 'irys', 'sana', 'ceres', 'ouro', 'mumei', 'hakos')",902,3.0908405578590274
"('calliope', 'gura', 'inanis', 'kiara', 'irys', 'sana', 'ceres', 'ouro')",777,2.662508994962821
"('calliope', 'gura', 'inanis', 'kiara', 'irys', 'sana', 'ceres', 'mumei')",768,2.631669122434294
"('calliope', 'gura', 'inanis', 'kiara', 'irys', 'sana', 'ceres', 'hakos')",834,2.857828187643491
"('calliope', 'gura', 'inanis', 'kiara', 'irys', 'sana', 'ouro', 'mumei')",755,2.5871226398930887
"('calliope', 'gura', 'inanis', 'kiara', 'irys', 'sana', 'ouro', 'hakos')",825,2.826988315114964
"('calliope', 'gura', 'inanis', 'kiara', 'irys', 'sana', 'mumei', 'hakos')",800,2.741322002535723
"('calliope', 'gura', 'inanis', 'kiara', 'irys', 'ceres', 'ouro', 'mumei')",1153,3.950930336154611
"('calliope', 'gura', 'inanis', 'kiara', 'irys', 'ceres', 'ouro', 'hakos')",1271,4.355275331528629
"('calliope', 'gura', 'inanis', 'kiara', 'irys', 'ceres', 'mumei', 'hakos')",1234,4.228489188911352
"('calliope', 'gura', 'inanis', 'kiara', 'irys', 'ouro', 'mumei', 'hakos')",1210,4.1462495288352805
"('calliope', 'gura', 'inanis', 'kiara', 'sana', 'ceres', 'ouro', 'mumei')",838,2.87153479765617
"('calliope', 'gura', 'inanis', 'kiara', 'sana', 'ceres', 'ouro', 'hakos')",911,3.1216804303875545
"('calliope', 'gura', 'inanis', 'kiara', 'sana', 'ceres', 'mumei', 'hakos')",904,3.097693862865367
"('calliope', 'gura', 'inanis', 'kiara', 'sana', 'ouro', 'mumei', 'hakos')",877,3.005174245279786
"('calliope', 'gura', 'inanis', 'kiara', 'ceres', 'ouro', 'mumei', 'hakos')",1409,4.828153376966042
"('calliope', 'gura', 'inanis', 'irys', 'sana', 'ceres', 'ouro', 'mumei')",799,2.737895350032553
"('calliope', 'gura', 'inanis', 'irys', 'sana', 'ceres', 'ouro', 'hakos')",864,2.960627762738581
"('calliope', 'gura', 'inanis', 'irys', 'sana', 'ceres', 'mumei', 'hakos')",846,2.8989480176815268
"('calliope', 'gura', 'inanis', 'irys', 'sana', 'ouro', 'mumei', 'hakos')",838,2.87153479765617
"('calliope', 'gura', 'inanis', 'irys', 'ceres', 'ouro', 'mumei', 'hakos')",1324,4.536887914196621
"('calliope', 'gura', 'inanis', 'sana', 'ceres', 'ouro', 'mumei', 'hakos')",940,3.221053352979474
"('calliope', 'inanis', 'kiara', 'irys', 'sana', 'ceres', 'ouro', 'mumei')",748,2.563136072370901
"('calliope', 'inanis', 'kiara', 'irys', 'sana', 'ceres', 'ouro', 'hakos')",820,2.809855052599116
"('calliope', 'inanis', 'kiara', 'irys', 'sana', 'ceres', 'mumei', 'hakos')",803,2.7516019600452317
"('calliope', 'inanis', 'kiara', 'irys', 'sana', 'ouro', 'mumei', 'hakos')",784,2.6864955624850086
"('calliope', 'inanis', 'kiara', 'irys', 'ceres', 'ouro', 'mumei', 'hakos')",1193,4.087996436281396
"('calliope', 'inanis', 'kiara', 'sana', 'ceres', 'ouro', 'mumei', 'hakos')",867,2.9709077202480896
"('calliope', 'inanis', 'irys', 'sana', 'ceres', 'ouro', 'mumei', 'hakos')",830,2.8441215776308124
"('gura', 'inanis', 'kiara', 'irys', 'sana', 'ceres', 'ouro', 'mumei')",815,2.7927217900832675
"('gura', 'inanis', 'kiara', 'irys', 'sana', 'ceres', 'ouro', 'hakos')",885,3.0325874653051437
"('gura', 'inanis', 'kiara', 'irys', 'sana', 'ceres', 'mumei', 'hakos')",870,2.9811876777575987
"('gura', 'inanis', 'kiara', 'irys', 'sana', 'ouro', 'mumei', 'hakos')",845,2.8955213651783573
"('gura', 'inanis', 'kiara', 'irys', 'ceres', 'ouro', 'mumei', 'hakos')",1337,4.581434396737826
"('gura', 'inanis', 'kiara', 'sana', 'ceres', 'ouro', 'mumei', 'hakos')",951,3.258746530514341
"('gura', 'inanis', 'irys', 'sana', 'ceres', 'ouro', 'mumei', 'hakos')",922,3.159373607922421
"('inanis', 'kiara', 'irys', 'sana', 'ceres', 'ouro', 'mumei', 'hakos')",847,2.9023746701846966
"('amelia', 'calliope', 'gura', 'inanis', 'kiara', 'irys', 'sana', 'ceres', 'ouro')",723,2.4774697597916595
"('amelia', 'calliope', 'gura', 'inanis', 'kiara', 'irys', 'sana', 'ceres', 'mumei')",717,2.4569098447726416
"('amelia', 'calliope', 'gura', 'inanis', 'kiara', 'irys', 'sana', 'ceres', 'hakos')",776,2.659082342459651
"('amelia', 'calliope', 'gura', 'inanis', 'kiara', 'irys', 'sana', 'ouro', 'mumei')",706,2.4192166672377757
"('amelia', 'calliope', 'gura', 'inanis', 'kiara', 'irys', 'sana', 'ouro', 'hakos')",765,2.621389164924785
"('amelia', 'calliope', 'gura', 'inanis', 'kiara', 'irys', 'sana', 'mumei', 'hakos')",749,2.5665627248740703
"('amelia', 'calliope', 'gura', 'inanis', 'kiara', 'irys', 'ceres', 'ouro', 'mumei')",1068,3.6596648733851898
"('amelia', 'calliope', 'gura', 'inanis', 'kiara', 'irys', 'ceres', 'ouro', 'hakos')",1176,4.029743343727513
"('amelia', 'calliope', 'gura', 'inanis', 'kiara', 'irys', 'ceres', 'mumei', 'hakos')",1147,3.930370421135593
"('amelia', 'calliope', 'gura', 'inanis', 'kiara', 'irys', 'ouro', 'mumei', 'hakos')",1123,3.8481307610595215
"('amelia', 'calliope', 'gura', 'inanis', 'kiara', 'sana', 'ceres', 'ouro', 'mumei')",780,2.6727889524723296
"('amelia', 'calliope', 'gura', 'inanis', 'kiara', 'sana', 'ceres', 'ouro', 'hakos')",841,2.8818147551656783
"('amelia', 'calliope', 'gura', 'inanis', 'kiara', 'sana', 'ceres', 'mumei', 'hakos')",839,2.8749614501593395
"('amelia', 'calliope', 'gura', 'inanis', 'kiara', 'sana', 'ouro', 'mumei', 'hakos')",814,2.789295137580098
"('amelia', 'calliope', 'gura', 'inanis', 'kiara', 'ceres', 'ouro', 'mumei', 'hakos')",1295,4.437514991604701
"('amelia', 'calliope', 'gura', 'inanis', 'irys', 'sana', 'ceres', 'ouro', 'mumei')",739,2.5322961998423743
"('amelia', 'calliope', 'gura', 'inanis', 'irys', 'sana', 'ceres', 'ouro', 'hakos')",795,2.7241887400198745
"('amelia', 'calliope', 'gura', 'inanis', 'irys', 'sana', 'ceres', 'mumei', 'hakos')",783,2.683068909981839
"('amelia', 'calliope', 'gura', 'inanis', 'irys', 'sana', 'ouro', 'mumei', 'hakos')",773,2.6488023849501423
"('amelia', 'calliope', 'gura', 'inanis', 'irys', 'ceres', 'ouro', 'mumei', 'hakos')",1220,4.180516053866977
"('amelia', 'calliope', 'gura', 'inanis', 'sana', 'ceres', 'ouro', 'mumei', 'hakos')",860,2.946921152725902
"('amelia', 'calliope', 'inanis', 'kiara', 'irys', 'sana', 'ceres', 'ouro', 'mumei')",697,2.3883767947092482
"('amelia', 'calliope', 'inanis', 'kiara', 'irys', 'sana', 'ceres', 'ouro', 'hakos')",761,2.607682554912106
"('amelia', 'calliope', 'inanis', 'kiara', 'irys', 'sana', 'ceres', 'mumei', 'hakos')",747,2.559709419867731
"('amelia', 'calliope', 'inanis', 'kiara', 'irys', 'sana', 'ouro', 'mumei', 'hakos')",731,2.5048829798170167
"('amelia', 'calliope', 'inanis', 'kiara', 'irys', 'ceres', 'ouro', 'mumei', 'hakos')",1104,3.7830243634992975
"('amelia', 'calliope', 'inanis', 'kiara', 'sana', 'ceres', 'ouro', 'mumei', 'hakos')",802,2.7481753075420623
"('amelia', 'calliope', 'inanis', 'irys', 'sana', 'ceres', 'ouro', 'mumei', 'hakos')",768,2.631669122434294
"('amelia', 'gura', 'inanis', 'kiara', 'irys', 'sana', 'ceres', 'ouro', 'mumei')",754,2.583695987389919
"('amelia', 'gura', 'inanis', 'kiara', 'irys', 'sana', 'ceres', 'ouro', 'hakos')",813,2.785868485076928
"('amelia', 'gura', 'inanis', 'kiara', 'irys', 'sana', 'ceres', 'mumei', 'hakos')",806,2.761881917554741
"('amelia', 'gura', 'inanis', 'kiara', 'irys', 'sana', 'ouro', 'mumei', 'hakos')",782,2.679642257478669
"('amelia', 'gura', 'inanis', 'kiara', 'irys', 'ceres', 'ouro', 'mumei', 'hakos')",1224,4.194222663879656
"('amelia', 'gura', 'inanis', 'kiara', 'sana', 'ceres', 'ouro', 'mumei', 'hakos')",874,2.994894287770277
"('amelia', 'gura', 'inanis', 'irys', 'sana', 'ceres', 'ouro', 'mumei', 'hakos')",844,2.8920947126751875
"('amelia', 'inanis', 'kiara', 'irys', 'sana', 'ceres', 'ouro', 'mumei', 'hakos')",781,2.6762156049754995
"('calliope', 'gura', 'inanis', 'kiara', 'irys', 'sana', 'ceres', 'ouro', 'mumei')",707,2.422643319740945
"('calliope', 'gura', 'inanis', 'kiara', 'irys', 'sana', 'ceres', 'ouro', 'hakos')",763,2.6145358599184454
"('calliope', 'gura', 'inanis', 'kiara', 'irys', 'sana', 'ceres', 'mumei', 'hakos')",753,2.5802693348867494
"('calliope', 'gura', 'inanis', 'kiara', 'irys', 'sana', 'ouro', 'mumei', 'hakos')",740,2.5357228523455437
"('calliope', 'gura', 'inanis', 'kiara', 'irys', 'ceres', 'ouro', 'mumei', 'hakos')",1117,3.827570846040503
"('calliope', 'gura', 'inanis', 'kiara', 'sana', 'ceres', 'ouro', 'mumei', 'hakos')",816,2.7961484425864374
"('calliope', 'gura', 'inanis', 'irys', 'sana', 'ceres', 'ouro', 'mumei', 'hakos')",785,2.689922214988178
"('calliope', 'inanis', 'kiara', 'irys', 'sana', 'ceres', 'ouro', 'mumei', 'hakos')",738,2.5288695473392044
"('gura', 'inanis', 'kiara', 'irys', 'sana', 'ceres', 'ouro', 'mumei', 'hakos')",796,2.727615392523044
"('amelia', 'calliope', 'gura', 'inanis', 'kiara', 'irys', 'sana', 'ceres', 'ouro', 'mumei')",661,2.265017304595141
"('amelia', 'calliope', 'gura', 'inanis', 'kiara', 'irys', 'sana', 'ceres', 'ouro', 'hakos')",713,2.443203234759963
"('amelia', 'calliope', 'gura', 'inanis', 'kiara', 'irys', 'sana', 'ceres', 'mumei', 'hakos')",706,2.4192166672377757
"('amelia', 'calliope', 'gura', 'inanis', 'kiara', 'irys', 'sana', 'ouro', 'mumei', 'hakos')",693,2.3746701846965697
"('amelia', 'calliope', 'gura', 'inanis', 'kiara', 'irys', 'ceres', 'ouro', 'mumei', 'hakos')",1043,3.573998560805949
"('amelia', 'calliope', 'gura', 'inanis', 'kiara', 'sana', 'ceres', 'ouro', 'mumei', 'hakos')",761,2.607682554912106
"('amelia', 'calliope', 'gura', 'inanis', 'irys', 'sana', 'ceres', 'ouro', 'mumei', 'hakos')",728,2.4946030223075075
"('amelia', 'calliope', 'inanis', 'kiara', 'irys', 'sana', 'ceres', 'ouro', 'mumei', 'hakos')",690,2.364390227187061
"('amelia', 'gura', 'inanis', 'kiara', 'irys', 'sana', 'ceres', 'ouro', 'mumei', 'hakos')",737,2.5254428948360346
"('calliope', 'gura', 'inanis', 'kiara', 'irys', 'sana', 'ceres', 'ouro', 'mumei', 'hakos')",700,2.3986567522187574
"('amelia', 'calliope', 'gura', 'inanis', 'kiara', 'irys', 'sana', 'ceres', 'ouro', 'mumei', 'hakos')",656,2.247884042079293
