intersection,count,ratio
"('kiara',)",22130,100.0
"('amelia', 'kiara')",7478,33.79123361952101
"('calliope', 'kiara')",6966,31.47763217352011
"('gura', 'kiara')",7492,33.8544961590601
"('inanis', 'kiara')",7379,33.34387708992318
"('kiara', 'irys')",5142,23.235427022141888
"('kiara', 'sana')",3088,13.953908721192951
"('kiara', 'ceres')",6107,27.596023497514686
"('kiara', 'ouro')",6402,28.92905558065974
"('kiara', 'mumei')",5235,23.655671034794395
"('kiara', 'hakos')",7009,31.67193854496159
"('amelia', 'calliope', 'kiara')",4102,18.535924084952555
"('amelia', 'gura', 'kiara')",4921,22.236782647989155
"('amelia', 'inanis', 'kiara')",4532,20.478987799367374
"('amelia', 'kiara', 'irys')",3406,15.390872119295073
"('amelia', 'kiara', 'sana')",2172,9.814731134206959
"('amelia', 'kiara', 'ceres')",3980,17.98463624039765
"('amelia', 'kiara', 'ouro')",4098,18.517849073655672
"('amelia', 'kiara', 'mumei')",3613,16.32625395390872
"('amelia', 'kiara', 'hakos')",4488,20.28016267510167
"('calliope', 'gura', 'kiara')",4085,18.459105286940805
"('calliope', 'inanis', 'kiara')",4067,18.377767736104836
"('calliope', 'kiara', 'irys')",3052,13.791233619521012
"('calliope', 'kiara', 'sana')",1949,8.807049254405785
"('calliope', 'kiara', 'ceres')",3500,15.815634884771804
"('calliope', 'kiara', 'ouro')",3650,16.49344780840488
"('calliope', 'kiara', 'mumei')",3079,13.913239945774967
"('calliope', 'kiara', 'hakos')",4081,18.44103027564392
"('gura', 'inanis', 'kiara')",4575,20.673294170808855
"('gura', 'kiara', 'irys')",3388,15.309534568459105
"('gura', 'kiara', 'sana')",2113,9.548124717577949
"('gura', 'kiara', 'ceres')",4108,18.563036601897874
"('gura', 'kiara', 'ouro')",4231,19.118843199277
"('gura', 'kiara', 'mumei')",3764,17.008585630366017
"('gura', 'kiara', 'hakos')",4594,20.759150474469045
"('inanis', 'kiara', 'irys')",3220,14.55038409399006
"('inanis', 'kiara', 'sana')",2130,9.624943515589697
"('inanis', 'kiara', 'ceres')",4055,18.323542702214187
"('inanis', 'kiara', 'ouro')",3794,17.144148215092635
"('inanis', 'kiara', 'mumei')",3537,15.982828739267962
"('inanis', 'kiara', 'hakos')",4220,19.069136918210575
"('kiara', 'irys', 'sana')",1709,7.722548576592861
"('kiara', 'irys', 'ceres')",3059,13.822864889290557
"('kiara', 'irys', 'ouro')",3213,14.518752824220515
"('kiara', 'irys', 'mumei')",2697,12.18707636692273
"('kiara', 'irys', 'hakos')",3552,16.050610031631273
"('kiara', 'sana', 'ceres')",2018,9.118843199276998
"('kiara', 'sana', 'ouro')",1967,8.888386805241753
"('kiara', 'sana', 'mumei')",1783,8.056936285585179
"('kiara', 'sana', 'hakos')",2193,9.90962494351559
"('kiara', 'ceres', 'ouro')",3675,16.606416629010393
"('kiara', 'ceres', 'mumei')",3436,15.52643470402169
"('kiara', 'ceres', 'hakos')",3928,17.749661093538183
"('kiara', 'ouro', 'mumei')",3381,15.277903298689562
"('kiara', 'ouro', 'hakos')",4258,19.240849525530955
"('kiara', 'mumei', 'hakos')",3677,16.615454134658833
"('amelia', 'calliope', 'gura', 'kiara')",3116,14.080433800271125
"('amelia', 'calliope', 'inanis', 'kiara')",2994,13.529145955716224
"('amelia', 'calliope', 'kiara', 'irys')",2311,10.44283777677361
"('amelia', 'calliope', 'kiara', 'sana')",1554,7.02214188883868
"('amelia', 'calliope', 'kiara', 'ceres')",2668,12.056032535020336
"('amelia', 'calliope', 'kiara', 'ouro')",2761,12.476276547672843
"('amelia', 'calliope', 'kiara', 'mumei')",2427,10.96701310438319
"('amelia', 'calliope', 'kiara', 'hakos')",3013,13.615002259376412
"('amelia', 'gura', 'inanis', 'kiara')",3526,15.933122458201538
"('amelia', 'gura', 'kiara', 'irys')",2670,12.065070040668775
"('amelia', 'gura', 'kiara', 'sana')",1755,7.930411206507005
"('amelia', 'gura', 'kiara', 'ceres')",3191,14.419340262087662
"('amelia', 'gura', 'kiara', 'ouro')",3260,14.73113420695888
"('amelia', 'gura', 'kiara', 'mumei')",2980,13.465883416177135
"('amelia', 'gura', 'kiara', 'hakos')",3514,15.878897424310889
"('amelia', 'inanis', 'kiara', 'irys')",2485,11.22910076818798
"('amelia', 'inanis', 'kiara', 'sana')",1698,7.672842295526435
"('amelia', 'inanis', 'kiara', 'ceres')",3052,13.791233619521012
"('amelia', 'inanis', 'kiara', 'ouro')",2933,13.253502033438771
"('amelia', 'inanis', 'kiara', 'mumei')",2764,12.489832806145504
"('amelia', 'inanis', 'kiara', 'hakos')",3208,14.496159060099412
"('amelia', 'kiara', 'irys', 'sana')",1403,6.3398102123813835
"('amelia', 'kiara', 'irys', 'ceres')",2386,10.781744238590148
"('amelia', 'kiara', 'irys', 'ouro')",2484,11.22458201536376
"('amelia', 'kiara', 'irys', 'mumei')",2192,9.905106190691368
"('amelia', 'kiara', 'irys', 'hakos')",2686,12.137370085856304
"('amelia', 'kiara', 'sana', 'ceres')",1633,7.379123361952102
"('amelia', 'kiara', 'sana', 'ouro')",1583,7.153185720741076
"('amelia', 'kiara', 'sana', 'mumei')",1500,6.778129236330773
"('amelia', 'kiara', 'sana', 'hakos')",1747,7.8942611839132395
"('amelia', 'kiara', 'ceres', 'ouro')",2828,12.779032986895617
"('amelia', 'kiara', 'ceres', 'mumei')",2656,12.001807501129688
"('amelia', 'kiara', 'ceres', 'hakos')",2999,13.551739719837325
"('amelia', 'kiara', 'ouro', 'mumei')",2654,11.992769995481249
"('amelia', 'kiara', 'ouro', 'hakos')",3180,14.369633981021238
"('amelia', 'kiara', 'mumei', 'hakos')",2892,13.06823316764573
"('calliope', 'gura', 'inanis', 'kiara')",2982,13.474920921825575
"('calliope', 'gura', 'kiara', 'irys')",2296,10.375056484410303
"('calliope', 'gura', 'kiara', 'sana')",1529,6.9091730682331685
"('calliope', 'gura', 'kiara', 'ceres')",2682,12.119295074559421
"('calliope', 'gura', 'kiara', 'ouro')",2774,12.535020334387708
"('calliope', 'gura', 'kiara', 'mumei')",2498,11.287844554902847
"('calliope', 'gura', 'kiara', 'hakos')",3056,13.809308630817894
"('calliope', 'inanis', 'kiara', 'irys')",2228,10.067781292363307
"('calliope', 'inanis', 'kiara', 'sana')",1529,6.9091730682331685
"('calliope', 'inanis', 'kiara', 'ceres')",2695,12.178038861274288
"('calliope', 'inanis', 'kiara', 'ouro')",2607,11.780388612742883
"('calliope', 'inanis', 'kiara', 'mumei')",2395,10.822413014008134
"('calliope', 'inanis', 'kiara', 'hakos')",2880,13.014008133755084
"('calliope', 'kiara', 'irys', 'sana')",1280,5.78400361500226
"('calliope', 'kiara', 'irys', 'ceres')",2113,9.548124717577949
"('calliope', 'kiara', 'irys', 'ouro')",2214,10.004518752824222
"('calliope', 'kiara', 'irys', 'mumei')",1893,8.553999096249436
"('calliope', 'kiara', 'irys', 'hakos')",2431,10.985088115680073
"('calliope', 'kiara', 'sana', 'ceres')",1458,6.588341617713511
"('calliope', 'kiara', 'sana', 'ouro')",1454,6.570266606416629
"('calliope', 'kiara', 'sana', 'mumei')",1327,5.996384997740624
"('calliope', 'kiara', 'sana', 'hakos')",1624,7.338454586534117
"('calliope', 'kiara', 'ceres', 'ouro')",2497,11.283325802078627
"('calliope', 'kiara', 'ceres', 'mumei')",2314,10.456394035246271
"('calliope', 'kiara', 'ceres', 'hakos')",2697,12.18707636692273
"('calliope', 'kiara', 'ouro', 'mumei')",2318,10.474469046543154
"('calliope', 'kiara', 'ouro', 'hakos')",2860,12.923633077270674
"('calliope', 'kiara', 'mumei', 'hakos')",2514,11.360144600090374
"('gura', 'inanis', 'kiara', 'irys')",2524,11.405332128332581
"('gura', 'inanis', 'kiara', 'sana')",1688,7.62765476728423
"('gura', 'inanis', 'kiara', 'ceres')",3119,14.093990058743785
"('gura', 'inanis', 'kiara', 'ouro')",3005,13.578852236782648
"('gura', 'inanis', 'kiara', 'mumei')",2862,12.932670582919116
"('gura', 'inanis', 'kiara', 'hakos')",3291,14.871215544509717
"('gura', 'kiara', 'irys', 'sana')",1395,6.303660189787619
"('gura', 'kiara', 'irys', 'ceres')",2432,10.989606868504293
"('gura', 'kiara', 'irys', 'ouro')",2510,11.342069588793494
"('gura', 'kiara', 'irys', 'mumei')",2249,10.162675101671939
"('gura', 'kiara', 'irys', 'hakos')",2724,12.309082693176682
"('gura', 'kiara', 'sana', 'ceres')",1632,7.374604609127881
"('gura', 'kiara', 'sana', 'ouro')",1605,7.252598282873928
"('gura', 'kiara', 'sana', 'mumei')",1496,6.76005422503389
"('gura', 'kiara', 'sana', 'hakos')",1762,7.962042476276547
"('gura', 'kiara', 'ceres', 'ouro')",2965,13.398102123813826
"('gura', 'kiara', 'ceres', 'mumei')",2796,12.634432896520561
"('gura', 'kiara', 'ceres', 'hakos')",3117,14.084952553095345
"('gura', 'kiara', 'ouro', 'mumei')",2783,12.575689109805694
"('gura', 'kiara', 'ouro', 'hakos')",3312,14.966109353818347
"('gura', 'kiara', 'mumei', 'hakos')",3006,13.58337098960687
"('inanis', 'kiara', 'irys', 'sana')",1378,6.22684139177587
"('inanis', 'kiara', 'irys', 'ceres')",2367,10.69588793492996
"('inanis', 'kiara', 'irys', 'ouro')",2311,10.44283777677361
"('inanis', 'kiara', 'irys', 'mumei')",2114,9.55264347040217
"('inanis', 'kiara', 'irys', 'hakos')",2560,11.56800723000452
"('inanis', 'kiara', 'sana', 'ceres')",1634,7.383642114776322
"('inanis', 'kiara', 'sana', 'ouro')",1532,6.922729326705829
"('inanis', 'kiara', 'sana', 'mumei')",1475,6.665160415725261
"('inanis', 'kiara', 'sana', 'hakos')",1713,7.740623587889743
"('inanis', 'kiara', 'ceres', 'ouro')",2759,12.467239042024401
"('inanis', 'kiara', 'ceres', 'mumei')",2700,12.200632625395391
"('inanis', 'kiara', 'ceres', 'hakos')",2978,13.456845910528695
"('inanis', 'kiara', 'ouro', 'mumei')",2524,11.405332128332581
"('inanis', 'kiara', 'ouro', 'hakos')",2944,13.303208314505197
"('inanis', 'kiara', 'mumei', 'hakos')",2783,12.575689109805694
"('kiara', 'irys', 'sana', 'ceres')",1346,6.082241301400813
"('kiara', 'irys', 'sana', 'ouro')",1344,6.073203795752372
"('kiara', 'irys', 'sana', 'mumei')",1232,5.567103479439674
"('kiara', 'irys', 'sana', 'hakos')",1482,6.696791685494803
"('kiara', 'irys', 'ceres', 'ouro')",2329,10.52417532760958
"('kiara', 'irys', 'ceres', 'mumei')",2130,9.624943515589697
"('kiara', 'irys', 'ceres', 'hakos')",2510,11.342069588793494
"('kiara', 'irys', 'ouro', 'mumei')",2119,9.575237234523271
"('kiara', 'irys', 'ouro', 'hakos')",2617,11.825576140985088
"('kiara', 'irys', 'mumei', 'hakos')",2292,10.35698147311342
"('kiara', 'sana', 'ceres', 'ouro')",1536,6.940804338002711
"('kiara', 'sana', 'ceres', 'mumei')",1476,6.6696791685494805
"('kiara', 'sana', 'ceres', 'hakos')",1666,7.528242205151378
"('kiara', 'sana', 'ouro', 'mumei')",1414,6.389516493447808
"('kiara', 'sana', 'ouro', 'hakos')",1695,7.659286037053774
"('kiara', 'sana', 'mumei', 'hakos')",1548,6.995029371893358
"('kiara', 'ceres', 'ouro', 'mumei')",2562,11.57704473565296
"('kiara', 'ceres', 'ouro', 'hakos')",2919,13.190239493899684
"('kiara', 'ceres', 'mumei', 'hakos')",2741,12.385901491188433
"('kiara', 'ouro', 'mumei', 'hakos')",2796,12.634432896520561
"('amelia', 'calliope', 'gura', 'inanis', 'kiara')",2475,11.183913239945776
"('amelia', 'calliope', 'gura', 'kiara', 'irys')",1934,8.739267962042478
"('amelia', 'calliope', 'gura', 'kiara', 'sana')",1324,5.982828739267962
"('amelia', 'calliope', 'gura', 'kiara', 'ceres')",2248,10.158156348847717
"('amelia', 'calliope', 'gura', 'kiara', 'ouro')",2315,10.460912788070493
"('amelia', 'calliope', 'gura', 'kiara', 'mumei')",2116,9.56168097605061
"('amelia', 'calliope', 'gura', 'kiara', 'hakos')",2508,11.333032083145051
"('amelia', 'calliope', 'inanis', 'kiara', 'irys')",1860,8.404880253050157
"('amelia', 'calliope', 'inanis', 'kiara', 'sana')",1302,5.883416177135111
"('amelia', 'calliope', 'inanis', 'kiara', 'ceres')",2194,9.91414369633981
"('amelia', 'calliope', 'inanis', 'kiara', 'ouro')",2174,9.8237686398554
"('amelia', 'calliope', 'inanis', 'kiara', 'mumei')",2004,9.055580659737911
"('amelia', 'calliope', 'inanis', 'kiara', 'hakos')",2371,10.713962946226841
"('amelia', 'calliope', 'kiara', 'irys', 'sana')",1104,4.9887031179394485
"('amelia', 'calliope', 'kiara', 'irys', 'ceres')",1768,7.989154993221871
"('amelia', 'calliope', 'kiara', 'irys', 'ouro')",1846,8.34161771351107
"('amelia', 'calliope', 'kiara', 'irys', 'mumei')",1644,7.428829643018527
"('amelia', 'calliope', 'kiara', 'irys', 'hakos')",1990,8.992318120198824
"('amelia', 'calliope', 'kiara', 'sana', 'ceres')",1245,5.625847266154541
"('amelia', 'calliope', 'kiara', 'sana', 'ouro')",1238,5.594215996384998
"('amelia', 'calliope', 'kiara', 'sana', 'mumei')",1167,5.2733845458653406
"('amelia', 'calliope', 'kiara', 'sana', 'hakos')",1362,6.154541346588341
"('amelia', 'calliope', 'kiara', 'ceres', 'ouro')",2082,9.408043380027111
"('amelia', 'calliope', 'kiara', 'ceres', 'mumei')",1937,8.752824220515137
"('amelia', 'calliope', 'kiara', 'ceres', 'hakos')",2228,10.067781292363307
"('amelia', 'calliope', 'kiara', 'ouro', 'mumei')",1962,8.86579304112065
"('amelia', 'calliope', 'kiara', 'ouro', 'hakos')",2329,10.52417532760958
"('amelia', 'calliope', 'kiara', 'mumei', 'hakos')",2110,9.534568459105287
"('amelia', 'gura', 'inanis', 'kiara', 'irys')",2117,9.56619972887483
"('amelia', 'gura', 'inanis', 'kiara', 'sana')",1466,6.6244916403072756
"('amelia', 'gura', 'inanis', 'kiara', 'ceres')",2593,11.717126073203795
"('amelia', 'gura', 'inanis', 'kiara', 'ouro')",2511,11.346588341617714
"('amelia', 'gura', 'inanis', 'kiara', 'mumei')",2408,10.881156800723
"('amelia', 'gura', 'inanis', 'kiara', 'hakos')",2723,12.304563940352462
"('amelia', 'gura', 'kiara', 'irys', 'sana')",1221,5.517397198373248
"('amelia', 'gura', 'kiara', 'irys', 'ceres')",2048,9.254405784003614
"('amelia', 'gura', 'kiara', 'irys', 'ouro')",2113,9.548124717577949
"('amelia', 'gura', 'kiara', 'irys', 'mumei')",1932,8.730230456394034
"('amelia', 'gura', 'kiara', 'irys', 'hakos')",2264,10.230456394035246
"('amelia', 'gura', 'kiara', 'sana', 'ceres')",1415,6.394035246272028
"('amelia', 'gura', 'kiara', 'sana', 'ouro')",1380,6.2358788974243105
"('amelia', 'gura', 'kiara', 'sana', 'mumei')",1322,5.9737912336195205
"('amelia', 'gura', 'kiara', 'sana', 'hakos')",1507,6.809760506100317
"('amelia', 'gura', 'kiara', 'ceres', 'ouro')",2451,11.075463172164483
"('amelia', 'gura', 'kiara', 'ceres', 'mumei')",2323,10.497062810664257
"('amelia', 'gura', 'kiara', 'ceres', 'hakos')",2575,11.635788522367827
"('amelia', 'gura', 'kiara', 'ouro', 'mumei')",2327,10.515137821961138
"('amelia', 'gura', 'kiara', 'ouro', 'hakos')",2697,12.18707636692273
"('amelia', 'gura', 'kiara', 'mumei', 'hakos')",2507,11.328513330320831
"('amelia', 'inanis', 'kiara', 'irys', 'sana')",1192,5.386353366470854
"('amelia', 'inanis', 'kiara', 'irys', 'ceres')",1967,8.888386805241753
"('amelia', 'inanis', 'kiara', 'irys', 'ouro')",1925,8.698599186624492
"('amelia', 'inanis', 'kiara', 'irys', 'mumei')",1806,8.16086760054225
"('amelia', 'inanis', 'kiara', 'irys', 'hakos')",2107,9.521012200632626
"('amelia', 'inanis', 'kiara', 'sana', 'ceres')",1392,6.290103931314957
"('amelia', 'inanis', 'kiara', 'sana', 'ouro')",1309,5.915047446904655
"('amelia', 'inanis', 'kiara', 'sana', 'mumei')",1282,5.793041120650701
"('amelia', 'inanis', 'kiara', 'sana', 'hakos')",1444,6.525079078174424
"('amelia', 'inanis', 'kiara', 'ceres', 'ouro')",2294,10.366018978761863
"('amelia', 'inanis', 'kiara', 'ceres', 'mumei')",2229,10.072300045187529
"('amelia', 'inanis', 'kiara', 'ceres', 'hakos')",2451,11.075463172164483
"('amelia', 'inanis', 'kiara', 'ouro', 'mumei')",2127,9.611387257117036
"('amelia', 'inanis', 'kiara', 'ouro', 'hakos')",2424,10.953456845910528
"('amelia', 'inanis', 'kiara', 'mumei', 'hakos')",2329,10.52417532760958
"('amelia', 'kiara', 'irys', 'sana', 'ceres')",1161,5.246272028920018
"('amelia', 'kiara', 'irys', 'sana', 'ouro')",1161,5.246272028920018
"('amelia', 'kiara', 'irys', 'sana', 'mumei')",1100,4.970628106642567
"('amelia', 'kiara', 'irys', 'sana', 'hakos')",1263,5.707184816990511
"('amelia', 'kiara', 'irys', 'ceres', 'ouro')",1939,8.761861726163579
"('amelia', 'kiara', 'irys', 'ceres', 'mumei')",1805,8.15634884771803
"('amelia', 'kiara', 'irys', 'ceres', 'hakos')",2066,9.335743334839584
"('amelia', 'kiara', 'irys', 'ouro', 'mumei')",1814,8.197017623136015
"('amelia', 'kiara', 'irys', 'ouro', 'hakos')",2136,9.65205603253502
"('amelia', 'kiara', 'irys', 'mumei', 'hakos')",1945,8.788974243108902
"('amelia', 'kiara', 'sana', 'ceres', 'ouro')",1304,5.892453682783551
"('amelia', 'kiara', 'sana', 'ceres', 'mumei')",1277,5.770447356529598
"('amelia', 'kiara', 'sana', 'ceres', 'hakos')",1410,6.371441482150926
"('amelia', 'kiara', 'sana', 'ouro', 'mumei')",1230,5.5580659737912335
"('amelia', 'kiara', 'sana', 'ouro', 'hakos')",1409,6.366922729326705
"('amelia', 'kiara', 'sana', 'mumei', 'hakos')",1346,6.082241301400813
"('amelia', 'kiara', 'ceres', 'ouro', 'mumei')",2127,9.611387257117036
"('amelia', 'kiara', 'ceres', 'ouro', 'hakos')",2379,10.750112968820606
"('amelia', 'kiara', 'ceres', 'mumei', 'hakos')",2269,10.253050158156348
"('amelia', 'kiara', 'ouro', 'mumei', 'hakos')",2309,10.43380027112517
"('calliope', 'gura', 'inanis', 'kiara', 'irys')",1846,8.34161771351107
"('calliope', 'gura', 'inanis', 'kiara', 'sana')",1290,5.829191143244464
"('calliope', 'gura', 'inanis', 'kiara', 'ceres')",2218,10.022593764121103
"('calliope', 'gura', 'inanis', 'kiara', 'ouro')",2191,9.900587437867149
"('calliope', 'gura', 'inanis', 'kiara', 'mumei')",2058,9.29959331224582
"('calliope', 'gura', 'inanis', 'kiara', 'hakos')",2380,10.754631721644827
"('calliope', 'gura', 'kiara', 'irys', 'sana')",1094,4.943515589697244
"('calliope', 'gura', 'kiara', 'irys', 'ceres')",1784,8.061455038409399
"('calliope', 'gura', 'kiara', 'irys', 'ouro')",1844,8.33258020786263
"('calliope', 'gura', 'kiara', 'irys', 'mumei')",1666,7.528242205151378
"('calliope', 'gura', 'kiara', 'irys', 'hakos')",1992,9.001355625847268
"('calliope', 'gura', 'kiara', 'sana', 'ceres')",1247,5.634884771802982
"('calliope', 'gura', 'kiara', 'sana', 'ouro')",1233,5.571622232263895
"('calliope', 'gura', 'kiara', 'sana', 'mumei')",1163,5.255309534568459
"('calliope', 'gura', 'kiara', 'sana', 'hakos')",1362,6.154541346588341
"('calliope', 'gura', 'kiara', 'ceres', 'ouro')",2110,9.534568459105287
"('calliope', 'gura', 'kiara', 'ceres', 'mumei')",1995,9.014911884319927
"('calliope', 'gura', 'kiara', 'ceres', 'hakos')",2251,10.17171260732038
"('calliope', 'gura', 'kiara', 'ouro', 'mumei')",2014,9.100768187980117
"('calliope', 'gura', 'kiara', 'ouro', 'hakos')",2373,10.723000451875283
"('calliope', 'gura', 'kiara', 'mumei', 'hakos')",2164,9.778581111613196
"('calliope', 'inanis', 'kiara', 'irys', 'sana')",1087,4.9118843199277
"('calliope', 'inanis', 'kiara', 'irys', 'ceres')",1770,7.998192498870312
"('calliope', 'inanis', 'kiara', 'irys', 'ouro')",1745,7.8852236782648
"('calliope', 'inanis', 'kiara', 'irys', 'mumei')",1594,7.202892001807501
"('calliope', 'inanis', 'kiara', 'irys', 'hakos')",1909,8.626299141436963
"('calliope', 'inanis', 'kiara', 'sana', 'ceres')",1246,5.630366018978762
"('calliope', 'inanis', 'kiara', 'sana', 'ouro')",1201,5.427022141888839
"('calliope', 'inanis', 'kiara', 'sana', 'mumei')",1145,5.17397198373249
"('calliope', 'inanis', 'kiara', 'sana', 'hakos')",1335,6.032535020334388
"('calliope', 'inanis', 'kiara', 'ceres', 'ouro')",2048,9.254405784003614
"('calliope', 'inanis', 'kiara', 'ceres', 'mumei')",1961,8.86127428829643
"('calliope', 'inanis', 'kiara', 'ceres', 'hakos')",2204,9.959331224582016
"('calliope', 'inanis', 'kiara', 'ouro', 'mumei')",1884,8.513330320831452
"('calliope', 'inanis', 'kiara', 'ouro', 'hakos')",2196,9.923181201988251
"('calliope', 'inanis', 'kiara', 'mumei', 'hakos')",2060,9.308630817894262
"('calliope', 'kiara', 'irys', 'sana', 'ceres')",1054,4.762765476728423
"('calliope', 'kiara', 'irys', 'sana', 'ouro')",1071,4.839584274740172
"('calliope', 'kiara', 'irys', 'sana', 'mumei')",986,4.455490284681428
"('calliope', 'kiara', 'irys', 'sana', 'hakos')",1180,5.332128332580208
"('calliope', 'kiara', 'irys', 'ceres', 'ouro')",1724,7.790329868956168
"('calliope', 'kiara', 'irys', 'ceres', 'mumei')",1590,7.184816990510619
"('calliope', 'kiara', 'irys', 'ceres', 'hakos')",1865,8.42747401717126
"('calliope', 'kiara', 'irys', 'ouro', 'mumei')",1599,7.225485765928603
"('calliope', 'kiara', 'irys', 'ouro', 'hakos')",1935,8.743786714866697
"('calliope', 'kiara', 'irys', 'mumei', 'hakos')",1722,7.7812923633077276
"('calliope', 'kiara', 'sana', 'ceres', 'ouro')",1189,5.372797107998192
"('calliope', 'kiara', 'sana', 'ceres', 'mumei')",1148,5.187528242205151
"('calliope', 'kiara', 'sana', 'ceres', 'hakos')",1298,5.865341165838229
"('calliope', 'kiara', 'sana', 'ouro', 'mumei')",1115,5.038409399005874
"('calliope', 'kiara', 'sana', 'ouro', 'hakos')",1324,5.982828739267962
"('calliope', 'kiara', 'sana', 'mumei', 'hakos')",1212,5.476728422955264
"('calliope', 'kiara', 'ceres', 'ouro', 'mumei')",1872,8.459105286940805
"('calliope', 'kiara', 'ceres', 'ouro', 'hakos')",2140,9.670131043831901
"('calliope', 'kiara', 'ceres', 'mumei', 'hakos')",2015,9.105286940804339
"('calliope', 'kiara', 'ouro', 'mumei', 'hakos')",2054,9.281518300948937
"('gura', 'inanis', 'kiara', 'irys', 'sana')",1193,5.390872119295074
"('gura', 'inanis', 'kiara', 'irys', 'ceres')",2013,9.096249435155897
"('gura', 'inanis', 'kiara', 'irys', 'ouro')",1977,8.933574333483959
"('gura', 'inanis', 'kiara', 'irys', 'mumei')",1850,8.359692724807953
"('gura', 'inanis', 'kiara', 'irys', 'hakos')",2150,9.715318572074109
"('gura', 'inanis', 'kiara', 'sana', 'ceres')",1401,6.330772706732941
"('gura', 'inanis', 'kiara', 'sana', 'ouro')",1335,6.032535020334388
"('gura', 'inanis', 'kiara', 'sana', 'mumei')",1297,5.860822413014008
"('gura', 'inanis', 'kiara', 'sana', 'hakos')",1460,6.597379123361952
"('gura', 'inanis', 'kiara', 'ceres', 'ouro')",2375,10.732037957523724
"('gura', 'inanis', 'kiara', 'ceres', 'mumei')",2310,10.43831902394939
"('gura', 'inanis', 'kiara', 'ceres', 'hakos')",2519,11.382738364211479
"('gura', 'inanis', 'kiara', 'ouro', 'mumei')",2204,9.959331224582016
"('gura', 'inanis', 'kiara', 'ouro', 'hakos')",2513,11.355625847266154
"('gura', 'inanis', 'kiara', 'mumei', 'hakos')",2403,10.858563036601899
"('gura', 'kiara', 'irys', 'sana', 'ceres')",1169,5.282422051513782
"('gura', 'kiara', 'irys', 'sana', 'ouro')",1169,5.282422051513782
"('gura', 'kiara', 'irys', 'sana', 'mumei')",1102,4.979665612291008
"('gura', 'kiara', 'irys', 'sana', 'hakos')",1271,5.743334839584275
"('gura', 'kiara', 'irys', 'ceres', 'ouro')",1992,9.001355625847268
"('gura', 'kiara', 'irys', 'ceres', 'mumei')",1868,8.441030275643921
"('gura', 'kiara', 'irys', 'ceres', 'hakos')",2115,9.55716222322639
"('gura', 'kiara', 'irys', 'ouro', 'mumei')",1858,8.395842747401717
"('gura', 'kiara', 'irys', 'ouro', 'hakos')",2173,9.81924988703118
"('gura', 'kiara', 'irys', 'mumei', 'hakos')",1992,9.001355625847268
"('gura', 'kiara', 'sana', 'ceres', 'ouro')",1331,6.0144600090375056
"('gura', 'kiara', 'sana', 'ceres', 'mumei')",1289,5.824672390420244
"('gura', 'kiara', 'sana', 'ceres', 'hakos')",1437,6.49344780840488
"('gura', 'kiara', 'sana', 'ouro', 'mumei')",1254,5.6665160415725255
"('gura', 'kiara', 'sana', 'ouro', 'hakos')",1450,6.552191595119747
"('gura', 'kiara', 'sana', 'mumei', 'hakos')",1357,6.131947582467239
"('gura', 'kiara', 'ceres', 'ouro', 'mumei')",2237,10.108450067781293
"('gura', 'kiara', 'ceres', 'ouro', 'hakos')",2507,11.328513330320831
"('gura', 'kiara', 'ceres', 'mumei', 'hakos')",2379,10.750112968820606
"('gura', 'kiara', 'ouro', 'mumei', 'hakos')",2421,10.939900587437867
"('inanis', 'kiara', 'irys', 'sana', 'ceres')",1162,5.2507907817442385
"('inanis', 'kiara', 'irys', 'sana', 'ouro')",1131,5.110709444193402
"('inanis', 'kiara', 'irys', 'sana', 'mumei')",1077,4.866696791685494
"('inanis', 'kiara', 'irys', 'sana', 'hakos')",1243,5.6168097605061
"('inanis', 'kiara', 'irys', 'ceres', 'ouro')",1889,8.535924084952553
"('inanis', 'kiara', 'irys', 'ceres', 'mumei')",1800,8.133755083596927
"('inanis', 'kiara', 'irys', 'ceres', 'hakos')",2045,9.240849525530953
"('inanis', 'kiara', 'irys', 'ouro', 'mumei')",1717,7.758698599186624
"('inanis', 'kiara', 'irys', 'ouro', 'hakos')",2005,9.060099412562133
"('inanis', 'kiara', 'irys', 'mumei', 'hakos')",1883,8.50881156800723
"('inanis', 'kiara', 'sana', 'ceres', 'ouro')",1295,5.851784907365567
"('inanis', 'kiara', 'sana', 'ceres', 'mumei')",1280,5.78400361500226
"('inanis', 'kiara', 'sana', 'ceres', 'hakos')",1412,6.380478987799368
"('inanis', 'kiara', 'sana', 'ouro', 'mumei')",1202,5.431540894713059
"('inanis', 'kiara', 'sana', 'ouro', 'hakos')",1375,6.213285133303208
"('inanis', 'kiara', 'sana', 'mumei', 'hakos')",1325,5.987347492092183
"('inanis', 'kiara', 'ceres', 'ouro', 'mumei')",2089,9.439674649796656
"('inanis', 'kiara', 'ceres', 'ouro', 'hakos')",2324,10.501581563488477
"('inanis', 'kiara', 'ceres', 'mumei', 'hakos')",2277,10.289200180750113
"('inanis', 'kiara', 'ouro', 'mumei', 'hakos')",2199,9.936737460460913
"('kiara', 'irys', 'sana', 'ceres', 'ouro')",1142,5.160415725259828
"('kiara', 'irys', 'sana', 'ceres', 'mumei')",1093,4.938996836873024
"('kiara', 'irys', 'sana', 'ceres', 'hakos')",1235,5.580659737912336
"('kiara', 'irys', 'sana', 'ouro', 'mumei')",1069,4.830546769091731
"('kiara', 'irys', 'sana', 'ouro', 'hakos')",1239,5.598734749209218
"('kiara', 'irys', 'sana', 'mumei', 'hakos')",1144,5.169453230908269
"('kiara', 'irys', 'ceres', 'ouro', 'mumei')",1783,8.056936285585179
"('kiara', 'irys', 'ceres', 'ouro', 'hakos')",2045,9.240849525530953
"('kiara', 'irys', 'ceres', 'mumei', 'hakos')",1906,8.612742882964302
"('kiara', 'irys', 'ouro', 'mumei', 'hakos')",1904,8.60370537731586
"('kiara', 'sana', 'ceres', 'ouro', 'mumei')",1223,5.52643470402169
"('kiara', 'sana', 'ceres', 'ouro', 'hakos')",1381,6.240397650248532
"('kiara', 'sana', 'ceres', 'mumei', 'hakos')",1335,6.032535020334388
"('kiara', 'sana', 'ouro', 'mumei', 'hakos')",1305,5.896972435607772
"('kiara', 'ceres', 'ouro', 'mumei', 'hakos')",2235,10.099412562132851
"('amelia', 'calliope', 'gura', 'inanis', 'kiara', 'irys')",1626,7.3474920921825575
"('amelia', 'calliope', 'gura', 'inanis', 'kiara', 'sana')",1148,5.187528242205151
"('amelia', 'calliope', 'gura', 'inanis', 'kiara', 'ceres')",1925,8.698599186624492
"('amelia', 'calliope', 'gura', 'inanis', 'kiara', 'ouro')",1914,8.648892905558066
"('amelia', 'calliope', 'gura', 'inanis', 'kiara', 'mumei')",1805,8.15634884771803
"('amelia', 'calliope', 'gura', 'inanis', 'kiara', 'hakos')",2069,9.349299593312246
"('amelia', 'calliope', 'gura', 'kiara', 'irys', 'sana')",988,4.464527790329869
"('amelia', 'calliope', 'gura', 'kiara', 'irys', 'ceres')",1573,7.1079981924988695
"('amelia', 'calliope', 'gura', 'kiara', 'irys', 'ouro')",1620,7.320379575237235
"('amelia', 'calliope', 'gura', 'kiara', 'irys', 'mumei')",1492,6.741979213737008
"('amelia', 'calliope', 'gura', 'kiara', 'irys', 'hakos')",1736,7.844554902846815
"('amelia', 'calliope', 'gura', 'kiara', 'sana', 'ceres')",1109,5.0112968820605515
"('amelia', 'calliope', 'gura', 'kiara', 'sana', 'ouro')",1099,4.966109353818346
"('amelia', 'calliope', 'gura', 'kiara', 'sana', 'mumei')",1054,4.762765476728423
"('amelia', 'calliope', 'gura', 'kiara', 'sana', 'hakos')",1202,5.431540894713059
"('amelia', 'calliope', 'gura', 'kiara', 'ceres', 'ouro')",1844,8.33258020786263
"('amelia', 'calliope', 'gura', 'kiara', 'ceres', 'mumei')",1740,7.862629914143697
"('amelia', 'calliope', 'gura', 'kiara', 'ceres', 'hakos')",1958,8.847718029823769
"('amelia', 'calliope', 'gura', 'kiara', 'ouro', 'mumei')",1763,7.966561229100769
"('amelia', 'calliope', 'gura', 'kiara', 'ouro', 'hakos')",2036,9.200180750112969
"('amelia', 'calliope', 'gura', 'kiara', 'mumei', 'hakos')",1888,8.531405332128331
"('amelia', 'calliope', 'inanis', 'kiara', 'irys', 'sana')",977,4.414821509263443
"('amelia', 'calliope', 'inanis', 'kiara', 'irys', 'ceres')",1529,6.9091730682331685
"('amelia', 'calliope', 'inanis', 'kiara', 'irys', 'ouro')",1523,6.882060551287844
"('amelia', 'calliope', 'inanis', 'kiara', 'irys', 'mumei')",1415,6.394035246272028
"('amelia', 'calliope', 'inanis', 'kiara', 'irys', 'hakos')",1658,7.492092182557614
"('amelia', 'calliope', 'inanis', 'kiara', 'sana', 'ceres')",1097,4.957071848169905
"('amelia', 'calliope', 'inanis', 'kiara', 'sana', 'ouro')",1065,4.812471757794849
"('amelia', 'calliope', 'inanis', 'kiara', 'sana', 'mumei')",1028,4.64527790329869
"('amelia', 'calliope', 'inanis', 'kiara', 'sana', 'hakos')",1171,5.291459557162223
"('amelia', 'calliope', 'inanis', 'kiara', 'ceres', 'ouro')",1778,8.034342521464076
"('amelia', 'calliope', 'inanis', 'kiara', 'ceres', 'mumei')",1695,7.659286037053774
"('amelia', 'calliope', 'inanis', 'kiara', 'ceres', 'hakos')",1902,8.59466787166742
"('amelia', 'calliope', 'inanis', 'kiara', 'ouro', 'mumei')",1657,7.487573429733393
"('amelia', 'calliope', 'inanis', 'kiara', 'ouro', 'hakos')",1907,8.617261635788523
"('amelia', 'calliope', 'inanis', 'kiara', 'mumei', 'hakos')",1795,8.111161319475825
"('amelia', 'calliope', 'kiara', 'irys', 'sana', 'ceres')",942,4.256665160415726
"('amelia', 'calliope', 'kiara', 'irys', 'sana', 'ouro')",956,4.319927699954813
"('amelia', 'calliope', 'kiara', 'irys', 'sana', 'mumei')",904,4.084952553095346
"('amelia', 'calliope', 'kiara', 'irys', 'sana', 'hakos')",1039,4.694984184365116
"('amelia', 'calliope', 'kiara', 'irys', 'ceres', 'ouro')",1508,6.814279258924537
"('amelia', 'calliope', 'kiara', 'irys', 'ceres', 'mumei')",1412,6.380478987799368
"('amelia', 'calliope', 'kiara', 'irys', 'ceres', 'hakos')",1620,7.320379575237235
"('amelia', 'calliope', 'kiara', 'irys', 'ouro', 'mumei')",1433,6.4753727971079975
"('amelia', 'calliope', 'kiara', 'irys', 'ouro', 'hakos')",1669,7.5417984636240405
"('amelia', 'calliope', 'kiara', 'irys', 'mumei', 'hakos')",1531,6.918210573881608
"('amelia', 'calliope', 'kiara', 'sana', 'ceres', 'ouro')",1050,4.744690465431541
"('amelia', 'calliope', 'kiara', 'sana', 'ceres', 'mumei')",1029,4.64979665612291
"('amelia', 'calliope', 'kiara', 'sana', 'ceres', 'hakos')",1141,5.155896972435608
"('amelia', 'calliope', 'kiara', 'sana', 'ouro', 'mumei')",1006,4.545865341165838
"('amelia', 'calliope', 'kiara', 'sana', 'ouro', 'hakos')",1150,5.196565747853592
"('amelia', 'calliope', 'kiara', 'sana', 'mumei', 'hakos')",1087,4.9118843199277
"('amelia', 'calliope', 'kiara', 'ceres', 'ouro', 'mumei')",1641,7.415273384545866
"('amelia', 'calliope', 'kiara', 'ceres', 'ouro', 'hakos')",1849,8.355173971983733
"('amelia', 'calliope', 'kiara', 'ceres', 'mumei', 'hakos')",1753,7.921373700858562
"('amelia', 'calliope', 'kiara', 'ouro', 'mumei', 'hakos')",1790,8.088567555354723
"('amelia', 'gura', 'inanis', 'kiara', 'irys', 'sana')",1069,4.830546769091731
"('amelia', 'gura', 'inanis', 'kiara', 'irys', 'ceres')",1759,7.948486217803887
"('amelia', 'gura', 'inanis', 'kiara', 'irys', 'ouro')",1723,7.785811116131948
"('amelia', 'gura', 'inanis', 'kiara', 'irys', 'mumei')",1642,7.419792137370086
"('amelia', 'gura', 'inanis', 'kiara', 'irys', 'hakos')",1860,8.404880253050157
"('amelia', 'gura', 'inanis', 'kiara', 'sana', 'ceres')",1248,5.639403524627203
"('amelia', 'gura', 'inanis', 'kiara', 'sana', 'ouro')",1181,5.336647085404429
"('amelia', 'gura', 'inanis', 'kiara', 'sana', 'mumei')",1165,5.264347040216901
"('amelia', 'gura', 'inanis', 'kiara', 'sana', 'hakos')",1288,5.820153637596023
"('amelia', 'gura', 'inanis', 'kiara', 'ceres', 'ouro')",2052,9.272480795300497
"('amelia', 'gura', 'inanis', 'kiara', 'ceres', 'mumei')",2003,9.051061906913692
"('amelia', 'gura', 'inanis', 'kiara', 'ceres', 'hakos')",2179,9.846362403976503
"('amelia', 'gura', 'inanis', 'kiara', 'ouro', 'mumei')",1927,8.707636692272933
"('amelia', 'gura', 'inanis', 'kiara', 'ouro', 'hakos')",2158,9.751468594667871
"('amelia', 'gura', 'inanis', 'kiara', 'mumei', 'hakos')",2089,9.439674649796656
"('amelia', 'gura', 'kiara', 'irys', 'sana', 'ceres')",1046,4.7266154541346594
"('amelia', 'gura', 'kiara', 'irys', 'sana', 'ouro')",1049,4.74017171260732
"('amelia', 'gura', 'kiara', 'irys', 'sana', 'mumei')",1005,4.541346588341618
"('amelia', 'gura', 'kiara', 'irys', 'sana', 'hakos')",1129,5.101671938544962
"('amelia', 'gura', 'kiara', 'irys', 'ceres', 'ouro')",1737,7.8490736556710345
"('amelia', 'gura', 'kiara', 'irys', 'ceres', 'mumei')",1640,7.410754631721645
"('amelia', 'gura', 'kiara', 'irys', 'ceres', 'hakos')",1835,8.291911432444646
"('amelia', 'gura', 'kiara', 'irys', 'ouro', 'mumei')",1642,7.419792137370086
"('amelia', 'gura', 'kiara', 'irys', 'ouro', 'hakos')",1876,8.477180298237688
"('amelia', 'gura', 'kiara', 'irys', 'mumei', 'hakos')",1748,7.89877993673746
"('amelia', 'gura', 'kiara', 'sana', 'ceres', 'ouro')",1176,5.314053321283326
"('amelia', 'gura', 'kiara', 'sana', 'ceres', 'mumei')",1154,5.214640759150475
"('amelia', 'gura', 'kiara', 'sana', 'ceres', 'hakos')",1266,5.720741075463172
"('amelia', 'gura', 'kiara', 'sana', 'ouro', 'mumei')",1124,5.0790781744238584
"('amelia', 'gura', 'kiara', 'sana', 'ouro', 'hakos')",1262,5.702666064166291
"('amelia', 'gura', 'kiara', 'sana', 'mumei', 'hakos')",1213,5.481247175779485
"('amelia', 'gura', 'kiara', 'ceres', 'ouro', 'mumei')",1922,8.68504292815183
"('amelia', 'gura', 'kiara', 'ceres', 'ouro', 'hakos')",2133,9.638499774062359
"('amelia', 'gura', 'kiara', 'ceres', 'mumei', 'hakos')",2042,9.227293267058293
"('amelia', 'gura', 'kiara', 'ouro', 'mumei', 'hakos')",2075,9.376412110257569
"('amelia', 'inanis', 'kiara', 'irys', 'sana', 'ceres')",1030,4.654315408947131
"('amelia', 'inanis', 'kiara', 'irys', 'sana', 'ouro')",1003,4.532309082693177
"('amelia', 'inanis', 'kiara', 'irys', 'sana', 'mumei')",976,4.410302756439223
"('amelia', 'inanis', 'kiara', 'irys', 'sana', 'hakos')",1097,4.957071848169905
"('amelia', 'inanis', 'kiara', 'irys', 'ceres', 'ouro')",1640,7.410754631721645
"('amelia', 'inanis', 'kiara', 'irys', 'ceres', 'mumei')",1574,7.112516945323091
"('amelia', 'inanis', 'kiara', 'irys', 'ceres', 'hakos')",1764,7.971079981924989
"('amelia', 'inanis', 'kiara', 'irys', 'ouro', 'mumei')",1521,6.873023045639403
"('amelia', 'inanis', 'kiara', 'irys', 'ouro', 'hakos')",1723,7.785811116131948
"('amelia', 'inanis', 'kiara', 'irys', 'mumei', 'hakos')",1653,7.469498418436511
"('amelia', 'inanis', 'kiara', 'sana', 'ceres', 'ouro')",1137,5.137821961138726
"('amelia', 'inanis', 'kiara', 'sana', 'ceres', 'mumei')",1134,5.124265702666064
"('amelia', 'inanis', 'kiara', 'sana', 'ceres', 'hakos')",1236,5.585178490736556
"('amelia', 'inanis', 'kiara', 'sana', 'ouro', 'mumei')",1070,4.835065521915951
"('amelia', 'inanis', 'kiara', 'sana', 'ouro', 'hakos')",1191,5.3818346136466335
"('amelia', 'inanis', 'kiara', 'sana', 'mumei', 'hakos')",1171,5.291459557162223
"('amelia', 'inanis', 'kiara', 'ceres', 'ouro', 'mumei')",1817,8.210573881608676
"('amelia', 'inanis', 'kiara', 'ceres', 'ouro', 'hakos')",1999,9.03298689561681
"('amelia', 'inanis', 'kiara', 'ceres', 'mumei', 'hakos')",1965,8.879349299593313
"('amelia', 'inanis', 'kiara', 'ouro', 'mumei', 'hakos')",1904,8.60370537731586
"('amelia', 'kiara', 'irys', 'sana', 'ceres', 'ouro')",1012,4.5729778581111615
"('amelia', 'kiara', 'irys', 'sana', 'ceres', 'mumei')",979,4.423859014911884
"('amelia', 'kiara', 'irys', 'sana', 'ceres', 'hakos')",1082,4.889290555806598
"('amelia', 'kiara', 'irys', 'sana', 'ouro', 'mumei')",967,4.369633981021239
"('amelia', 'kiara', 'irys', 'sana', 'ouro', 'hakos')",1086,4.907365567103479
"('amelia', 'kiara', 'irys', 'sana', 'mumei', 'hakos')",1034,4.672390420244012
"('amelia', 'kiara', 'irys', 'ceres', 'ouro', 'mumei')",1564,7.067329417080885
"('amelia', 'kiara', 'irys', 'ceres', 'ouro', 'hakos')",1750,7.907817442385902
"('amelia', 'kiara', 'irys', 'ceres', 'mumei', 'hakos')",1658,7.492092182557614
"('amelia', 'kiara', 'irys', 'ouro', 'mumei', 'hakos')",1663,7.514685946678716
"('amelia', 'kiara', 'sana', 'ceres', 'ouro', 'mumei')",1081,4.884771802982376
"('amelia', 'kiara', 'sana', 'ceres', 'ouro', 'hakos')",1196,5.4044283777677355
"('amelia', 'kiara', 'sana', 'ceres', 'mumei', 'hakos')",1178,5.323090826931766
"('amelia', 'kiara', 'sana', 'ouro', 'mumei', 'hakos')",1151,5.201084500677813
"('amelia', 'kiara', 'ceres', 'ouro', 'mumei', 'hakos')",1911,8.635336647085404
"('calliope', 'gura', 'inanis', 'kiara', 'irys', 'sana')",966,4.365115228197017
"('calliope', 'gura', 'inanis', 'kiara', 'irys', 'ceres')",1550,7.004066877541798
"('calliope', 'gura', 'inanis', 'kiara', 'irys', 'ouro')",1535,6.93628558517849
"('calliope', 'gura', 'inanis', 'kiara', 'irys', 'mumei')",1434,6.479891549932219
"('calliope', 'gura', 'inanis', 'kiara', 'irys', 'hakos')",1652,7.464979665612291
"('calliope', 'gura', 'inanis', 'kiara', 'sana', 'ceres')",1104,4.9887031179394485
"('calliope', 'gura', 'inanis', 'kiara', 'sana', 'ouro')",1071,4.839584274740172
"('calliope', 'gura', 'inanis', 'kiara', 'sana', 'mumei')",1036,4.681427925892454
"('calliope', 'gura', 'inanis', 'kiara', 'sana', 'hakos')",1171,5.291459557162223
"('calliope', 'gura', 'inanis', 'kiara', 'ceres', 'ouro')",1809,8.174423859014912
"('calliope', 'gura', 'inanis', 'kiara', 'ceres', 'mumei')",1740,7.862629914143697
"('calliope', 'gura', 'inanis', 'kiara', 'ceres', 'hakos')",1919,8.671486669679169
"('calliope', 'gura', 'inanis', 'kiara', 'ouro', 'mumei')",1700,7.681879801174876
"('calliope', 'gura', 'inanis', 'kiara', 'ouro', 'hakos')",1931,8.725711703569814
"('calliope', 'gura', 'inanis', 'kiara', 'mumei', 'hakos')",1832,8.278355173971983
"('calliope', 'gura', 'kiara', 'irys', 'sana', 'ceres')",944,4.265702666064166
"('calliope', 'gura', 'kiara', 'irys', 'sana', 'ouro')",951,4.29733393583371
"('calliope', 'gura', 'kiara', 'irys', 'sana', 'mumei')",904,4.084952553095346
"('calliope', 'gura', 'kiara', 'irys', 'sana', 'hakos')",1036,4.681427925892454
"('calliope', 'gura', 'kiara', 'irys', 'ceres', 'ouro')",1521,6.873023045639403
"('calliope', 'gura', 'kiara', 'irys', 'ceres', 'mumei')",1437,6.49344780840488
"('calliope', 'gura', 'kiara', 'irys', 'ceres', 'hakos')",1626,7.3474920921825575
"('calliope', 'gura', 'kiara', 'irys', 'ouro', 'mumei')",1444,6.525079078174424
"('calliope', 'gura', 'kiara', 'irys', 'ouro', 'hakos')",1673,7.559873474920923
"('calliope', 'gura', 'kiara', 'irys', 'mumei', 'hakos')",1541,6.963398102123813
"('calliope', 'gura', 'kiara', 'sana', 'ceres', 'ouro')",1055,4.767284229552644
"('calliope', 'gura', 'kiara', 'sana', 'ceres', 'mumei')",1037,4.685946678716674
"('calliope', 'gura', 'kiara', 'sana', 'ceres', 'hakos')",1150,5.196565747853592
"('calliope', 'gura', 'kiara', 'sana', 'ouro', 'mumei')",1015,4.586534116583823
"('calliope', 'gura', 'kiara', 'sana', 'ouro', 'hakos')",1160,5.241753276095797
"('calliope', 'gura', 'kiara', 'sana', 'mumei', 'hakos')",1088,4.91640307275192
"('calliope', 'gura', 'kiara', 'ceres', 'ouro', 'mumei')",1688,7.62765476728423
"('calliope', 'gura', 'kiara', 'ceres', 'ouro', 'hakos')",1883,8.50881156800723
"('calliope', 'gura', 'kiara', 'ceres', 'mumei', 'hakos')",1796,8.115680072300044
"('calliope', 'gura', 'kiara', 'ouro', 'mumei', 'hakos')",1832,8.278355173971983
"('calliope', 'inanis', 'kiara', 'irys', 'sana', 'ceres')",944,4.265702666064166
"('calliope', 'inanis', 'kiara', 'irys', 'sana', 'ouro')",932,4.21147763217352
"('calliope', 'inanis', 'kiara', 'irys', 'sana', 'mumei')",892,4.030727519204699
"('calliope', 'inanis', 'kiara', 'irys', 'sana', 'hakos')",1022,4.6181653863533665
"('calliope', 'inanis', 'kiara', 'irys', 'ceres', 'ouro')",1486,6.7148666967916855
"('calliope', 'inanis', 'kiara', 'irys', 'ceres', 'mumei')",1408,6.362403976502486
"('calliope', 'inanis', 'kiara', 'irys', 'ceres', 'hakos')",1605,7.252598282873928
"('calliope', 'inanis', 'kiara', 'irys', 'ouro', 'mumei')",1372,6.199728874830547
"('calliope', 'inanis', 'kiara', 'irys', 'ouro', 'hakos')",1582,7.148666967916855
"('calliope', 'inanis', 'kiara', 'irys', 'mumei', 'hakos')",1483,6.701310438319023
"('calliope', 'inanis', 'kiara', 'sana', 'ceres', 'ouro')",1041,4.704021690013556
"('calliope', 'inanis', 'kiara', 'sana', 'ceres', 'mumei')",1027,4.6407591504744685
"('calliope', 'inanis', 'kiara', 'sana', 'ceres', 'hakos')",1137,5.137821961138726
"('calliope', 'inanis', 'kiara', 'sana', 'ouro', 'mumei')",980,4.428377767736104
"('calliope', 'inanis', 'kiara', 'sana', 'ouro', 'hakos')",1119,5.056484410302756
"('calliope', 'inanis', 'kiara', 'sana', 'mumei', 'hakos')",1067,4.821509263443289
"('calliope', 'inanis', 'kiara', 'ceres', 'ouro', 'mumei')",1624,7.338454586534117
"('calliope', 'inanis', 'kiara', 'ceres', 'ouro', 'hakos')",1814,8.197017623136015
"('calliope', 'inanis', 'kiara', 'ceres', 'mumei', 'hakos')",1762,7.962042476276547
"('calliope', 'inanis', 'kiara', 'ouro', 'mumei', 'hakos')",1723,7.785811116131948
"('calliope', 'kiara', 'irys', 'sana', 'ceres', 'ouro')",931,4.2069588793493
"('calliope', 'kiara', 'irys', 'sana', 'ceres', 'mumei')",894,4.03976502485314
"('calliope', 'kiara', 'irys', 'sana', 'ceres', 'hakos')",1010,4.563940352462721
"('calliope', 'kiara', 'irys', 'sana', 'ouro', 'mumei')",886,4.003615002259377
"('calliope', 'kiara', 'irys', 'sana', 'ouro', 'hakos')",1021,4.613646633529147
"('calliope', 'kiara', 'irys', 'sana', 'mumei', 'hakos')",947,4.279258924536828
"('calliope', 'kiara', 'irys', 'ceres', 'ouro', 'mumei')",1381,6.240397650248532
"('calliope', 'kiara', 'irys', 'ceres', 'ouro', 'hakos')",1584,7.157704473565296
"('calliope', 'kiara', 'irys', 'ceres', 'mumei', 'hakos')",1487,6.719385449615905
"('calliope', 'kiara', 'irys', 'ouro', 'mumei', 'hakos')",1495,6.75553547220967
"('calliope', 'kiara', 'sana', 'ceres', 'ouro', 'mumei')",991,4.47808404880253
"('calliope', 'kiara', 'sana', 'ceres', 'ouro', 'hakos')",1113,5.029371893357433
"('calliope', 'kiara', 'sana', 'ceres', 'mumei', 'hakos')",1076,4.862178038861274
"('calliope', 'kiara', 'sana', 'ouro', 'mumei', 'hakos')",1057,4.776321735201085
"('calliope', 'kiara', 'ceres', 'ouro', 'mumei', 'hakos')",1710,7.727067329417081
"('gura', 'inanis', 'kiara', 'irys', 'sana', 'ceres')",1041,4.704021690013556
"('gura', 'inanis', 'kiara', 'irys', 'sana', 'ouro')",1018,4.600090375056484
"('gura', 'inanis', 'kiara', 'irys', 'sana', 'mumei')",981,4.432896520560325
"('gura', 'inanis', 'kiara', 'irys', 'sana', 'hakos')",1099,4.966109353818346
"('gura', 'inanis', 'kiara', 'irys', 'ceres', 'ouro')",1687,7.62313601446001
"('gura', 'inanis', 'kiara', 'irys', 'ceres', 'mumei')",1621,7.324898328061455
"('gura', 'inanis', 'kiara', 'irys', 'ceres', 'hakos')",1800,8.133755083596927
"('gura', 'inanis', 'kiara', 'irys', 'ouro', 'mumei')",1556,7.031179394487122
"('gura', 'inanis', 'kiara', 'irys', 'ouro', 'hakos')",1770,7.998192498870312
"('gura', 'inanis', 'kiara', 'irys', 'mumei', 'hakos')",1686,7.618617261635789
"('gura', 'inanis', 'kiara', 'sana', 'ceres', 'ouro')",1162,5.2507907817442385
"('gura', 'inanis', 'kiara', 'sana', 'ceres', 'mumei')",1155,5.219159511974695
"('gura', 'inanis', 'kiara', 'sana', 'ceres', 'hakos')",1256,5.675553547220967
"('gura', 'inanis', 'kiara', 'sana', 'ouro', 'mumei')",1096,4.952553095345684
"('gura', 'inanis', 'kiara', 'sana', 'ouro', 'hakos')",1224,5.530953456845911
"('gura', 'inanis', 'kiara', 'sana', 'mumei', 'hakos')",1189,5.372797107998192
"('gura', 'inanis', 'kiara', 'ceres', 'ouro', 'mumei')",1885,8.517849073655672
"('gura', 'inanis', 'kiara', 'ceres', 'ouro', 'hakos')",2077,9.38544961590601
"('gura', 'inanis', 'kiara', 'ceres', 'mumei', 'hakos')",2029,9.168549480343426
"('gura', 'inanis', 'kiara', 'ouro', 'mumei', 'hakos')",1973,8.915499322187076
"('gura', 'kiara', 'irys', 'sana', 'ceres', 'ouro')",1027,4.6407591504744685
"('gura', 'kiara', 'irys', 'sana', 'ceres', 'mumei')",991,4.47808404880253
"('gura', 'kiara', 'irys', 'sana', 'ceres', 'hakos')",1100,4.970628106642567
"('gura', 'kiara', 'irys', 'sana', 'ouro', 'mumei')",980,4.428377767736104
"('gura', 'kiara', 'irys', 'sana', 'ouro', 'hakos')",1100,4.970628106642567
"('gura', 'kiara', 'irys', 'sana', 'mumei', 'hakos')",1042,4.708540442837776
"('gura', 'kiara', 'irys', 'ceres', 'ouro', 'mumei')",1608,7.266154541346588
"('gura', 'kiara', 'irys', 'ceres', 'ouro', 'hakos')",1801,8.138273836421147
"('gura', 'kiara', 'irys', 'ceres', 'mumei', 'hakos')",1706,7.708992318120199
"('gura', 'kiara', 'irys', 'ouro', 'mumei', 'hakos')",1707,7.713511070944419
"('gura', 'kiara', 'sana', 'ceres', 'ouro', 'mumei')",1105,4.993221870763669
"('gura', 'kiara', 'sana', 'ceres', 'ouro', 'hakos')",1234,5.576140985088116
"('gura', 'kiara', 'sana', 'ceres', 'mumei', 'hakos')",1198,5.413465883416177
"('gura', 'kiara', 'sana', 'ouro', 'mumei', 'hakos')",1179,5.327609579755988
"('gura', 'kiara', 'ceres', 'ouro', 'mumei', 'hakos')",2005,9.060099412562133
"('inanis', 'kiara', 'irys', 'sana', 'ceres', 'ouro')",1005,4.541346588341618
"('inanis', 'kiara', 'irys', 'sana', 'ceres', 'mumei')",978,4.4193402620876645
"('inanis', 'kiara', 'irys', 'sana', 'ceres', 'hakos')",1084,4.898328061455039
"('inanis', 'kiara', 'irys', 'sana', 'ouro', 'mumei')",943,4.261183913239946
"('inanis', 'kiara', 'irys', 'sana', 'ouro', 'hakos')",1061,4.794396746497966
"('inanis', 'kiara', 'irys', 'sana', 'mumei', 'hakos')",1016,4.591052869408043
"('inanis', 'kiara', 'irys', 'ceres', 'ouro', 'mumei')",1528,6.904654315408947
"('inanis', 'kiara', 'irys', 'ceres', 'ouro', 'hakos')",1715,7.749661093538183
"('inanis', 'kiara', 'irys', 'ceres', 'mumei', 'hakos')",1659,7.4966109353818355
"('inanis', 'kiara', 'irys', 'ouro', 'mumei', 'hakos')",1588,7.175779484862178
"('inanis', 'kiara', 'sana', 'ceres', 'ouro', 'mumei')",1073,4.848621780388613
"('inanis', 'kiara', 'sana', 'ceres', 'ouro', 'hakos')",1193,5.390872119295074
"('inanis', 'kiara', 'sana', 'ceres', 'mumei', 'hakos')",1180,5.332128332580208
"('inanis', 'kiara', 'sana', 'ouro', 'mumei', 'hakos')",1127,5.092634432896521
"('inanis', 'kiara', 'ceres', 'ouro', 'mumei', 'hakos')",1888,8.531405332128331
"('kiara', 'irys', 'sana', 'ceres', 'ouro', 'mumei')",968,4.374152733845459
"('kiara', 'irys', 'sana', 'ceres', 'ouro', 'hakos')",1081,4.884771802982376
"('kiara', 'irys', 'sana', 'ceres', 'mumei', 'hakos')",1035,4.676909173068234
"('kiara', 'irys', 'sana', 'ouro', 'mumei', 'hakos')",1017,4.595571622232264
"('kiara', 'irys', 'ceres', 'ouro', 'mumei', 'hakos')",1646,7.437867148666968
"('kiara', 'sana', 'ceres', 'ouro', 'mumei', 'hakos')",1151,5.201084500677813
"('amelia', 'calliope', 'gura', 'inanis', 'kiara', 'irys', 'sana')",886,4.003615002259377
"('amelia', 'calliope', 'gura', 'inanis', 'kiara', 'irys', 'ceres')",1394,6.2991414369633985
"('amelia', 'calliope', 'gura', 'inanis', 'kiara', 'irys', 'ouro')",1382,6.244916403072752
"('amelia', 'calliope', 'gura', 'inanis', 'kiara', 'irys', 'mumei')",1308,5.910528694080433
"('amelia', 'calliope', 'gura', 'inanis', 'kiara', 'irys', 'hakos')",1485,6.710347943967465
"('amelia', 'calliope', 'gura', 'inanis', 'kiara', 'sana', 'ceres')",1000,4.518752824220515
"('amelia', 'calliope', 'gura', 'inanis', 'kiara', 'sana', 'ouro')",971,4.38770899231812
"('amelia', 'calliope', 'gura', 'inanis', 'kiara', 'sana', 'mumei')",948,4.283777677361048
"('amelia', 'calliope', 'gura', 'inanis', 'kiara', 'sana', 'hakos')",1057,4.776321735201085
"('amelia', 'calliope', 'gura', 'inanis', 'kiara', 'ceres', 'ouro')",1615,7.297785811116133
"('amelia', 'calliope', 'gura', 'inanis', 'kiara', 'ceres', 'mumei')",1556,7.031179394487122
"('amelia', 'calliope', 'gura', 'inanis', 'kiara', 'ceres', 'hakos')",1716,7.754179846362404
"('amelia', 'calliope', 'gura', 'inanis', 'kiara', 'ouro', 'mumei')",1528,6.904654315408947
"('amelia', 'calliope', 'gura', 'inanis', 'kiara', 'ouro', 'hakos')",1720,7.772254857659286
"('amelia', 'calliope', 'gura', 'inanis', 'kiara', 'mumei', 'hakos')",1643,7.424310890194306
"('amelia', 'calliope', 'gura', 'kiara', 'irys', 'sana', 'ceres')",865,3.9087211929507455
"('amelia', 'calliope', 'gura', 'kiara', 'irys', 'sana', 'ouro')",873,3.94487121554451
"('amelia', 'calliope', 'gura', 'kiara', 'irys', 'sana', 'mumei')",841,3.8002711251694534
"('amelia', 'calliope', 'gura', 'kiara', 'irys', 'sana', 'hakos')",942,4.256665160415726
"('amelia', 'calliope', 'gura', 'kiara', 'irys', 'ceres', 'ouro')",1374,6.208766380478988
"('amelia', 'calliope', 'gura', 'kiara', 'irys', 'ceres', 'mumei')",1307,5.9060099412562135
"('amelia', 'calliope', 'gura', 'kiara', 'irys', 'ceres', 'hakos')",1468,6.633529145955716
"('amelia', 'calliope', 'gura', 'kiara', 'irys', 'ouro', 'mumei')",1318,5.955716222322639
"('amelia', 'calliope', 'gura', 'kiara', 'irys', 'ouro', 'hakos')",1497,6.764572977858112
"('amelia', 'calliope', 'gura', 'kiara', 'irys', 'mumei', 'hakos')",1402,6.335291459557162
"('amelia', 'calliope', 'gura', 'kiara', 'sana', 'ceres', 'ouro')",957,4.324446452779033
"('amelia', 'calliope', 'gura', 'kiara', 'sana', 'ceres', 'mumei')",947,4.279258924536828
"('amelia', 'calliope', 'gura', 'kiara', 'sana', 'ceres', 'hakos')",1040,4.699502937189336
"('amelia', 'calliope', 'gura', 'kiara', 'sana', 'ouro', 'mumei')",932,4.21147763217352
"('amelia', 'calliope', 'gura', 'kiara', 'sana', 'ouro', 'hakos')",1041,4.704021690013556
"('amelia', 'calliope', 'gura', 'kiara', 'sana', 'mumei', 'hakos')",995,4.496159060099412
"('amelia', 'calliope', 'gura', 'kiara', 'ceres', 'ouro', 'mumei')",1508,6.814279258924537
"('amelia', 'calliope', 'gura', 'kiara', 'ceres', 'ouro', 'hakos')",1676,7.573429733393583
"('amelia', 'calliope', 'gura', 'kiara', 'ceres', 'mumei', 'hakos')",1600,7.230004518752824
"('amelia', 'calliope', 'gura', 'kiara', 'ouro', 'mumei', 'hakos')",1632,7.374604609127881
"('amelia', 'calliope', 'inanis', 'kiara', 'irys', 'sana', 'ceres')",858,3.877089923181202
"('amelia', 'calliope', 'inanis', 'kiara', 'irys', 'sana', 'ouro')",849,3.8364211477632173
"('amelia', 'calliope', 'inanis', 'kiara', 'irys', 'sana', 'mumei')",823,3.718933574333484
"('amelia', 'calliope', 'inanis', 'kiara', 'irys', 'sana', 'hakos')",927,4.188883868052418
"('amelia', 'calliope', 'inanis', 'kiara', 'irys', 'ceres', 'ouro')",1327,5.996384997740624
"('amelia', 'calliope', 'inanis', 'kiara', 'irys', 'ceres', 'mumei')",1265,5.716222322638951
"('amelia', 'calliope', 'inanis', 'kiara', 'irys', 'ceres', 'hakos')",1429,6.457297785811115
"('amelia', 'calliope', 'inanis', 'kiara', 'irys', 'ouro', 'mumei')",1245,5.625847266154541
"('amelia', 'calliope', 'inanis', 'kiara', 'irys', 'ouro', 'hakos')",1413,6.384997740623588
"('amelia', 'calliope', 'inanis', 'kiara', 'irys', 'mumei', 'hakos')",1339,6.05061003163127
"('amelia', 'calliope', 'inanis', 'kiara', 'sana', 'ceres', 'ouro')",938,4.238590149118844
"('amelia', 'calliope', 'inanis', 'kiara', 'sana', 'ceres', 'mumei')",933,4.215996384997741
"('amelia', 'calliope', 'inanis', 'kiara', 'sana', 'ceres', 'hakos')",1022,4.6181653863533665
"('amelia', 'calliope', 'inanis', 'kiara', 'sana', 'ouro', 'mumei')",895,4.044283777677362
"('amelia', 'calliope', 'inanis', 'kiara', 'sana', 'ouro', 'hakos')",1004,4.536827835517397
"('amelia', 'calliope', 'inanis', 'kiara', 'sana', 'mumei', 'hakos')",969,4.378671486669679
"('amelia', 'calliope', 'inanis', 'kiara', 'ceres', 'ouro', 'mumei')",1456,6.57930411206507
"('amelia', 'calliope', 'inanis', 'kiara', 'ceres', 'ouro', 'hakos')",1617,7.306823316764572
"('amelia', 'calliope', 'inanis', 'kiara', 'ceres', 'mumei', 'hakos')",1569,7.089923181201989
"('amelia', 'calliope', 'inanis', 'kiara', 'ouro', 'mumei', 'hakos')",1544,6.9769543605964754
"('amelia', 'calliope', 'kiara', 'irys', 'sana', 'ceres', 'ouro')",848,3.831902394938997
"('amelia', 'calliope', 'kiara', 'irys', 'sana', 'ceres', 'mumei')",822,3.7144148215092634
"('amelia', 'calliope', 'kiara', 'irys', 'sana', 'ceres', 'hakos')",912,4.121102575689109
"('amelia', 'calliope', 'kiara', 'irys', 'sana', 'ouro', 'mumei')",820,3.7053773158608223
"('amelia', 'calliope', 'kiara', 'irys', 'sana', 'ouro', 'hakos')",921,4.161771351107094
"('amelia', 'calliope', 'kiara', 'irys', 'sana', 'mumei', 'hakos')",873,3.94487121554451
"('amelia', 'calliope', 'kiara', 'irys', 'ceres', 'ouro', 'mumei')",1257,5.680072300045187
"('amelia', 'calliope', 'kiara', 'irys', 'ceres', 'ouro', 'hakos')",1415,6.394035246272028
"('amelia', 'calliope', 'kiara', 'irys', 'ceres', 'mumei', 'hakos')",1345,6.0777225485765936
"('amelia', 'calliope', 'kiara', 'irys', 'ouro', 'mumei', 'hakos')",1359,6.140985088115681
"('amelia', 'calliope', 'kiara', 'sana', 'ceres', 'ouro', 'mumei')",904,4.084952553095346
"('amelia', 'calliope', 'kiara', 'sana', 'ceres', 'ouro', 'hakos')",998,4.5097153185720735
"('amelia', 'calliope', 'kiara', 'sana', 'ceres', 'mumei', 'hakos')",976,4.410302756439223
"('amelia', 'calliope', 'kiara', 'sana', 'ouro', 'mumei', 'hakos')",961,4.342521464075915
"('amelia', 'calliope', 'kiara', 'ceres', 'ouro', 'mumei', 'hakos')",1528,6.904654315408947
"('amelia', 'gura', 'inanis', 'kiara', 'irys', 'sana', 'ceres')",946,4.274740171712607
"('amelia', 'gura', 'inanis', 'kiara', 'irys', 'sana', 'ouro')",923,4.170808856755535
"('amelia', 'gura', 'inanis', 'kiara', 'irys', 'sana', 'mumei')",904,4.084952553095346
"('amelia', 'gura', 'inanis', 'kiara', 'irys', 'sana', 'hakos')",994,4.491640307275192
"('amelia', 'gura', 'inanis', 'kiara', 'irys', 'ceres', 'ouro')",1504,6.796204247627655
"('amelia', 'gura', 'inanis', 'kiara', 'irys', 'ceres', 'mumei')",1457,6.583822864889291
"('amelia', 'gura', 'inanis', 'kiara', 'irys', 'ceres', 'hakos')",1606,7.257117035698148
"('amelia', 'gura', 'inanis', 'kiara', 'irys', 'ouro', 'mumei')",1408,6.362403976502486
"('amelia', 'gura', 'inanis', 'kiara', 'irys', 'ouro', 'hakos')",1568,7.0854044283777675
"('amelia', 'gura', 'inanis', 'kiara', 'irys', 'mumei', 'hakos')",1517,6.854948034342521
"('amelia', 'gura', 'inanis', 'kiara', 'sana', 'ceres', 'ouro')",1045,4.722096701310438
"('amelia', 'gura', 'inanis', 'kiara', 'sana', 'ceres', 'mumei')",1050,4.744690465431541
"('amelia', 'gura', 'inanis', 'kiara', 'sana', 'ceres', 'hakos')",1131,5.110709444193402
"('amelia', 'gura', 'inanis', 'kiara', 'sana', 'ouro', 'mumei')",995,4.496159060099412
"('amelia', 'gura', 'inanis', 'kiara', 'sana', 'ouro', 'hakos')",1090,4.925440578400361
"('amelia', 'gura', 'inanis', 'kiara', 'sana', 'mumei', 'hakos')",1077,4.866696791685494
"('amelia', 'gura', 'inanis', 'kiara', 'ceres', 'ouro', 'mumei')",1676,7.573429733393583
"('amelia', 'gura', 'inanis', 'kiara', 'ceres', 'ouro', 'hakos')",1829,8.264798915499322
"('amelia', 'gura', 'inanis', 'kiara', 'ceres', 'mumei', 'hakos')",1801,8.138273836421147
"('amelia', 'gura', 'inanis', 'kiara', 'ouro', 'mumei', 'hakos')",1750,7.907817442385902
"('amelia', 'gura', 'kiara', 'irys', 'sana', 'ceres', 'ouro')",933,4.215996384997741
"('amelia', 'gura', 'kiara', 'irys', 'sana', 'ceres', 'mumei')",905,4.089471305919566
"('amelia', 'gura', 'kiara', 'irys', 'sana', 'ceres', 'hakos')",991,4.47808404880253
"('amelia', 'gura', 'kiara', 'irys', 'sana', 'ouro', 'mumei')",899,4.062358788974243
"('amelia', 'gura', 'kiara', 'irys', 'sana', 'ouro', 'hakos')",991,4.47808404880253
"('amelia', 'gura', 'kiara', 'irys', 'sana', 'mumei', 'hakos')",955,4.315408947130591
"('amelia', 'gura', 'kiara', 'irys', 'ceres', 'ouro', 'mumei')",1440,6.507004066877542
"('amelia', 'gura', 'kiara', 'irys', 'ceres', 'ouro', 'hakos')",1596,7.211929507455943
"('amelia', 'gura', 'kiara', 'irys', 'ceres', 'mumei', 'hakos')",1524,6.8865793041120655
"('amelia', 'gura', 'kiara', 'irys', 'ouro', 'mumei', 'hakos')",1521,6.873023045639403
"('amelia', 'gura', 'kiara', 'sana', 'ceres', 'ouro', 'mumei')",999,4.514234071396295
"('amelia', 'gura', 'kiara', 'sana', 'ceres', 'ouro', 'hakos')",1098,4.961590600994126
"('amelia', 'gura', 'kiara', 'sana', 'ceres', 'mumei', 'hakos')",1081,4.884771802982376
"('amelia', 'gura', 'kiara', 'sana', 'ouro', 'mumei', 'hakos')",1062,4.798915499322187
"('amelia', 'gura', 'kiara', 'ceres', 'ouro', 'mumei', 'hakos')",1752,7.916854948034342
"('amelia', 'inanis', 'kiara', 'irys', 'sana', 'ceres', 'ouro')",907,4.098508811568007
"('amelia', 'inanis', 'kiara', 'irys', 'sana', 'ceres', 'mumei')",888,4.012652507907818
"('amelia', 'inanis', 'kiara', 'irys', 'sana', 'ceres', 'hakos')",974,4.401265250790782
"('amelia', 'inanis', 'kiara', 'irys', 'sana', 'ouro', 'mumei')",864,3.904202440126525
"('amelia', 'inanis', 'kiara', 'irys', 'sana', 'ouro', 'hakos')",950,4.292815183009489
"('amelia', 'inanis', 'kiara', 'irys', 'sana', 'mumei', 'hakos')",929,4.197921373700859
"('amelia', 'inanis', 'kiara', 'irys', 'ceres', 'ouro', 'mumei')",1371,6.195210122006326
"('amelia', 'inanis', 'kiara', 'irys', 'ceres', 'ouro', 'hakos')",1515,6.845910528694081
"('amelia', 'inanis', 'kiara', 'irys', 'ceres', 'mumei', 'hakos')",1478,6.678716674197921
"('amelia', 'inanis', 'kiara', 'irys', 'ouro', 'mumei', 'hakos')",1424,6.434704021690013
"('amelia', 'inanis', 'kiara', 'sana', 'ceres', 'ouro', 'mumei')",968,4.374152733845459
"('amelia', 'inanis', 'kiara', 'sana', 'ceres', 'ouro', 'hakos')",1060,4.789877993673746
"('amelia', 'inanis', 'kiara', 'sana', 'ceres', 'mumei', 'hakos')",1059,4.785359240849525
"('amelia', 'inanis', 'kiara', 'sana', 'ouro', 'mumei', 'hakos')",1010,4.563940352462721
"('amelia', 'inanis', 'kiara', 'ceres', 'ouro', 'mumei', 'hakos')",1672,7.555354722096701
"('amelia', 'kiara', 'irys', 'sana', 'ceres', 'ouro', 'mumei')",878,3.9674649796656123
"('amelia', 'kiara', 'irys', 'sana', 'ceres', 'ouro', 'hakos')",966,4.365115228197017
"('amelia', 'kiara', 'irys', 'sana', 'ceres', 'mumei', 'hakos')",936,4.229552643470402
"('amelia', 'kiara', 'irys', 'sana', 'ouro', 'mumei', 'hakos')",925,4.179846362403977
"('amelia', 'kiara', 'irys', 'ceres', 'ouro', 'mumei', 'hakos')",1463,6.610935381834613
"('amelia', 'kiara', 'sana', 'ceres', 'ouro', 'mumei', 'hakos')",1028,4.64527790329869
"('calliope', 'gura', 'inanis', 'kiara', 'irys', 'sana', 'ceres')",860,3.886127428829643
"('calliope', 'gura', 'inanis', 'kiara', 'irys', 'sana', 'ouro')",850,3.840939900587438
"('calliope', 'gura', 'inanis', 'kiara', 'irys', 'sana', 'mumei')",826,3.7324898328061455
"('calliope', 'gura', 'inanis', 'kiara', 'irys', 'sana', 'hakos')",920,4.1572525982828745
"('calliope', 'gura', 'inanis', 'kiara', 'irys', 'ceres', 'ouro')",1346,6.082241301400813
"('calliope', 'gura', 'inanis', 'kiara', 'irys', 'ceres', 'mumei')",1290,5.829191143244464
"('calliope', 'gura', 'inanis', 'kiara', 'irys', 'ceres', 'hakos')",1435,6.48441030275644
"('calliope', 'gura', 'inanis', 'kiara', 'irys', 'ouro', 'mumei')",1263,5.707184816990511
"('calliope', 'gura', 'inanis', 'kiara', 'irys', 'ouro', 'hakos')",1421,6.421147763217353
"('calliope', 'gura', 'inanis', 'kiara', 'irys', 'mumei', 'hakos')",1349,6.095797559873475
"('calliope', 'gura', 'inanis', 'kiara', 'sana', 'ceres', 'ouro')",949,4.2882964301852695
"('calliope', 'gura', 'inanis', 'kiara', 'sana', 'ceres', 'mumei')",947,4.279258924536828
"('calliope', 'gura', 'inanis', 'kiara', 'sana', 'ceres', 'hakos')",1029,4.64979665612291
"('calliope', 'gura', 'inanis', 'kiara', 'sana', 'ouro', 'mumei')",911,4.116583822864889
"('calliope', 'gura', 'inanis', 'kiara', 'sana', 'ouro', 'hakos')",1015,4.586534116583823
"('calliope', 'gura', 'inanis', 'kiara', 'sana', 'mumei', 'hakos')",976,4.410302756439223
"('calliope', 'gura', 'inanis', 'kiara', 'ceres', 'ouro', 'mumei')",1495,6.75553547220967
"('calliope', 'gura', 'inanis', 'kiara', 'ceres', 'ouro', 'hakos')",1643,7.424310890194306
"('calliope', 'gura', 'inanis', 'kiara', 'ceres', 'mumei', 'hakos')",1601,7.2345232715770456
"('calliope', 'gura', 'inanis', 'kiara', 'ouro', 'mumei', 'hakos')",1578,7.130591956619973
"('calliope', 'gura', 'kiara', 'irys', 'sana', 'ceres', 'ouro')",849,3.8364211477632173
"('calliope', 'gura', 'kiara', 'irys', 'sana', 'ceres', 'mumei')",827,3.737008585630366
"('calliope', 'gura', 'kiara', 'irys', 'sana', 'ceres', 'hakos')",915,4.134658834161772
"('calliope', 'gura', 'kiara', 'irys', 'sana', 'ouro', 'mumei')",824,3.7234523271577045
"('calliope', 'gura', 'kiara', 'irys', 'sana', 'ouro', 'hakos')",920,4.1572525982828745
"('calliope', 'gura', 'kiara', 'irys', 'sana', 'mumei', 'hakos')",875,3.953908721192951
"('calliope', 'gura', 'kiara', 'irys', 'ceres', 'ouro', 'mumei')",1272,5.747853592408495
"('calliope', 'gura', 'kiara', 'irys', 'ceres', 'ouro', 'hakos')",1423,6.430185268865793
"('calliope', 'gura', 'kiara', 'irys', 'ceres', 'mumei', 'hakos')",1356,6.127428829643018
"('calliope', 'gura', 'kiara', 'irys', 'ouro', 'mumei', 'hakos')",1367,6.177135110709444
"('calliope', 'gura', 'kiara', 'sana', 'ceres', 'ouro', 'mumei')",915,4.134658834161772
"('calliope', 'gura', 'kiara', 'sana', 'ceres', 'ouro', 'hakos')",1008,4.554902846814279
"('calliope', 'gura', 'kiara', 'sana', 'ceres', 'mumei', 'hakos')",985,4.450971531857208
"('calliope', 'gura', 'kiara', 'sana', 'ouro', 'mumei', 'hakos')",972,4.392227745142341
"('calliope', 'gura', 'kiara', 'ceres', 'ouro', 'mumei', 'hakos')",1565,7.071848169905107
"('calliope', 'inanis', 'kiara', 'irys', 'sana', 'ceres', 'ouro')",840,3.7957523723452327
"('calliope', 'inanis', 'kiara', 'irys', 'sana', 'ceres', 'mumei')",822,3.7144148215092634
"('calliope', 'inanis', 'kiara', 'irys', 'sana', 'ceres', 'hakos')",909,4.107546317216448
"('calliope', 'inanis', 'kiara', 'irys', 'sana', 'ouro', 'mumei')",804,3.633077270673294
"('calliope', 'inanis', 'kiara', 'irys', 'sana', 'ouro', 'hakos')",897,4.053321283325802
"('calliope', 'inanis', 'kiara', 'irys', 'sana', 'mumei', 'hakos')",860,3.886127428829643
"('calliope', 'inanis', 'kiara', 'irys', 'ceres', 'ouro', 'mumei')",1236,5.585178490736556
"('calliope', 'inanis', 'kiara', 'irys', 'ceres', 'ouro', 'hakos')",1387,6.267510167193854
"('calliope', 'inanis', 'kiara', 'irys', 'ceres', 'mumei', 'hakos')",1339,6.05061003163127
"('calliope', 'inanis', 'kiara', 'irys', 'ouro', 'mumei', 'hakos')",1303,5.887934929959331
"('calliope', 'inanis', 'kiara', 'sana', 'ceres', 'ouro', 'mumei')",894,4.03976502485314
"('calliope', 'inanis', 'kiara', 'sana', 'ceres', 'ouro', 'hakos')",989,4.469046543154089
"('calliope', 'inanis', 'kiara', 'sana', 'ceres', 'mumei', 'hakos')",974,4.401265250790782
"('calliope', 'inanis', 'kiara', 'sana', 'ouro', 'mumei', 'hakos')",938,4.238590149118844
"('calliope', 'inanis', 'kiara', 'ceres', 'ouro', 'mumei', 'hakos')",1517,6.854948034342521
"('calliope', 'kiara', 'irys', 'sana', 'ceres', 'ouro', 'mumei')",813,3.6737460460912787
"('calliope', 'kiara', 'irys', 'sana', 'ceres', 'ouro', 'hakos')",905,4.089471305919566
"('calliope', 'kiara', 'irys', 'sana', 'ceres', 'mumei', 'hakos')",871,3.9358337098960687
"('calliope', 'kiara', 'irys', 'sana', 'ouro', 'mumei', 'hakos')",862,3.895164934478084
"('calliope', 'kiara', 'irys', 'ceres', 'ouro', 'mumei', 'hakos')",1316,5.946678716674199
"('calliope', 'kiara', 'sana', 'ceres', 'ouro', 'mumei', 'hakos')",953,4.306371441482151
"('gura', 'inanis', 'kiara', 'irys', 'sana', 'ceres', 'ouro')",920,4.1572525982828745
"('gura', 'inanis', 'kiara', 'irys', 'sana', 'ceres', 'mumei')",902,4.075915047446905
"('gura', 'inanis', 'kiara', 'irys', 'sana', 'ceres', 'hakos')",983,4.4419340262087665
"('gura', 'inanis', 'kiara', 'irys', 'sana', 'ouro', 'mumei')",876,3.958427474017171
"('gura', 'inanis', 'kiara', 'irys', 'sana', 'ouro', 'hakos')",963,4.351558969724357
"('gura', 'inanis', 'kiara', 'irys', 'sana', 'mumei', 'hakos')",933,4.215996384997741
"('gura', 'inanis', 'kiara', 'irys', 'ceres', 'ouro', 'mumei')",1408,6.362403976502486
"('gura', 'inanis', 'kiara', 'irys', 'ceres', 'ouro', 'hakos')",1556,7.031179394487122
"('gura', 'inanis', 'kiara', 'irys', 'ceres', 'mumei', 'hakos')",1510,6.8233167645729775
"('gura', 'inanis', 'kiara', 'irys', 'ouro', 'mumei', 'hakos')",1456,6.57930411206507
"('gura', 'inanis', 'kiara', 'sana', 'ceres', 'ouro', 'mumei')",991,4.47808404880253
"('gura', 'inanis', 'kiara', 'sana', 'ceres', 'ouro', 'hakos')",1086,4.907365567103479
"('gura', 'inanis', 'kiara', 'sana', 'ceres', 'mumei', 'hakos')",1079,4.875734297333936
"('gura', 'inanis', 'kiara', 'sana', 'ouro', 'mumei', 'hakos')",1036,4.681427925892454
"('gura', 'inanis', 'kiara', 'ceres', 'ouro', 'mumei', 'hakos')",1728,7.80840488025305
"('gura', 'kiara', 'irys', 'sana', 'ceres', 'ouro', 'mumei')",895,4.044283777677362
"('gura', 'kiara', 'irys', 'sana', 'ceres', 'ouro', 'hakos')",986,4.455490284681428
"('gura', 'kiara', 'irys', 'sana', 'ceres', 'mumei', 'hakos')",953,4.306371441482151
"('gura', 'kiara', 'irys', 'sana', 'ouro', 'mumei', 'hakos')",943,4.261183913239946
"('gura', 'kiara', 'irys', 'ceres', 'ouro', 'mumei', 'hakos')",1505,6.800723000451875
"('gura', 'kiara', 'sana', 'ceres', 'ouro', 'mumei', 'hakos')",1055,4.767284229552644
"('inanis', 'kiara', 'irys', 'sana', 'ceres', 'ouro', 'mumei')",871,3.9358337098960687
"('inanis', 'kiara', 'irys', 'sana', 'ceres', 'ouro', 'hakos')",960,4.338002711251695
"('inanis', 'kiara', 'irys', 'sana', 'ceres', 'mumei', 'hakos')",937,4.234071396294622
"('inanis', 'kiara', 'irys', 'sana', 'ouro', 'mumei', 'hakos')",905,4.089471305919566
"('inanis', 'kiara', 'irys', 'ceres', 'ouro', 'mumei', 'hakos')",1444,6.525079078174424
"('inanis', 'kiara', 'sana', 'ceres', 'ouro', 'mumei', 'hakos')",1024,4.627202892001807
"('kiara', 'irys', 'sana', 'ceres', 'ouro', 'mumei', 'hakos')",934,4.220515137821961
"('amelia', 'calliope', 'gura', 'inanis', 'kiara', 'irys', 'sana', 'ceres')",795,3.5924084952553095
"('amelia', 'calliope', 'gura', 'inanis', 'kiara', 'irys', 'sana', 'ouro')",786,3.551739719837325
"('amelia', 'calliope', 'gura', 'inanis', 'kiara', 'irys', 'sana', 'mumei')",771,3.4839584274740174
"('amelia', 'calliope', 'gura', 'inanis', 'kiara', 'irys', 'sana', 'hakos')",847,3.827383642114776
"('amelia', 'calliope', 'gura', 'inanis', 'kiara', 'irys', 'ceres', 'ouro')",1229,5.553547220967013
"('amelia', 'calliope', 'gura', 'inanis', 'kiara', 'irys', 'ceres', 'mumei')",1186,5.359240849525531
"('amelia', 'calliope', 'gura', 'inanis', 'kiara', 'irys', 'ceres', 'hakos')",1315,5.942159963849977
"('amelia', 'calliope', 'gura', 'inanis', 'kiara', 'irys', 'ouro', 'mumei')",1165,5.264347040216901
"('amelia', 'calliope', 'gura', 'inanis', 'kiara', 'irys', 'ouro', 'hakos')",1297,5.860822413014008
"('amelia', 'calliope', 'gura', 'inanis', 'kiara', 'irys', 'mumei', 'hakos')",1244,5.6213285133303215
"('amelia', 'calliope', 'gura', 'inanis', 'kiara', 'sana', 'ceres', 'ouro')",871,3.9358337098960687
"('amelia', 'calliope', 'gura', 'inanis', 'kiara', 'sana', 'ceres', 'mumei')",873,3.94487121554451
"('amelia', 'calliope', 'gura', 'inanis', 'kiara', 'sana', 'ceres', 'hakos')",944,4.265702666064166
"('amelia', 'calliope', 'gura', 'inanis', 'kiara', 'sana', 'ouro', 'mumei')",843,3.8093086308178945
"('amelia', 'calliope', 'gura', 'inanis', 'kiara', 'sana', 'ouro', 'hakos')",925,4.179846362403977
"('amelia', 'calliope', 'gura', 'inanis', 'kiara', 'sana', 'mumei', 'hakos')",900,4.066877541798464
"('amelia', 'calliope', 'gura', 'inanis', 'kiara', 'ceres', 'ouro', 'mumei')",1360,6.1455038409399005
"('amelia', 'calliope', 'gura', 'inanis', 'kiara', 'ceres', 'ouro', 'hakos')",1490,6.732941708088568
"('amelia', 'calliope', 'gura', 'inanis', 'kiara', 'ceres', 'mumei', 'hakos')",1455,6.574785359240849
"('amelia', 'calliope', 'gura', 'inanis', 'kiara', 'ouro', 'mumei', 'hakos')",1435,6.48441030275644
"('amelia', 'calliope', 'gura', 'kiara', 'irys', 'sana', 'ceres', 'ouro')",786,3.551739719837325
"('amelia', 'calliope', 'gura', 'kiara', 'irys', 'sana', 'ceres', 'mumei')",770,3.4794396746497966
"('amelia', 'calliope', 'gura', 'kiara', 'irys', 'sana', 'ceres', 'hakos')",844,3.813827383642115
"('amelia', 'calliope', 'gura', 'kiara', 'irys', 'sana', 'ouro', 'mumei')",769,3.4749209218255763
"('amelia', 'calliope', 'gura', 'kiara', 'irys', 'sana', 'ouro', 'hakos')",847,3.827383642114776
"('amelia', 'calliope', 'gura', 'kiara', 'irys', 'sana', 'mumei', 'hakos')",816,3.6873023045639406
"('amelia', 'calliope', 'gura', 'kiara', 'irys', 'ceres', 'ouro', 'mumei')",1173,5.300497062810664
"('amelia', 'calliope', 'gura', 'kiara', 'irys', 'ceres', 'ouro', 'hakos')",1304,5.892453682783551
"('amelia', 'calliope', 'gura', 'kiara', 'irys', 'ceres', 'mumei', 'hakos')",1251,5.652959783099865
"('amelia', 'calliope', 'gura', 'kiara', 'irys', 'ouro', 'mumei', 'hakos')",1258,5.684591052869408
"('amelia', 'calliope', 'gura', 'kiara', 'sana', 'ceres', 'ouro', 'mumei')",845,3.818346136466335
"('amelia', 'calliope', 'gura', 'kiara', 'sana', 'ceres', 'ouro', 'hakos')",921,4.161771351107094
"('amelia', 'calliope', 'gura', 'kiara', 'sana', 'ceres', 'mumei', 'hakos')",907,4.098508811568007
"('amelia', 'calliope', 'gura', 'kiara', 'sana', 'ouro', 'mumei', 'hakos')",897,4.053321283325802
"('amelia', 'calliope', 'gura', 'kiara', 'ceres', 'ouro', 'mumei', 'hakos')",1417,6.403072751920471
"('amelia', 'calliope', 'inanis', 'kiara', 'irys', 'sana', 'ceres', 'ouro')",773,3.492995933122458
"('amelia', 'calliope', 'inanis', 'kiara', 'irys', 'sana', 'ceres', 'mumei')",760,3.4342521464075917
"('amelia', 'calliope', 'inanis', 'kiara', 'irys', 'sana', 'ceres', 'hakos')",835,3.77315860822413
"('amelia', 'calliope', 'inanis', 'kiara', 'irys', 'sana', 'ouro', 'mumei')",747,3.375508359692725
"('amelia', 'calliope', 'inanis', 'kiara', 'irys', 'sana', 'ouro', 'hakos')",824,3.7234523271577045
"('amelia', 'calliope', 'inanis', 'kiara', 'irys', 'sana', 'mumei', 'hakos')",798,3.6059647537279713
"('amelia', 'calliope', 'inanis', 'kiara', 'irys', 'ceres', 'ouro', 'mumei')",1132,5.115228197017623
"('amelia', 'calliope', 'inanis', 'kiara', 'irys', 'ceres', 'ouro', 'hakos')",1262,5.702666064166291
"('amelia', 'calliope', 'inanis', 'kiara', 'irys', 'ceres', 'mumei', 'hakos')",1222,5.521915951197469
"('amelia', 'calliope', 'inanis', 'kiara', 'irys', 'ouro', 'mumei', 'hakos')",1196,5.4044283777677355
"('amelia', 'calliope', 'inanis', 'kiara', 'sana', 'ceres', 'ouro', 'mumei')",823,3.718933574333484
"('amelia', 'calliope', 'inanis', 'kiara', 'sana', 'ceres', 'ouro', 'hakos')",902,4.075915047446905
"('amelia', 'calliope', 'inanis', 'kiara', 'sana', 'ceres', 'mumei', 'hakos')",893,4.03524627202892
"('amelia', 'calliope', 'inanis', 'kiara', 'sana', 'ouro', 'mumei', 'hakos')",862,3.895164934478084
"('amelia', 'calliope', 'inanis', 'kiara', 'ceres', 'ouro', 'mumei', 'hakos')",1380,6.2358788974243105
"('amelia', 'calliope', 'kiara', 'irys', 'sana', 'ceres', 'ouro', 'mumei')",754,3.4071396294622684
"('amelia', 'calliope', 'kiara', 'irys', 'sana', 'ceres', 'ouro', 'hakos')",830,3.7505648441030277
"('amelia', 'calliope', 'kiara', 'irys', 'sana', 'ceres', 'mumei', 'hakos')",805,3.637596023497515
"('amelia', 'calliope', 'kiara', 'irys', 'sana', 'ouro', 'mumei', 'hakos')",800,3.615002259376412
"('amelia', 'calliope', 'kiara', 'irys', 'ceres', 'ouro', 'mumei', 'hakos')",1211,5.472209670131043
"('amelia', 'calliope', 'kiara', 'sana', 'ceres', 'ouro', 'mumei', 'hakos')",874,3.94938996836873
"('amelia', 'gura', 'inanis', 'kiara', 'irys', 'sana', 'ceres', 'ouro')",843,3.8093086308178945
"('amelia', 'gura', 'inanis', 'kiara', 'irys', 'sana', 'ceres', 'mumei')",832,3.759602349751469
"('amelia', 'gura', 'inanis', 'kiara', 'irys', 'sana', 'ceres', 'hakos')",899,4.062358788974243
"('amelia', 'gura', 'inanis', 'kiara', 'irys', 'sana', 'ouro', 'mumei')",810,3.6601897876186174
"('amelia', 'gura', 'inanis', 'kiara', 'irys', 'sana', 'ouro', 'hakos')",876,3.958427474017171
"('amelia', 'gura', 'inanis', 'kiara', 'irys', 'sana', 'mumei', 'hakos')",864,3.904202440126525
"('amelia', 'gura', 'inanis', 'kiara', 'irys', 'ceres', 'ouro', 'mumei')",1281,5.78852236782648
"('amelia', 'gura', 'inanis', 'kiara', 'irys', 'ceres', 'ouro', 'hakos')",1403,6.3398102123813835
"('amelia', 'gura', 'inanis', 'kiara', 'irys', 'ceres', 'mumei', 'hakos')",1375,6.213285133303208
"('amelia', 'gura', 'inanis', 'kiara', 'irys', 'ouro', 'mumei', 'hakos')",1324,5.982828739267962
"('amelia', 'gura', 'inanis', 'kiara', 'sana', 'ceres', 'ouro', 'mumei')",908,4.103027564392227
"('amelia', 'gura', 'inanis', 'kiara', 'sana', 'ceres', 'ouro', 'hakos')",983,4.4419340262087665
"('amelia', 'gura', 'inanis', 'kiara', 'sana', 'ceres', 'mumei', 'hakos')",988,4.464527790329869
"('amelia', 'gura', 'inanis', 'kiara', 'sana', 'ouro', 'mumei', 'hakos')",944,4.265702666064166
"('amelia', 'gura', 'inanis', 'kiara', 'ceres', 'ouro', 'mumei', 'hakos')",1555,7.0266606416629
"('amelia', 'gura', 'kiara', 'irys', 'sana', 'ceres', 'ouro', 'mumei')",821,3.709896068685043
"('amelia', 'gura', 'kiara', 'irys', 'sana', 'ceres', 'ouro', 'hakos')",897,4.053321283325802
"('amelia', 'gura', 'kiara', 'irys', 'sana', 'ceres', 'mumei', 'hakos')",874,3.94938996836873
"('amelia', 'gura', 'kiara', 'irys', 'sana', 'ouro', 'mumei', 'hakos')",865,3.9087211929507455
"('amelia', 'gura', 'kiara', 'irys', 'ceres', 'ouro', 'mumei', 'hakos')",1357,6.131947582467239
"('amelia', 'gura', 'kiara', 'sana', 'ceres', 'ouro', 'mumei', 'hakos')",957,4.324446452779033
"('amelia', 'inanis', 'kiara', 'irys', 'sana', 'ceres', 'ouro', 'mumei')",801,3.6195210122006327
"('amelia', 'inanis', 'kiara', 'irys', 'sana', 'ceres', 'ouro', 'hakos')",873,3.94487121554451
"('amelia', 'inanis', 'kiara', 'irys', 'sana', 'ceres', 'mumei', 'hakos')",858,3.877089923181202
"('amelia', 'inanis', 'kiara', 'irys', 'sana', 'ouro', 'mumei', 'hakos')",832,3.759602349751469
"('amelia', 'inanis', 'kiara', 'irys', 'ceres', 'ouro', 'mumei', 'hakos')",1307,5.9060099412562135
"('amelia', 'inanis', 'kiara', 'sana', 'ceres', 'ouro', 'mumei', 'hakos')",929,4.197921373700859
"('amelia', 'kiara', 'irys', 'sana', 'ceres', 'ouro', 'mumei', 'hakos')",851,3.8454586534116584
"('calliope', 'gura', 'inanis', 'kiara', 'irys', 'sana', 'ceres', 'ouro')",777,3.51107094441934
"('calliope', 'gura', 'inanis', 'kiara', 'irys', 'sana', 'ceres', 'mumei')",768,3.4704021690013556
"('calliope', 'gura', 'inanis', 'kiara', 'irys', 'sana', 'ceres', 'hakos')",834,3.76863985539991
"('calliope', 'gura', 'inanis', 'kiara', 'irys', 'sana', 'ouro', 'mumei')",755,3.4116583822864888
"('calliope', 'gura', 'inanis', 'kiara', 'irys', 'sana', 'ouro', 'hakos')",825,3.7279710799819252
"('calliope', 'gura', 'inanis', 'kiara', 'irys', 'sana', 'mumei', 'hakos')",800,3.615002259376412
"('calliope', 'gura', 'inanis', 'kiara', 'irys', 'ceres', 'ouro', 'mumei')",1153,5.210122006326253
"('calliope', 'gura', 'inanis', 'kiara', 'irys', 'ceres', 'ouro', 'hakos')",1271,5.743334839584275
"('calliope', 'gura', 'inanis', 'kiara', 'irys', 'ceres', 'mumei', 'hakos')",1234,5.576140985088116
"('calliope', 'gura', 'inanis', 'kiara', 'irys', 'ouro', 'mumei', 'hakos')",1210,5.4676909173068236
"('calliope', 'gura', 'inanis', 'kiara', 'sana', 'ceres', 'ouro', 'mumei')",838,3.7867148666967916
"('calliope', 'gura', 'inanis', 'kiara', 'sana', 'ceres', 'ouro', 'hakos')",911,4.116583822864889
"('calliope', 'gura', 'inanis', 'kiara', 'sana', 'ceres', 'mumei', 'hakos')",904,4.084952553095346
"('calliope', 'gura', 'inanis', 'kiara', 'sana', 'ouro', 'mumei', 'hakos')",877,3.962946226841392
"('calliope', 'gura', 'inanis', 'kiara', 'ceres', 'ouro', 'mumei', 'hakos')",1409,6.366922729326705
"('calliope', 'gura', 'kiara', 'irys', 'sana', 'ceres', 'ouro', 'mumei')",761,3.438770899231812
"('calliope', 'gura', 'kiara', 'irys', 'sana', 'ceres', 'ouro', 'hakos')",833,3.764121102575689
"('calliope', 'gura', 'kiara', 'irys', 'sana', 'ceres', 'mumei', 'hakos')",811,3.6647085404428377
"('calliope', 'gura', 'kiara', 'irys', 'sana', 'ouro', 'mumei', 'hakos')",807,3.646633529145956
"('calliope', 'gura', 'kiara', 'irys', 'ceres', 'ouro', 'mumei', 'hakos')",1221,5.517397198373248
"('calliope', 'gura', 'kiara', 'sana', 'ceres', 'ouro', 'mumei', 'hakos')",887,4.0081337550835965
"('calliope', 'inanis', 'kiara', 'irys', 'sana', 'ceres', 'ouro', 'mumei')",748,3.380027112516945
"('calliope', 'inanis', 'kiara', 'irys', 'sana', 'ceres', 'ouro', 'hakos')",820,3.7053773158608223
"('calliope', 'inanis', 'kiara', 'irys', 'sana', 'ceres', 'mumei', 'hakos')",803,3.628558517849074
"('calliope', 'inanis', 'kiara', 'irys', 'sana', 'ouro', 'mumei', 'hakos')",784,3.5427022141888838
"('calliope', 'inanis', 'kiara', 'irys', 'ceres', 'ouro', 'mumei', 'hakos')",1193,5.390872119295074
"('calliope', 'inanis', 'kiara', 'sana', 'ceres', 'ouro', 'mumei', 'hakos')",867,3.9177586985991866
"('calliope', 'kiara', 'irys', 'sana', 'ceres', 'ouro', 'mumei', 'hakos')",800,3.615002259376412
"('gura', 'inanis', 'kiara', 'irys', 'sana', 'ceres', 'ouro', 'mumei')",815,3.68278355173972
"('gura', 'inanis', 'kiara', 'irys', 'sana', 'ceres', 'ouro', 'hakos')",885,3.999096249435156
"('gura', 'inanis', 'kiara', 'irys', 'sana', 'ceres', 'mumei', 'hakos')",870,3.9313149570718484
"('gura', 'inanis', 'kiara', 'irys', 'sana', 'ouro', 'mumei', 'hakos')",845,3.818346136466335
"('gura', 'inanis', 'kiara', 'irys', 'ceres', 'ouro', 'mumei', 'hakos')",1337,6.041572525982828
"('gura', 'inanis', 'kiara', 'sana', 'ceres', 'ouro', 'mumei', 'hakos')",951,4.29733393583371
"('gura', 'kiara', 'irys', 'sana', 'ceres', 'ouro', 'mumei', 'hakos')",872,3.940352462720289
"('inanis', 'kiara', 'irys', 'sana', 'ceres', 'ouro', 'mumei', 'hakos')",847,3.827383642114776
"('amelia', 'calliope', 'gura', 'inanis', 'kiara', 'irys', 'sana', 'ceres', 'ouro')",723,3.2670582919114324
"('amelia', 'calliope', 'gura', 'inanis', 'kiara', 'irys', 'sana', 'ceres', 'mumei')",717,3.2399457749661096
"('amelia', 'calliope', 'gura', 'inanis', 'kiara', 'irys', 'sana', 'ceres', 'hakos')",776,3.50655219159512
"('amelia', 'calliope', 'gura', 'inanis', 'kiara', 'irys', 'sana', 'ouro', 'mumei')",706,3.190239493899684
"('amelia', 'calliope', 'gura', 'inanis', 'kiara', 'irys', 'sana', 'ouro', 'hakos')",765,3.456845910528694
"('amelia', 'calliope', 'gura', 'inanis', 'kiara', 'irys', 'sana', 'mumei', 'hakos')",749,3.384545865341166
"('amelia', 'calliope', 'gura', 'inanis', 'kiara', 'irys', 'ceres', 'ouro', 'mumei')",1068,4.82602801626751
"('amelia', 'calliope', 'gura', 'inanis', 'kiara', 'irys', 'ceres', 'ouro', 'hakos')",1176,5.314053321283326
"('amelia', 'calliope', 'gura', 'inanis', 'kiara', 'irys', 'ceres', 'mumei', 'hakos')",1147,5.1830094893809315
"('amelia', 'calliope', 'gura', 'inanis', 'kiara', 'irys', 'ouro', 'mumei', 'hakos')",1123,5.074559421599639
"('amelia', 'calliope', 'gura', 'inanis', 'kiara', 'sana', 'ceres', 'ouro', 'mumei')",780,3.524627202892002
"('amelia', 'calliope', 'gura', 'inanis', 'kiara', 'sana', 'ceres', 'ouro', 'hakos')",841,3.8002711251694534
"('amelia', 'calliope', 'gura', 'inanis', 'kiara', 'sana', 'ceres', 'mumei', 'hakos')",839,3.7912336195210123
"('amelia', 'calliope', 'gura', 'inanis', 'kiara', 'sana', 'ouro', 'mumei', 'hakos')",814,3.6782647989154995
"('amelia', 'calliope', 'gura', 'inanis', 'kiara', 'ceres', 'ouro', 'mumei', 'hakos')",1295,5.851784907365567
"('amelia', 'calliope', 'gura', 'kiara', 'irys', 'sana', 'ceres', 'ouro', 'mumei')",710,3.2083145051965656
"('amelia', 'calliope', 'gura', 'kiara', 'irys', 'sana', 'ceres', 'ouro', 'hakos')",774,3.497514685946679
"('amelia', 'calliope', 'gura', 'kiara', 'irys', 'sana', 'ceres', 'mumei', 'hakos')",758,3.4252146407591506
"('amelia', 'calliope', 'gura', 'kiara', 'irys', 'sana', 'ouro', 'mumei', 'hakos')",754,3.4071396294622684
"('amelia', 'calliope', 'gura', 'kiara', 'irys', 'ceres', 'ouro', 'mumei', 'hakos')",1135,5.128784455490284
"('amelia', 'calliope', 'gura', 'kiara', 'sana', 'ceres', 'ouro', 'mumei', 'hakos')",822,3.7144148215092634
"('amelia', 'calliope', 'inanis', 'kiara', 'irys', 'sana', 'ceres', 'ouro', 'mumei')",697,3.1495707184816992
"('amelia', 'calliope', 'inanis', 'kiara', 'irys', 'sana', 'ceres', 'ouro', 'hakos')",761,3.438770899231812
"('amelia', 'calliope', 'inanis', 'kiara', 'irys', 'sana', 'ceres', 'mumei', 'hakos')",747,3.375508359692725
"('amelia', 'calliope', 'inanis', 'kiara', 'irys', 'sana', 'ouro', 'mumei', 'hakos')",731,3.3032083145051967
"('amelia', 'calliope', 'inanis', 'kiara', 'irys', 'ceres', 'ouro', 'mumei', 'hakos')",1104,4.9887031179394485
"('amelia', 'calliope', 'inanis', 'kiara', 'sana', 'ceres', 'ouro', 'mumei', 'hakos')",802,3.624039765024853
"('amelia', 'calliope', 'kiara', 'irys', 'sana', 'ceres', 'ouro', 'mumei', 'hakos')",744,3.3619521012200635
"('amelia', 'gura', 'inanis', 'kiara', 'irys', 'sana', 'ceres', 'ouro', 'mumei')",754,3.4071396294622684
"('amelia', 'gura', 'inanis', 'kiara', 'irys', 'sana', 'ceres', 'ouro', 'hakos')",813,3.6737460460912787
"('amelia', 'gura', 'inanis', 'kiara', 'irys', 'sana', 'ceres', 'mumei', 'hakos')",806,3.642114776321735
"('amelia', 'gura', 'inanis', 'kiara', 'irys', 'sana', 'ouro', 'mumei', 'hakos')",782,3.5336647085404427
"('amelia', 'gura', 'inanis', 'kiara', 'irys', 'ceres', 'ouro', 'mumei', 'hakos')",1224,5.530953456845911
"('amelia', 'gura', 'inanis', 'kiara', 'sana', 'ceres', 'ouro', 'mumei', 'hakos')",874,3.94938996836873
"('amelia', 'gura', 'kiara', 'irys', 'sana', 'ceres', 'ouro', 'mumei', 'hakos')",800,3.615002259376412
"('amelia', 'inanis', 'kiara', 'irys', 'sana', 'ceres', 'ouro', 'mumei', 'hakos')",781,3.5291459557162224
"('calliope', 'gura', 'inanis', 'kiara', 'irys', 'sana', 'ceres', 'ouro', 'mumei')",707,3.194758246723904
"('calliope', 'gura', 'inanis', 'kiara', 'irys', 'sana', 'ceres', 'ouro', 'hakos')",763,3.447808404880253
"('calliope', 'gura', 'inanis', 'kiara', 'irys', 'sana', 'ceres', 'mumei', 'hakos')",753,3.402620876638048
"('calliope', 'gura', 'inanis', 'kiara', 'irys', 'sana', 'ouro', 'mumei', 'hakos')",740,3.3438770899231813
"('calliope', 'gura', 'inanis', 'kiara', 'irys', 'ceres', 'ouro', 'mumei', 'hakos')",1117,5.047446904654315
"('calliope', 'gura', 'inanis', 'kiara', 'sana', 'ceres', 'ouro', 'mumei', 'hakos')",816,3.6873023045639406
"('calliope', 'gura', 'kiara', 'irys', 'sana', 'ceres', 'ouro', 'mumei', 'hakos')",753,3.402620876638048
"('calliope', 'inanis', 'kiara', 'irys', 'sana', 'ceres', 'ouro', 'mumei', 'hakos')",738,3.3348395842747403
"('gura', 'inanis', 'kiara', 'irys', 'sana', 'ceres', 'ouro', 'mumei', 'hakos')",796,3.5969272480795302
"('amelia', 'calliope', 'gura', 'inanis', 'kiara', 'irys', 'sana', 'ceres', 'ouro', 'mumei')",661,2.9868956168097602
"('amelia', 'calliope', 'gura', 'inanis', 'kiara', 'irys', 'sana', 'ceres', 'ouro', 'hakos')",713,3.2218707636692274
"('amelia', 'calliope', 'gura', 'inanis', 'kiara', 'irys', 'sana', 'ceres', 'mumei', 'hakos')",706,3.190239493899684
"('amelia', 'calliope', 'gura', 'inanis', 'kiara', 'irys', 'sana', 'ouro', 'mumei', 'hakos')",693,3.131495707184817
"('amelia', 'calliope', 'gura', 'inanis', 'kiara', 'irys', 'ceres', 'ouro', 'mumei', 'hakos')",1043,4.713059195661997
"('amelia', 'calliope', 'gura', 'inanis', 'kiara', 'sana', 'ceres', 'ouro', 'mumei', 'hakos')",761,3.438770899231812
"('amelia', 'calliope', 'gura', 'kiara', 'irys', 'sana', 'ceres', 'ouro', 'mumei', 'hakos')",704,3.181201988251243
"('amelia', 'calliope', 'inanis', 'kiara', 'irys', 'sana', 'ceres', 'ouro', 'mumei', 'hakos')",690,3.1179394487121552
"('amelia', 'gura', 'inanis', 'kiara', 'irys', 'sana', 'ceres', 'ouro', 'mumei', 'hakos')",737,3.3303208314505195
"('calliope', 'gura', 'inanis', 'kiara', 'irys', 'sana', 'ceres', 'ouro', 'mumei', 'hakos')",700,3.1631269769543606
"('amelia', 'calliope', 'gura', 'inanis', 'kiara', 'irys', 'sana', 'ceres', 'ouro', 'mumei', 'hakos')",656,2.9643018526886578
