intersection,count,ratio
"('mumei',)",17280,100.0
"('amelia', 'mumei')",7051,40.804398148148145
"('calliope', 'mumei')",5404,31.27314814814815
"('gura', 'mumei')",7991,46.24421296296296
"('inanis', 'mumei')",6699,38.76736111111111
"('kiara', 'mumei')",5235,30.29513888888889
"('irys', 'mumei')",4709,27.251157407407405
"('sana', 'mumei')",2692,15.578703703703702
"('ceres', 'mumei')",6541,37.85300925925926
"('ouro', 'mumei')",6953,40.23726851851852
"('mumei', 'hakos')",6878,39.80324074074074
"('amelia', 'calliope', 'mumei')",3614,20.91435185185185
"('amelia', 'gura', 'mumei')",5098,29.502314814814817
"('amelia', 'inanis', 'mumei')",4367,25.27199074074074
"('amelia', 'kiara', 'mumei')",3613,20.908564814814813
"('amelia', 'irys', 'mumei')",3282,18.993055555555554
"('amelia', 'sana', 'mumei')",1999,11.568287037037036
"('amelia', 'ceres', 'mumei')",4197,24.288194444444443
"('amelia', 'ouro', 'mumei')",4366,25.266203703703706
"('amelia', 'mumei', 'hakos')",4562,26.400462962962962
"('calliope', 'gura', 'mumei')",3871,22.40162037037037
"('calliope', 'inanis', 'mumei')",3506,20.28935185185185
"('calliope', 'kiara', 'mumei')",3079,17.818287037037038
"('calliope', 'irys', 'mumei')",2700,15.625
"('calliope', 'sana', 'mumei')",1702,9.849537037037038
"('calliope', 'ceres', 'mumei')",3379,19.55439814814815
"('calliope', 'ouro', 'mumei')",3533,20.44560185185185
"('calliope', 'mumei', 'hakos')",3709,21.46412037037037
"('gura', 'inanis', 'mumei')",4780,27.662037037037035
"('gura', 'kiara', 'mumei')",3764,21.78240740740741
"('gura', 'irys', 'mumei')",3493,20.21412037037037
"('gura', 'sana', 'mumei')",2080,12.037037037037036
"('gura', 'ceres', 'mumei')",4631,26.79976851851852
"('gura', 'ouro', 'mumei')",4869,28.177083333333336
"('gura', 'mumei', 'hakos')",5008,28.98148148148148
"('inanis', 'kiara', 'mumei')",3537,20.46875
"('inanis', 'irys', 'mumei')",3124,18.078703703703702
"('inanis', 'sana', 'mumei')",1967,11.383101851851851
"('inanis', 'ceres', 'mumei')",4167,24.114583333333332
"('inanis', 'ouro', 'mumei')",4057,23.47800925925926
"('inanis', 'mumei', 'hakos')",4340,25.115740740740737
"('kiara', 'irys', 'mumei')",2697,15.60763888888889
"('kiara', 'sana', 'mumei')",1783,10.318287037037036
"('kiara', 'ceres', 'mumei')",3436,19.88425925925926
"('kiara', 'ouro', 'mumei')",3381,19.56597222222222
"('kiara', 'mumei', 'hakos')",3677,21.278935185185187
"('irys', 'sana', 'mumei')",1599,9.253472222222223
"('irys', 'ceres', 'mumei')",3179,18.39699074074074
"('irys', 'ouro', 'mumei')",3336,19.305555555555557
"('irys', 'mumei', 'hakos')",3474,20.104166666666668
"('sana', 'ceres', 'mumei')",2018,11.67824074074074
"('sana', 'ouro', 'mumei')",1996,11.550925925925926
"('sana', 'mumei', 'hakos')",2117,12.251157407407408
"('ceres', 'ouro', 'mumei')",4271,24.716435185185183
"('ceres', 'mumei', 'hakos')",4288,24.814814814814813
"('ouro', 'mumei', 'hakos')",4589,26.556712962962965
"('amelia', 'calliope', 'gura', 'mumei')",2998,17.349537037037038
"('amelia', 'calliope', 'inanis', 'mumei')",2721,15.746527777777777
"('amelia', 'calliope', 'kiara', 'mumei')",2427,14.04513888888889
"('amelia', 'calliope', 'irys', 'mumei')",2162,12.511574074074074
"('amelia', 'calliope', 'sana', 'mumei')",1413,8.177083333333334
"('amelia', 'calliope', 'ceres', 'mumei')",2607,15.086805555555555
"('amelia', 'calliope', 'ouro', 'mumei')",2712,15.694444444444445
"('amelia', 'calliope', 'mumei', 'hakos')",2861,16.556712962962962
"('amelia', 'gura', 'inanis', 'mumei')",3624,20.97222222222222
"('amelia', 'gura', 'kiara', 'mumei')",2980,17.24537037037037
"('amelia', 'gura', 'irys', 'mumei')",2740,15.856481481481483
"('amelia', 'gura', 'sana', 'mumei')",1704,9.86111111111111
"('amelia', 'gura', 'ceres', 'mumei')",3468,20.069444444444446
"('amelia', 'gura', 'ouro', 'mumei')",3592,20.787037037037038
"('amelia', 'gura', 'mumei', 'hakos')",3771,21.822916666666668
"('amelia', 'inanis', 'kiara', 'mumei')",2764,15.99537037037037
"('amelia', 'inanis', 'irys', 'mumei')",2479,14.346064814814815
"('amelia', 'inanis', 'sana', 'mumei')",1608,9.305555555555555
"('amelia', 'inanis', 'ceres', 'mumei')",3177,18.385416666666668
"('amelia', 'inanis', 'ouro', 'mumei')",3085,17.85300925925926
"('amelia', 'inanis', 'mumei', 'hakos')",3332,19.282407407407405
"('amelia', 'kiara', 'irys', 'mumei')",2192,12.685185185185185
"('amelia', 'kiara', 'sana', 'mumei')",1500,8.680555555555555
"('amelia', 'kiara', 'ceres', 'mumei')",2656,15.37037037037037
"('amelia', 'kiara', 'ouro', 'mumei')",2654,15.358796296296296
"('amelia', 'kiara', 'mumei', 'hakos')",2892,16.73611111111111
"('amelia', 'irys', 'sana', 'mumei')",1342,7.766203703703704
"('amelia', 'irys', 'ceres', 'mumei')",2483,14.369212962962962
"('amelia', 'irys', 'ouro', 'mumei')",2555,14.785879629629632
"('amelia', 'irys', 'mumei', 'hakos')",2701,15.630787037037036
"('amelia', 'sana', 'ceres', 'mumei')",1623,9.39236111111111
"('amelia', 'sana', 'ouro', 'mumei')",1592,9.212962962962964
"('amelia', 'sana', 'mumei', 'hakos')",1711,9.90162037037037
"('amelia', 'ceres', 'ouro', 'mumei')",3142,18.18287037037037
"('amelia', 'ceres', 'mumei', 'hakos')",3238,18.738425925925924
"('amelia', 'ouro', 'mumei', 'hakos')",3396,19.65277777777778
"('calliope', 'gura', 'inanis', 'mumei')",2875,16.63773148148148
"('calliope', 'gura', 'kiara', 'mumei')",2498,14.456018518518517
"('calliope', 'gura', 'irys', 'mumei')",2254,13.043981481481481
"('calliope', 'gura', 'sana', 'mumei')",1463,8.466435185185185
"('calliope', 'gura', 'ceres', 'mumei')",2772,16.041666666666668
"('calliope', 'gura', 'ouro', 'mumei')",2874,16.631944444444443
"('calliope', 'gura', 'mumei', 'hakos')",3043,17.609953703703702
"('calliope', 'inanis', 'kiara', 'mumei')",2395,13.859953703703704
"('calliope', 'inanis', 'irys', 'mumei')",2093,12.112268518518517
"('calliope', 'inanis', 'sana', 'mumei')",1385,8.015046296296296
"('calliope', 'inanis', 'ceres', 'mumei')",2620,15.162037037037038
"('calliope', 'inanis', 'ouro', 'mumei')",2574,14.895833333333334
"('calliope', 'inanis', 'mumei', 'hakos')",2773,16.047453703703702
"('calliope', 'kiara', 'irys', 'mumei')",1893,10.95486111111111
"('calliope', 'kiara', 'sana', 'mumei')",1327,7.679398148148148
"('calliope', 'kiara', 'ceres', 'mumei')",2314,13.391203703703702
"('calliope', 'kiara', 'ouro', 'mumei')",2318,13.414351851851853
"('calliope', 'kiara', 'mumei', 'hakos')",2514,14.548611111111112
"('calliope', 'irys', 'sana', 'mumei')",1179,6.822916666666666
"('calliope', 'irys', 'ceres', 'mumei')",2071,11.984953703703702
"('calliope', 'irys', 'ouro', 'mumei')",2153,12.45949074074074
"('calliope', 'irys', 'mumei', 'hakos')",2286,13.229166666666666
"('calliope', 'sana', 'ceres', 'mumei')",1401,8.10763888888889
"('calliope', 'sana', 'ouro', 'mumei')",1397,8.08449074074074
"('calliope', 'sana', 'mumei', 'hakos')",1488,8.61111111111111
"('calliope', 'ceres', 'ouro', 'mumei')",2598,15.034722222222221
"('calliope', 'ceres', 'mumei', 'hakos')",2706,15.659722222222221
"('calliope', 'ouro', 'mumei', 'hakos')",2846,16.46990740740741
"('gura', 'inanis', 'kiara', 'mumei')",2862,16.5625
"('gura', 'inanis', 'irys', 'mumei')",2597,15.028935185185185
"('gura', 'inanis', 'sana', 'mumei')",1676,9.699074074074074
"('gura', 'inanis', 'ceres', 'mumei')",3388,19.60648148148148
"('gura', 'inanis', 'ouro', 'mumei')",3333,19.288194444444446
"('gura', 'inanis', 'mumei', 'hakos')",3580,20.71759259259259
"('gura', 'kiara', 'irys', 'mumei')",2249,13.015046296296296
"('gura', 'kiara', 'sana', 'mumei')",1496,8.657407407407407
"('gura', 'kiara', 'ceres', 'mumei')",2796,16.180555555555557
"('gura', 'kiara', 'ouro', 'mumei')",2783,16.105324074074073
"('gura', 'kiara', 'mumei', 'hakos')",3006,17.395833333333332
"('gura', 'irys', 'sana', 'mumei')",1356,7.847222222222222
"('gura', 'irys', 'ceres', 'mumei')",2627,15.202546296296296
"('gura', 'irys', 'ouro', 'mumei')",2711,15.688657407407408
"('gura', 'irys', 'mumei', 'hakos')",2855,16.52199074074074
"('gura', 'sana', 'ceres', 'mumei')",1684,9.74537037037037
"('gura', 'sana', 'ouro', 'mumei')",1681,9.72800925925926
"('gura', 'sana', 'mumei', 'hakos')",1778,10.289351851851853
"('gura', 'ceres', 'ouro', 'mumei')",3425,19.82060185185185
"('gura', 'ceres', 'mumei', 'hakos')",3507,20.29513888888889
"('gura', 'ouro', 'mumei', 'hakos')",3706,21.44675925925926
"('inanis', 'kiara', 'irys', 'mumei')",2114,12.233796296296298
"('inanis', 'kiara', 'sana', 'mumei')",1475,8.53587962962963
"('inanis', 'kiara', 'ceres', 'mumei')",2700,15.625
"('inanis', 'kiara', 'ouro', 'mumei')",2524,14.606481481481481
"('inanis', 'kiara', 'mumei', 'hakos')",2783,16.105324074074073
"('inanis', 'irys', 'sana', 'mumei')",1311,7.586805555555555
"('inanis', 'irys', 'ceres', 'mumei')",2453,14.195601851851853
"('inanis', 'irys', 'ouro', 'mumei')",2406,13.92361111111111
"('inanis', 'irys', 'mumei', 'hakos')",2601,15.052083333333332
"('inanis', 'sana', 'ceres', 'mumei')",1618,9.363425925925926
"('inanis', 'sana', 'ouro', 'mumei')",1543,8.929398148148149
"('inanis', 'sana', 'mumei', 'hakos')",1688,9.768518518518517
"('inanis', 'ceres', 'ouro', 'mumei')",3050,17.650462962962962
"('inanis', 'ceres', 'mumei', 'hakos')",3215,18.605324074074073
"('inanis', 'ouro', 'mumei', 'hakos')",3199,18.51273148148148
"('kiara', 'irys', 'sana', 'mumei')",1232,7.12962962962963
"('kiara', 'irys', 'ceres', 'mumei')",2130,12.32638888888889
"('kiara', 'irys', 'ouro', 'mumei')",2119,12.262731481481481
"('kiara', 'irys', 'mumei', 'hakos')",2292,13.26388888888889
"('kiara', 'sana', 'ceres', 'mumei')",1476,8.541666666666666
"('kiara', 'sana', 'ouro', 'mumei')",1414,8.18287037037037
"('kiara', 'sana', 'mumei', 'hakos')",1548,8.958333333333334
"('kiara', 'ceres', 'ouro', 'mumei')",2562,14.82638888888889
"('kiara', 'ceres', 'mumei', 'hakos')",2741,15.862268518518519
"('kiara', 'ouro', 'mumei', 'hakos')",2796,16.180555555555557
"('irys', 'sana', 'ceres', 'mumei')",1362,7.881944444444445
"('irys', 'sana', 'ouro', 'mumei')",1352,7.8240740740740735
"('irys', 'sana', 'mumei', 'hakos')",1440,8.333333333333332
"('irys', 'ceres', 'ouro', 'mumei')",2551,14.762731481481481
"('irys', 'ceres', 'mumei', 'hakos')",2652,15.347222222222223
"('irys', 'ouro', 'mumei', 'hakos')",2742,15.868055555555555
"('sana', 'ceres', 'ouro', 'mumei')",1629,9.427083333333334
"('sana', 'ceres', 'mumei', 'hakos')",1738,10.05787037037037
"('sana', 'ouro', 'mumei', 'hakos')",1739,10.063657407407407
"('ceres', 'ouro', 'mumei', 'hakos')",3305,19.12615740740741
"('amelia', 'calliope', 'gura', 'inanis', 'mumei')",2399,13.883101851851851
"('amelia', 'calliope', 'gura', 'kiara', 'mumei')",2116,12.24537037037037
"('amelia', 'calliope', 'gura', 'irys', 'mumei')",1909,11.047453703703704
"('amelia', 'calliope', 'gura', 'sana', 'mumei')",1268,7.337962962962963
"('amelia', 'calliope', 'gura', 'ceres', 'mumei')",2286,13.229166666666666
"('amelia', 'calliope', 'gura', 'ouro', 'mumei')",2361,13.663194444444443
"('amelia', 'calliope', 'gura', 'mumei', 'hakos')",2500,14.467592592592593
"('amelia', 'calliope', 'inanis', 'kiara', 'mumei')",2004,11.597222222222223
"('amelia', 'calliope', 'inanis', 'irys', 'mumei')",1780,10.300925925925926
"('amelia', 'calliope', 'inanis', 'sana', 'mumei')",1203,6.961805555555555
"('amelia', 'calliope', 'inanis', 'ceres', 'mumei')",2172,12.569444444444445
"('amelia', 'calliope', 'inanis', 'ouro', 'mumei')",2148,12.430555555555555
"('amelia', 'calliope', 'inanis', 'mumei', 'hakos')",2309,13.362268518518519
"('amelia', 'calliope', 'kiara', 'irys', 'mumei')",1644,9.51388888888889
"('amelia', 'calliope', 'kiara', 'sana', 'mumei')",1167,6.753472222222221
"('amelia', 'calliope', 'kiara', 'ceres', 'mumei')",1937,11.20949074074074
"('amelia', 'calliope', 'kiara', 'ouro', 'mumei')",1962,11.354166666666666
"('amelia', 'calliope', 'kiara', 'mumei', 'hakos')",2110,12.210648148148149
"('amelia', 'calliope', 'irys', 'sana', 'mumei')",1038,6.006944444444445
"('amelia', 'calliope', 'irys', 'ceres', 'mumei')",1752,10.13888888888889
"('amelia', 'calliope', 'irys', 'ouro', 'mumei')",1818,10.520833333333334
"('amelia', 'calliope', 'irys', 'mumei', 'hakos')",1926,11.145833333333334
"('amelia', 'calliope', 'sana', 'ceres', 'mumei')",1211,7.008101851851851
"('amelia', 'calliope', 'sana', 'ouro', 'mumei')",1196,6.921296296296296
"('amelia', 'calliope', 'sana', 'mumei', 'hakos')",1279,7.401620370370371
"('amelia', 'calliope', 'ceres', 'ouro', 'mumei')",2135,12.355324074074074
"('amelia', 'calliope', 'ceres', 'mumei', 'hakos')",2231,12.91087962962963
"('amelia', 'calliope', 'ouro', 'mumei', 'hakos')",2321,13.431712962962964
"('amelia', 'gura', 'inanis', 'kiara', 'mumei')",2408,13.935185185185187
"('amelia', 'gura', 'inanis', 'irys', 'mumei')",2190,12.67361111111111
"('amelia', 'gura', 'inanis', 'sana', 'mumei')",1437,8.315972222222221
"('amelia', 'gura', 'inanis', 'ceres', 'mumei')",2780,16.087962962962962
"('amelia', 'gura', 'inanis', 'ouro', 'mumei')",2709,15.677083333333334
"('amelia', 'gura', 'inanis', 'mumei', 'hakos')",2925,16.927083333333336
"('amelia', 'gura', 'kiara', 'irys', 'mumei')",1932,11.180555555555555
"('amelia', 'gura', 'kiara', 'sana', 'mumei')",1322,7.650462962962963
"('amelia', 'gura', 'kiara', 'ceres', 'mumei')",2323,13.443287037037038
"('amelia', 'gura', 'kiara', 'ouro', 'mumei')",2327,13.466435185185185
"('amelia', 'gura', 'kiara', 'mumei', 'hakos')",2507,14.508101851851851
"('amelia', 'gura', 'irys', 'sana', 'mumei')",1196,6.921296296296296
"('amelia', 'gura', 'irys', 'ceres', 'mumei')",2181,12.621527777777777
"('amelia', 'gura', 'irys', 'ouro', 'mumei')",2228,12.893518518518517
"('amelia', 'gura', 'irys', 'mumei', 'hakos')",2353,13.616898148148149
"('amelia', 'gura', 'sana', 'ceres', 'mumei')",1439,8.327546296296298
"('amelia', 'gura', 'sana', 'ouro', 'mumei')",1420,8.217592592592593
"('amelia', 'gura', 'sana', 'mumei', 'hakos')",1512,8.75
"('amelia', 'gura', 'ceres', 'ouro', 'mumei')",2724,15.76388888888889
"('amelia', 'gura', 'ceres', 'mumei', 'hakos')",2830,16.377314814814813
"('amelia', 'gura', 'ouro', 'mumei', 'hakos')",2944,17.037037037037038
"('amelia', 'inanis', 'kiara', 'irys', 'mumei')",1806,10.45138888888889
"('amelia', 'inanis', 'kiara', 'sana', 'mumei')",1282,7.418981481481482
"('amelia', 'inanis', 'kiara', 'ceres', 'mumei')",2229,12.899305555555557
"('amelia', 'inanis', 'kiara', 'ouro', 'mumei')",2127,12.309027777777779
"('amelia', 'inanis', 'kiara', 'mumei', 'hakos')",2329,13.47800925925926
"('amelia', 'inanis', 'irys', 'sana', 'mumei')",1154,6.6782407407407405
"('amelia', 'inanis', 'irys', 'ceres', 'mumei')",2059,11.91550925925926
"('amelia', 'inanis', 'irys', 'ouro', 'mumei')",2008,11.62037037037037
"('amelia', 'inanis', 'irys', 'mumei', 'hakos')",2179,12.609953703703702
"('amelia', 'inanis', 'sana', 'ceres', 'mumei')",1381,7.991898148148148
"('amelia', 'inanis', 'sana', 'ouro', 'mumei')",1318,7.627314814814815
"('amelia', 'inanis', 'sana', 'mumei', 'hakos')",1432,8.287037037037038
"('amelia', 'inanis', 'ceres', 'ouro', 'mumei')",2486,14.386574074074074
"('amelia', 'inanis', 'ceres', 'mumei', 'hakos')",2645,15.306712962962962
"('amelia', 'inanis', 'ouro', 'mumei', 'hakos')",2609,15.09837962962963
"('amelia', 'kiara', 'irys', 'sana', 'mumei')",1100,6.365740740740741
"('amelia', 'kiara', 'irys', 'ceres', 'mumei')",1805,10.445601851851851
"('amelia', 'kiara', 'irys', 'ouro', 'mumei')",1814,10.497685185185185
"('amelia', 'kiara', 'irys', 'mumei', 'hakos')",1945,11.255787037037036
"('amelia', 'kiara', 'sana', 'ceres', 'mumei')",1277,7.390046296296296
"('amelia', 'kiara', 'sana', 'ouro', 'mumei')",1230,7.118055555555555
"('amelia', 'kiara', 'sana', 'mumei', 'hakos')",1346,7.789351851851851
"('amelia', 'kiara', 'ceres', 'ouro', 'mumei')",2127,12.309027777777779
"('amelia', 'kiara', 'ceres', 'mumei', 'hakos')",2269,13.130787037037036
"('amelia', 'kiara', 'ouro', 'mumei', 'hakos')",2309,13.362268518518519
"('amelia', 'irys', 'sana', 'ceres', 'mumei')",1171,6.77662037037037
"('amelia', 'irys', 'sana', 'ouro', 'mumei')",1166,6.747685185185186
"('amelia', 'irys', 'sana', 'mumei', 'hakos')",1242,7.187499999999999
"('amelia', 'irys', 'ceres', 'ouro', 'mumei')",2092,12.106481481481483
"('amelia', 'irys', 'ceres', 'mumei', 'hakos')",2184,12.63888888888889
"('amelia', 'irys', 'ouro', 'mumei', 'hakos')",2221,12.85300925925926
"('amelia', 'sana', 'ceres', 'ouro', 'mumei')",1361,7.8761574074074066
"('amelia', 'sana', 'ceres', 'mumei', 'hakos')",1457,8.431712962962964
"('amelia', 'sana', 'ouro', 'mumei', 'hakos')",1439,8.327546296296298
"('amelia', 'ceres', 'ouro', 'mumei', 'hakos')",2637,15.260416666666668
"('calliope', 'gura', 'inanis', 'kiara', 'mumei')",2058,11.909722222222221
"('calliope', 'gura', 'inanis', 'irys', 'mumei')",1835,10.619212962962964
"('calliope', 'gura', 'inanis', 'sana', 'mumei')",1249,7.228009259259259
"('calliope', 'gura', 'inanis', 'ceres', 'mumei')",2277,13.177083333333334
"('calliope', 'gura', 'inanis', 'ouro', 'mumei')",2258,13.067129629629628
"('calliope', 'gura', 'inanis', 'mumei', 'hakos')",2421,14.010416666666666
"('calliope', 'gura', 'kiara', 'irys', 'mumei')",1666,9.641203703703702
"('calliope', 'gura', 'kiara', 'sana', 'mumei')",1163,6.730324074074074
"('calliope', 'gura', 'kiara', 'ceres', 'mumei')",1995,11.54513888888889
"('calliope', 'gura', 'kiara', 'ouro', 'mumei')",2014,11.655092592592593
"('calliope', 'gura', 'kiara', 'mumei', 'hakos')",2164,12.523148148148147
"('calliope', 'gura', 'irys', 'sana', 'mumei')",1061,6.140046296296296
"('calliope', 'gura', 'irys', 'ceres', 'mumei')",1823,10.549768518518517
"('calliope', 'gura', 'irys', 'ouro', 'mumei')",1875,10.850694444444445
"('calliope', 'gura', 'irys', 'mumei', 'hakos')",1993,11.533564814814815
"('calliope', 'gura', 'sana', 'ceres', 'mumei')",1253,7.251157407407407
"('calliope', 'gura', 'sana', 'ouro', 'mumei')",1251,7.239583333333334
"('calliope', 'gura', 'sana', 'mumei', 'hakos')",1322,7.650462962962963
"('calliope', 'gura', 'ceres', 'ouro', 'mumei')",2252,13.032407407407407
"('calliope', 'gura', 'ceres', 'mumei', 'hakos')",2354,13.622685185185185
"('calliope', 'gura', 'ouro', 'mumei', 'hakos')",2459,14.230324074074074
"('calliope', 'inanis', 'kiara', 'irys', 'mumei')",1594,9.224537037037036
"('calliope', 'inanis', 'kiara', 'sana', 'mumei')",1145,6.6261574074074066
"('calliope', 'inanis', 'kiara', 'ceres', 'mumei')",1961,11.34837962962963
"('calliope', 'inanis', 'kiara', 'ouro', 'mumei')",1884,10.902777777777779
"('calliope', 'inanis', 'kiara', 'mumei', 'hakos')",2060,11.921296296296296
"('calliope', 'inanis', 'irys', 'sana', 'mumei')",1025,5.931712962962963
"('calliope', 'inanis', 'irys', 'ceres', 'mumei')",1749,10.121527777777779
"('calliope', 'inanis', 'irys', 'ouro', 'mumei')",1740,10.069444444444445
"('calliope', 'inanis', 'irys', 'mumei', 'hakos')",1867,10.804398148148147
"('calliope', 'inanis', 'sana', 'ceres', 'mumei')",1205,6.97337962962963
"('calliope', 'inanis', 'sana', 'ouro', 'mumei')",1167,6.753472222222221
"('calliope', 'inanis', 'sana', 'mumei', 'hakos')",1252,7.24537037037037
"('calliope', 'inanis', 'ceres', 'ouro', 'mumei')",2101,12.158564814814815
"('calliope', 'inanis', 'ceres', 'mumei', 'hakos')",2236,12.939814814814815
"('calliope', 'inanis', 'ouro', 'mumei', 'hakos')",2233,12.922453703703704
"('calliope', 'kiara', 'irys', 'sana', 'mumei')",986,5.706018518518519
"('calliope', 'kiara', 'irys', 'ceres', 'mumei')",1590,9.20138888888889
"('calliope', 'kiara', 'irys', 'ouro', 'mumei')",1599,9.253472222222223
"('calliope', 'kiara', 'irys', 'mumei', 'hakos')",1722,9.965277777777779
"('calliope', 'kiara', 'sana', 'ceres', 'mumei')",1148,6.643518518518518
"('calliope', 'kiara', 'sana', 'ouro', 'mumei')",1115,6.452546296296297
"('calliope', 'kiara', 'sana', 'mumei', 'hakos')",1212,7.013888888888889
"('calliope', 'kiara', 'ceres', 'ouro', 'mumei')",1872,10.833333333333334
"('calliope', 'kiara', 'ceres', 'mumei', 'hakos')",2015,11.66087962962963
"('calliope', 'kiara', 'ouro', 'mumei', 'hakos')",2054,11.886574074074074
"('calliope', 'irys', 'sana', 'ceres', 'mumei')",1042,6.030092592592593
"('calliope', 'irys', 'sana', 'ouro', 'mumei')",1050,6.076388888888888
"('calliope', 'irys', 'sana', 'mumei', 'hakos')",1116,6.458333333333334
"('calliope', 'irys', 'ceres', 'ouro', 'mumei')",1758,10.17361111111111
"('calliope', 'irys', 'ceres', 'mumei', 'hakos')",1861,10.769675925925926
"('calliope', 'irys', 'ouro', 'mumei', 'hakos')",1919,11.105324074074074
"('calliope', 'sana', 'ceres', 'ouro', 'mumei')",1206,6.979166666666667
"('calliope', 'sana', 'ceres', 'mumei', 'hakos')",1282,7.418981481481482
"('calliope', 'sana', 'ouro', 'mumei', 'hakos')",1285,7.4363425925925934
"('calliope', 'ceres', 'ouro', 'mumei', 'hakos')",2233,12.922453703703704
"('gura', 'inanis', 'kiara', 'irys', 'mumei')",1850,10.706018518518519
"('gura', 'inanis', 'kiara', 'sana', 'mumei')",1297,7.505787037037037
"('gura', 'inanis', 'kiara', 'ceres', 'mumei')",2310,13.368055555555555
"('gura', 'inanis', 'kiara', 'ouro', 'mumei')",2204,12.75462962962963
"('gura', 'inanis', 'kiara', 'mumei', 'hakos')",2403,13.90625
"('gura', 'inanis', 'irys', 'sana', 'mumei')",1165,6.741898148148148
"('gura', 'inanis', 'irys', 'ceres', 'mumei')",2139,12.378472222222223
"('gura', 'inanis', 'irys', 'ouro', 'mumei')",2100,12.152777777777777
"('gura', 'inanis', 'irys', 'mumei', 'hakos')",2264,13.101851851851851
"('gura', 'inanis', 'sana', 'ceres', 'mumei')",1433,8.292824074074074
"('gura', 'inanis', 'sana', 'ouro', 'mumei')",1378,7.974537037037037
"('gura', 'inanis', 'sana', 'mumei', 'hakos')",1489,8.616898148148149
"('gura', 'inanis', 'ceres', 'ouro', 'mumei')",2651,15.341435185185185
"('gura', 'inanis', 'ceres', 'mumei', 'hakos')",2794,16.16898148148148
"('gura', 'inanis', 'ouro', 'mumei', 'hakos')",2792,16.157407407407405
"('gura', 'kiara', 'irys', 'sana', 'mumei')",1102,6.377314814814815
"('gura', 'kiara', 'irys', 'ceres', 'mumei')",1868,10.810185185185185
"('gura', 'kiara', 'irys', 'ouro', 'mumei')",1858,10.752314814814815
"('gura', 'kiara', 'irys', 'mumei', 'hakos')",1992,11.527777777777779
"('gura', 'kiara', 'sana', 'ceres', 'mumei')",1289,7.4594907407407405
"('gura', 'kiara', 'sana', 'ouro', 'mumei')",1254,7.256944444444445
"('gura', 'kiara', 'sana', 'mumei', 'hakos')",1357,7.8530092592592595
"('gura', 'kiara', 'ceres', 'ouro', 'mumei')",2237,12.945601851851851
"('gura', 'kiara', 'ceres', 'mumei', 'hakos')",2379,13.767361111111112
"('gura', 'kiara', 'ouro', 'mumei', 'hakos')",2421,14.010416666666666
"('gura', 'irys', 'sana', 'ceres', 'mumei')",1193,6.903935185185185
"('gura', 'irys', 'sana', 'ouro', 'mumei')",1196,6.921296296296296
"('gura', 'irys', 'sana', 'mumei', 'hakos')",1266,7.326388888888889
"('gura', 'irys', 'ceres', 'ouro', 'mumei')",2187,12.65625
"('gura', 'irys', 'ceres', 'mumei', 'hakos')",2287,13.234953703703702
"('gura', 'irys', 'ouro', 'mumei', 'hakos')",2348,13.587962962962962
"('gura', 'sana', 'ceres', 'ouro', 'mumei')",1426,8.252314814814815
"('gura', 'sana', 'ceres', 'mumei', 'hakos')",1516,8.773148148148149
"('gura', 'sana', 'ouro', 'mumei', 'hakos')",1518,8.784722222222221
"('gura', 'ceres', 'ouro', 'mumei', 'hakos')",2834,16.400462962962965
"('inanis', 'kiara', 'irys', 'sana', 'mumei')",1077,6.232638888888889
"('inanis', 'kiara', 'irys', 'ceres', 'mumei')",1800,10.416666666666668
"('inanis', 'kiara', 'irys', 'ouro', 'mumei')",1717,9.936342592592592
"('inanis', 'kiara', 'irys', 'mumei', 'hakos')",1883,10.89699074074074
"('inanis', 'kiara', 'sana', 'ceres', 'mumei')",1280,7.4074074074074066
"('inanis', 'kiara', 'sana', 'ouro', 'mumei')",1202,6.956018518518518
"('inanis', 'kiara', 'sana', 'mumei', 'hakos')",1325,7.667824074074074
"('inanis', 'kiara', 'ceres', 'ouro', 'mumei')",2089,12.08912037037037
"('inanis', 'kiara', 'ceres', 'mumei', 'hakos')",2277,13.177083333333334
"('inanis', 'kiara', 'ouro', 'mumei', 'hakos')",2199,12.725694444444443
"('inanis', 'irys', 'sana', 'ceres', 'mumei')",1165,6.741898148148148
"('inanis', 'irys', 'sana', 'ouro', 'mumei')",1131,6.545138888888889
"('inanis', 'irys', 'sana', 'mumei', 'hakos')",1221,7.065972222222222
"('inanis', 'irys', 'ceres', 'ouro', 'mumei')",2030,11.747685185185185
"('inanis', 'irys', 'ceres', 'mumei', 'hakos')",2171,12.563657407407408
"('inanis', 'irys', 'ouro', 'mumei', 'hakos')",2124,12.291666666666666
"('inanis', 'sana', 'ceres', 'ouro', 'mumei')",1330,7.696759259259259
"('inanis', 'sana', 'ceres', 'mumei', 'hakos')",1461,8.45486111111111
"('inanis', 'sana', 'ouro', 'mumei', 'hakos')",1411,8.16550925925926
"('inanis', 'ceres', 'ouro', 'mumei', 'hakos')",2580,14.930555555555555
"('kiara', 'irys', 'sana', 'ceres', 'mumei')",1093,6.325231481481482
"('kiara', 'irys', 'sana', 'ouro', 'mumei')",1069,6.186342592592593
"('kiara', 'irys', 'sana', 'mumei', 'hakos')",1144,6.620370370370371
"('kiara', 'irys', 'ceres', 'ouro', 'mumei')",1783,10.318287037037036
"('kiara', 'irys', 'ceres', 'mumei', 'hakos')",1906,11.030092592592593
"('kiara', 'irys', 'ouro', 'mumei', 'hakos')",1904,11.018518518518519
"('kiara', 'sana', 'ceres', 'ouro', 'mumei')",1223,7.077546296296296
"('kiara', 'sana', 'ceres', 'mumei', 'hakos')",1335,7.725694444444445
"('kiara', 'sana', 'ouro', 'mumei', 'hakos')",1305,7.552083333333333
"('kiara', 'ceres', 'ouro', 'mumei', 'hakos')",2235,12.934027777777779
"('irys', 'sana', 'ceres', 'ouro', 'mumei')",1190,6.886574074074074
"('irys', 'sana', 'ceres', 'mumei', 'hakos')",1264,7.314814814814814
"('irys', 'sana', 'ouro', 'mumei', 'hakos')",1264,7.314814814814814
"('irys', 'ceres', 'ouro', 'mumei', 'hakos')",2230,12.905092592592593
"('sana', 'ceres', 'ouro', 'mumei', 'hakos')",1481,8.570601851851851
"('amelia', 'calliope', 'gura', 'inanis', 'kiara', 'mumei')",1805,10.445601851851851
"('amelia', 'calliope', 'gura', 'inanis', 'irys', 'mumei')",1622,9.386574074074074
"('amelia', 'calliope', 'gura', 'inanis', 'sana', 'mumei')",1108,6.412037037037037
"('amelia', 'calliope', 'gura', 'inanis', 'ceres', 'mumei')",1969,11.394675925925926
"('amelia', 'calliope', 'gura', 'inanis', 'ouro', 'mumei')",1950,11.284722222222223
"('amelia', 'calliope', 'gura', 'inanis', 'mumei', 'hakos')",2090,12.094907407407407
"('amelia', 'calliope', 'gura', 'kiara', 'irys', 'mumei')",1492,8.63425925925926
"('amelia', 'calliope', 'gura', 'kiara', 'sana', 'mumei')",1054,6.099537037037037
"('amelia', 'calliope', 'gura', 'kiara', 'ceres', 'mumei')",1740,10.069444444444445
"('amelia', 'calliope', 'gura', 'kiara', 'ouro', 'mumei')",1763,10.202546296296296
"('amelia', 'calliope', 'gura', 'kiara', 'mumei', 'hakos')",1888,10.925925925925926
"('amelia', 'calliope', 'gura', 'irys', 'sana', 'mumei')",959,5.549768518518518
"('amelia', 'calliope', 'gura', 'irys', 'ceres', 'mumei')",1597,9.241898148148147
"('amelia', 'calliope', 'gura', 'irys', 'ouro', 'mumei')",1639,9.484953703703704
"('amelia', 'calliope', 'gura', 'irys', 'mumei', 'hakos')",1732,10.023148148148147
"('amelia', 'calliope', 'gura', 'sana', 'ceres', 'mumei')",1112,6.435185185185185
"('amelia', 'calliope', 'gura', 'sana', 'ouro', 'mumei')",1102,6.377314814814815
"('amelia', 'calliope', 'gura', 'sana', 'mumei', 'hakos')",1167,6.753472222222221
"('amelia', 'calliope', 'gura', 'ceres', 'ouro', 'mumei')",1923,11.128472222222221
"('amelia', 'calliope', 'gura', 'ceres', 'mumei', 'hakos')",2010,11.631944444444445
"('amelia', 'calliope', 'gura', 'ouro', 'mumei', 'hakos')",2086,12.07175925925926
"('amelia', 'calliope', 'inanis', 'kiara', 'irys', 'mumei')",1415,8.188657407407407
"('amelia', 'calliope', 'inanis', 'kiara', 'sana', 'mumei')",1028,5.949074074074074
"('amelia', 'calliope', 'inanis', 'kiara', 'ceres', 'mumei')",1695,9.809027777777777
"('amelia', 'calliope', 'inanis', 'kiara', 'ouro', 'mumei')",1657,9.58912037037037
"('amelia', 'calliope', 'inanis', 'kiara', 'mumei', 'hakos')",1795,10.387731481481481
"('amelia', 'calliope', 'inanis', 'irys', 'sana', 'mumei')",926,5.358796296296296
"('amelia', 'calliope', 'inanis', 'irys', 'ceres', 'mumei')",1535,8.883101851851851
"('amelia', 'calliope', 'inanis', 'irys', 'ouro', 'mumei')",1527,8.836805555555555
"('amelia', 'calliope', 'inanis', 'irys', 'mumei', 'hakos')",1640,9.49074074074074
"('amelia', 'calliope', 'inanis', 'sana', 'ceres', 'mumei')",1071,6.197916666666667
"('amelia', 'calliope', 'inanis', 'sana', 'ouro', 'mumei')",1036,5.99537037037037
"('amelia', 'calliope', 'inanis', 'sana', 'mumei', 'hakos')",1111,6.429398148148148
"('amelia', 'calliope', 'inanis', 'ceres', 'ouro', 'mumei')",1815,10.503472222222223
"('amelia', 'calliope', 'inanis', 'ceres', 'mumei', 'hakos')",1936,11.203703703703702
"('amelia', 'calliope', 'inanis', 'ouro', 'mumei', 'hakos')",1929,11.163194444444445
"('amelia', 'calliope', 'kiara', 'irys', 'sana', 'mumei')",904,5.231481481481481
"('amelia', 'calliope', 'kiara', 'irys', 'ceres', 'mumei')",1412,8.171296296296296
"('amelia', 'calliope', 'kiara', 'irys', 'ouro', 'mumei')",1433,8.292824074074074
"('amelia', 'calliope', 'kiara', 'irys', 'mumei', 'hakos')",1531,8.859953703703702
"('amelia', 'calliope', 'kiara', 'sana', 'ceres', 'mumei')",1029,5.954861111111111
"('amelia', 'calliope', 'kiara', 'sana', 'ouro', 'mumei')",1006,5.8217592592592595
"('amelia', 'calliope', 'kiara', 'sana', 'mumei', 'hakos')",1087,6.2905092592592595
"('amelia', 'calliope', 'kiara', 'ceres', 'ouro', 'mumei')",1641,9.496527777777777
"('amelia', 'calliope', 'kiara', 'ceres', 'mumei', 'hakos')",1753,10.144675925925926
"('amelia', 'calliope', 'kiara', 'ouro', 'mumei', 'hakos')",1790,10.358796296296296
"('amelia', 'calliope', 'irys', 'sana', 'ceres', 'mumei')",934,5.405092592592593
"('amelia', 'calliope', 'irys', 'sana', 'ouro', 'mumei')",938,5.4282407407407405
"('amelia', 'calliope', 'irys', 'sana', 'mumei', 'hakos')",994,5.752314814814815
"('amelia', 'calliope', 'irys', 'ceres', 'ouro', 'mumei')",1539,8.90625
"('amelia', 'calliope', 'irys', 'ceres', 'mumei', 'hakos')",1620,9.375
"('amelia', 'calliope', 'irys', 'ouro', 'mumei', 'hakos')",1666,9.641203703703702
"('amelia', 'calliope', 'sana', 'ceres', 'ouro', 'mumei')",1060,6.1342592592592595
"('amelia', 'calliope', 'sana', 'ceres', 'mumei', 'hakos')",1129,6.533564814814814
"('amelia', 'calliope', 'sana', 'ouro', 'mumei', 'hakos')",1118,6.469907407407407
"('amelia', 'calliope', 'ceres', 'ouro', 'mumei', 'hakos')",1909,11.047453703703704
"('amelia', 'gura', 'inanis', 'kiara', 'irys', 'mumei')",1642,9.502314814814815
"('amelia', 'gura', 'inanis', 'kiara', 'sana', 'mumei')",1165,6.741898148148148
"('amelia', 'gura', 'inanis', 'kiara', 'ceres', 'mumei')",2003,11.591435185185185
"('amelia', 'gura', 'inanis', 'kiara', 'ouro', 'mumei')",1927,11.15162037037037
"('amelia', 'gura', 'inanis', 'kiara', 'mumei', 'hakos')",2089,12.08912037037037
"('amelia', 'gura', 'inanis', 'irys', 'sana', 'mumei')",1052,6.087962962962963
"('amelia', 'gura', 'inanis', 'irys', 'ceres', 'mumei')",1864,10.787037037037036
"('amelia', 'gura', 'inanis', 'irys', 'ouro', 'mumei')",1817,10.515046296296296
"('amelia', 'gura', 'inanis', 'irys', 'mumei', 'hakos')",1962,11.354166666666666
"('amelia', 'gura', 'inanis', 'sana', 'ceres', 'mumei')",1264,7.314814814814814
"('amelia', 'gura', 'inanis', 'sana', 'ouro', 'mumei')",1209,6.996527777777778
"('amelia', 'gura', 'inanis', 'sana', 'mumei', 'hakos')",1304,7.546296296296297
"('amelia', 'gura', 'inanis', 'ceres', 'ouro', 'mumei')",2242,12.974537037037038
"('amelia', 'gura', 'inanis', 'ceres', 'mumei', 'hakos')",2386,13.80787037037037
"('amelia', 'gura', 'inanis', 'ouro', 'mumei', 'hakos')",2354,13.622685185185185
"('amelia', 'gura', 'kiara', 'irys', 'sana', 'mumei')",1005,5.815972222222222
"('amelia', 'gura', 'kiara', 'irys', 'ceres', 'mumei')",1640,9.49074074074074
"('amelia', 'gura', 'kiara', 'irys', 'ouro', 'mumei')",1642,9.502314814814815
"('amelia', 'gura', 'kiara', 'irys', 'mumei', 'hakos')",1748,10.11574074074074
"('amelia', 'gura', 'kiara', 'sana', 'ceres', 'mumei')",1154,6.6782407407407405
"('amelia', 'gura', 'kiara', 'sana', 'ouro', 'mumei')",1124,6.50462962962963
"('amelia', 'gura', 'kiara', 'sana', 'mumei', 'hakos')",1213,7.0196759259259265
"('amelia', 'gura', 'kiara', 'ceres', 'ouro', 'mumei')",1922,11.122685185185185
"('amelia', 'gura', 'kiara', 'ceres', 'mumei', 'hakos')",2042,11.81712962962963
"('amelia', 'gura', 'kiara', 'ouro', 'mumei', 'hakos')",2075,12.008101851851851
"('amelia', 'gura', 'irys', 'sana', 'ceres', 'mumei')",1066,6.168981481481482
"('amelia', 'gura', 'irys', 'sana', 'ouro', 'mumei')",1064,6.157407407407407
"('amelia', 'gura', 'irys', 'sana', 'mumei', 'hakos')",1126,6.516203703703703
"('amelia', 'gura', 'irys', 'ceres', 'ouro', 'mumei')",1867,10.804398148148147
"('amelia', 'gura', 'irys', 'ceres', 'mumei', 'hakos')",1959,11.336805555555555
"('amelia', 'gura', 'irys', 'ouro', 'mumei', 'hakos')",1980,11.458333333333332
"('amelia', 'gura', 'sana', 'ceres', 'ouro', 'mumei')",1238,7.164351851851852
"('amelia', 'gura', 'sana', 'ceres', 'mumei', 'hakos')",1319,7.633101851851852
"('amelia', 'gura', 'sana', 'ouro', 'mumei', 'hakos')",1306,7.55787037037037
"('amelia', 'gura', 'ceres', 'ouro', 'mumei', 'hakos')",2358,13.645833333333332
"('amelia', 'inanis', 'kiara', 'irys', 'sana', 'mumei')",976,5.648148148148148
"('amelia', 'inanis', 'kiara', 'irys', 'ceres', 'mumei')",1574,9.108796296296298
"('amelia', 'inanis', 'kiara', 'irys', 'ouro', 'mumei')",1521,8.802083333333334
"('amelia', 'inanis', 'kiara', 'irys', 'mumei', 'hakos')",1653,9.565972222222221
"('amelia', 'inanis', 'kiara', 'sana', 'ceres', 'mumei')",1134,6.5625
"('amelia', 'inanis', 'kiara', 'sana', 'ouro', 'mumei')",1070,6.19212962962963
"('amelia', 'inanis', 'kiara', 'sana', 'mumei', 'hakos')",1171,6.77662037037037
"('amelia', 'inanis', 'kiara', 'ceres', 'ouro', 'mumei')",1817,10.515046296296296
"('amelia', 'inanis', 'kiara', 'ceres', 'mumei', 'hakos')",1965,11.371527777777777
"('amelia', 'inanis', 'kiara', 'ouro', 'mumei', 'hakos')",1904,11.018518518518519
"('amelia', 'inanis', 'irys', 'sana', 'ceres', 'mumei')",1037,6.001157407407407
"('amelia', 'inanis', 'irys', 'sana', 'ouro', 'mumei')",1016,5.87962962962963
"('amelia', 'inanis', 'irys', 'sana', 'mumei', 'hakos')",1088,6.296296296296296
"('amelia', 'inanis', 'irys', 'ceres', 'ouro', 'mumei')",1756,10.162037037037038
"('amelia', 'inanis', 'irys', 'ceres', 'mumei', 'hakos')",1879,10.873842592592593
"('amelia', 'inanis', 'irys', 'ouro', 'mumei', 'hakos')",1830,10.590277777777777
"('amelia', 'inanis', 'sana', 'ceres', 'ouro', 'mumei')",1166,6.747685185185186
"('amelia', 'inanis', 'sana', 'ceres', 'mumei', 'hakos')",1269,7.34375
"('amelia', 'inanis', 'sana', 'ouro', 'mumei', 'hakos')",1222,7.0717592592592595
"('amelia', 'inanis', 'ceres', 'ouro', 'mumei', 'hakos')",2195,12.702546296296296
"('amelia', 'kiara', 'irys', 'sana', 'ceres', 'mumei')",979,5.665509259259259
"('amelia', 'kiara', 'irys', 'sana', 'ouro', 'mumei')",967,5.596064814814815
"('amelia', 'kiara', 'irys', 'sana', 'mumei', 'hakos')",1034,5.983796296296296
"('amelia', 'kiara', 'irys', 'ceres', 'ouro', 'mumei')",1564,9.050925925925926
"('amelia', 'kiara', 'irys', 'ceres', 'mumei', 'hakos')",1658,9.594907407407408
"('amelia', 'kiara', 'irys', 'ouro', 'mumei', 'hakos')",1663,9.623842592592592
"('amelia', 'kiara', 'sana', 'ceres', 'ouro', 'mumei')",1081,6.255787037037037
"('amelia', 'kiara', 'sana', 'ceres', 'mumei', 'hakos')",1178,6.81712962962963
"('amelia', 'kiara', 'sana', 'ouro', 'mumei', 'hakos')",1151,6.660879629629629
"('amelia', 'kiara', 'ceres', 'ouro', 'mumei', 'hakos')",1911,11.059027777777777
"('amelia', 'irys', 'sana', 'ceres', 'ouro', 'mumei')",1047,6.059027777777778
"('amelia', 'irys', 'sana', 'ceres', 'mumei', 'hakos')",1107,6.406249999999999
"('amelia', 'irys', 'sana', 'ouro', 'mumei', 'hakos')",1103,6.383101851851852
"('amelia', 'irys', 'ceres', 'ouro', 'mumei', 'hakos')",1889,10.931712962962962
"('amelia', 'sana', 'ceres', 'ouro', 'mumei', 'hakos')",1264,7.314814814814814
"('calliope', 'gura', 'inanis', 'kiara', 'irys', 'mumei')",1434,8.29861111111111
"('calliope', 'gura', 'inanis', 'kiara', 'sana', 'mumei')",1036,5.99537037037037
"('calliope', 'gura', 'inanis', 'kiara', 'ceres', 'mumei')",1740,10.069444444444445
"('calliope', 'gura', 'inanis', 'kiara', 'ouro', 'mumei')",1700,9.837962962962964
"('calliope', 'gura', 'inanis', 'kiara', 'mumei', 'hakos')",1832,10.601851851851851
"('calliope', 'gura', 'inanis', 'irys', 'sana', 'mumei')",944,5.462962962962963
"('calliope', 'gura', 'inanis', 'irys', 'ceres', 'mumei')",1579,9.137731481481481
"('calliope', 'gura', 'inanis', 'irys', 'ouro', 'mumei')",1573,9.10300925925926
"('calliope', 'gura', 'inanis', 'irys', 'mumei', 'hakos')",1678,9.710648148148149
"('calliope', 'gura', 'inanis', 'sana', 'ceres', 'mumei')",1110,6.423611111111111
"('calliope', 'gura', 'inanis', 'sana', 'ouro', 'mumei')",1082,6.2615740740740735
"('calliope', 'gura', 'inanis', 'sana', 'mumei', 'hakos')",1149,6.649305555555555
"('calliope', 'gura', 'inanis', 'ceres', 'ouro', 'mumei')",1901,11.001157407407407
"('calliope', 'gura', 'inanis', 'ceres', 'mumei', 'hakos')",2013,11.649305555555555
"('calliope', 'gura', 'inanis', 'ouro', 'mumei', 'hakos')",2023,11.707175925925926
"('calliope', 'gura', 'kiara', 'irys', 'sana', 'mumei')",904,5.231481481481481
"('calliope', 'gura', 'kiara', 'irys', 'ceres', 'mumei')",1437,8.315972222222221
"('calliope', 'gura', 'kiara', 'irys', 'ouro', 'mumei')",1444,8.356481481481481
"('calliope', 'gura', 'kiara', 'irys', 'mumei', 'hakos')",1541,8.917824074074074
"('calliope', 'gura', 'kiara', 'sana', 'ceres', 'mumei')",1037,6.001157407407407
"('calliope', 'gura', 'kiara', 'sana', 'ouro', 'mumei')",1015,5.873842592592593
"('calliope', 'gura', 'kiara', 'sana', 'mumei', 'hakos')",1088,6.296296296296296
"('calliope', 'gura', 'kiara', 'ceres', 'ouro', 'mumei')",1688,9.768518518518517
"('calliope', 'gura', 'kiara', 'ceres', 'mumei', 'hakos')",1796,10.393518518518519
"('calliope', 'gura', 'kiara', 'ouro', 'mumei', 'hakos')",1832,10.601851851851851
"('calliope', 'gura', 'irys', 'sana', 'ceres', 'mumei')",954,5.520833333333333
"('calliope', 'gura', 'irys', 'sana', 'ouro', 'mumei')",960,5.555555555555555
"('calliope', 'gura', 'irys', 'sana', 'mumei', 'hakos')",1016,5.87962962962963
"('calliope', 'gura', 'irys', 'ceres', 'ouro', 'mumei')",1578,9.131944444444445
"('calliope', 'gura', 'irys', 'ceres', 'mumei', 'hakos')",1673,9.681712962962962
"('calliope', 'gura', 'irys', 'ouro', 'mumei', 'hakos')",1720,9.953703703703704
"('calliope', 'gura', 'sana', 'ceres', 'ouro', 'mumei')",1101,6.371527777777778
"('calliope', 'gura', 'sana', 'ceres', 'mumei', 'hakos')",1167,6.753472222222221
"('calliope', 'gura', 'sana', 'ouro', 'mumei', 'hakos')",1169,6.765046296296297
"('calliope', 'gura', 'ceres', 'ouro', 'mumei', 'hakos')",2002,11.585648148148147
"('calliope', 'inanis', 'kiara', 'irys', 'sana', 'mumei')",892,5.162037037037037
"('calliope', 'inanis', 'kiara', 'irys', 'ceres', 'mumei')",1408,8.148148148148149
"('calliope', 'inanis', 'kiara', 'irys', 'ouro', 'mumei')",1372,7.939814814814815
"('calliope', 'inanis', 'kiara', 'irys', 'mumei', 'hakos')",1483,8.582175925925926
"('calliope', 'inanis', 'kiara', 'sana', 'ceres', 'mumei')",1027,5.943287037037037
"('calliope', 'inanis', 'kiara', 'sana', 'ouro', 'mumei')",980,5.671296296296297
"('calliope', 'inanis', 'kiara', 'sana', 'mumei', 'hakos')",1067,6.174768518518518
"('calliope', 'inanis', 'kiara', 'ceres', 'ouro', 'mumei')",1624,9.398148148148149
"('calliope', 'inanis', 'kiara', 'ceres', 'mumei', 'hakos')",1762,10.19675925925926
"('calliope', 'inanis', 'kiara', 'ouro', 'mumei', 'hakos')",1723,9.971064814814815
"('calliope', 'inanis', 'irys', 'sana', 'ceres', 'mumei')",933,5.399305555555555
"('calliope', 'inanis', 'irys', 'sana', 'ouro', 'mumei')",920,5.324074074074074
"('calliope', 'inanis', 'irys', 'sana', 'mumei', 'hakos')",978,5.659722222222222
"('calliope', 'inanis', 'irys', 'ceres', 'ouro', 'mumei')",1511,8.744212962962964
"('calliope', 'inanis', 'irys', 'ceres', 'mumei', 'hakos')",1622,9.386574074074074
"('calliope', 'inanis', 'irys', 'ouro', 'mumei', 'hakos')",1607,9.299768518518519
"('calliope', 'inanis', 'sana', 'ceres', 'ouro', 'mumei')",1042,6.030092592592593
"('calliope', 'inanis', 'sana', 'ceres', 'mumei', 'hakos')",1124,6.50462962962963
"('calliope', 'inanis', 'sana', 'ouro', 'mumei', 'hakos')",1096,6.342592592592593
"('calliope', 'inanis', 'ceres', 'ouro', 'mumei', 'hakos')",1888,10.925925925925926
"('calliope', 'kiara', 'irys', 'sana', 'ceres', 'mumei')",894,5.173611111111111
"('calliope', 'kiara', 'irys', 'sana', 'ouro', 'mumei')",886,5.127314814814815
"('calliope', 'kiara', 'irys', 'sana', 'mumei', 'hakos')",947,5.480324074074074
"('calliope', 'kiara', 'irys', 'ceres', 'ouro', 'mumei')",1381,7.991898148148148
"('calliope', 'kiara', 'irys', 'ceres', 'mumei', 'hakos')",1487,8.605324074074074
"('calliope', 'kiara', 'irys', 'ouro', 'mumei', 'hakos')",1495,8.65162037037037
"('calliope', 'kiara', 'sana', 'ceres', 'ouro', 'mumei')",991,5.734953703703704
"('calliope', 'kiara', 'sana', 'ceres', 'mumei', 'hakos')",1076,6.226851851851852
"('calliope', 'kiara', 'sana', 'ouro', 'mumei', 'hakos')",1057,6.116898148148149
"('calliope', 'kiara', 'ceres', 'ouro', 'mumei', 'hakos')",1710,9.895833333333332
"('calliope', 'irys', 'sana', 'ceres', 'ouro', 'mumei')",948,5.486111111111111
"('calliope', 'irys', 'sana', 'ceres', 'mumei', 'hakos')",1003,5.804398148148148
"('calliope', 'irys', 'sana', 'ouro', 'mumei', 'hakos')",1009,5.83912037037037
"('calliope', 'irys', 'ceres', 'ouro', 'mumei', 'hakos')",1619,9.369212962962962
"('calliope', 'sana', 'ceres', 'ouro', 'mumei', 'hakos')",1135,6.568287037037036
"('gura', 'inanis', 'kiara', 'irys', 'sana', 'mumei')",981,5.677083333333333
"('gura', 'inanis', 'kiara', 'irys', 'ceres', 'mumei')",1621,9.380787037037038
"('gura', 'inanis', 'kiara', 'irys', 'ouro', 'mumei')",1556,9.00462962962963
"('gura', 'inanis', 'kiara', 'irys', 'mumei', 'hakos')",1686,9.756944444444445
"('gura', 'inanis', 'kiara', 'sana', 'ceres', 'mumei')",1155,6.684027777777778
"('gura', 'inanis', 'kiara', 'sana', 'ouro', 'mumei')",1096,6.342592592592593
"('gura', 'inanis', 'kiara', 'sana', 'mumei', 'hakos')",1189,6.880787037037036
"('gura', 'inanis', 'kiara', 'ceres', 'ouro', 'mumei')",1885,10.908564814814815
"('gura', 'inanis', 'kiara', 'ceres', 'mumei', 'hakos')",2029,11.741898148148149
"('gura', 'inanis', 'kiara', 'ouro', 'mumei', 'hakos')",1973,11.417824074074074
"('gura', 'inanis', 'irys', 'sana', 'ceres', 'mumei')",1056,6.111111111111111
"('gura', 'inanis', 'irys', 'sana', 'ouro', 'mumei')",1033,5.9780092592592595
"('gura', 'inanis', 'irys', 'sana', 'mumei', 'hakos')",1101,6.371527777777778
"('gura', 'inanis', 'irys', 'ceres', 'ouro', 'mumei')",1817,10.515046296296296
"('gura', 'inanis', 'irys', 'ceres', 'mumei', 'hakos')",1938,11.215277777777779
"('gura', 'inanis', 'irys', 'ouro', 'mumei', 'hakos')",1904,11.018518518518519
"('gura', 'inanis', 'sana', 'ceres', 'ouro', 'mumei')",1217,7.0428240740740735
"('gura', 'inanis', 'sana', 'ceres', 'mumei', 'hakos')",1318,7.627314814814815
"('gura', 'inanis', 'sana', 'ouro', 'mumei', 'hakos')",1281,7.413194444444445
"('gura', 'inanis', 'ceres', 'ouro', 'mumei', 'hakos')",2318,13.414351851851853
"('gura', 'kiara', 'irys', 'sana', 'ceres', 'mumei')",991,5.734953703703704
"('gura', 'kiara', 'irys', 'sana', 'ouro', 'mumei')",980,5.671296296296297
"('gura', 'kiara', 'irys', 'sana', 'mumei', 'hakos')",1042,6.030092592592593
"('gura', 'kiara', 'irys', 'ceres', 'ouro', 'mumei')",1608,9.305555555555555
"('gura', 'kiara', 'irys', 'ceres', 'mumei', 'hakos')",1706,9.872685185185185
"('gura', 'kiara', 'irys', 'ouro', 'mumei', 'hakos')",1707,9.878472222222221
"('gura', 'kiara', 'sana', 'ceres', 'ouro', 'mumei')",1105,6.394675925925926
"('gura', 'kiara', 'sana', 'ceres', 'mumei', 'hakos')",1198,6.93287037037037
"('gura', 'kiara', 'sana', 'ouro', 'mumei', 'hakos')",1179,6.822916666666666
"('gura', 'kiara', 'ceres', 'ouro', 'mumei', 'hakos')",2005,11.60300925925926
"('gura', 'irys', 'sana', 'ceres', 'ouro', 'mumei')",1074,6.215277777777778
"('gura', 'irys', 'sana', 'ceres', 'mumei', 'hakos')",1133,6.556712962962963
"('gura', 'irys', 'sana', 'ouro', 'mumei', 'hakos')",1136,6.5740740740740735
"('gura', 'irys', 'ceres', 'ouro', 'mumei', 'hakos')",1966,11.377314814814815
"('gura', 'sana', 'ceres', 'ouro', 'mumei', 'hakos')",1326,7.673611111111112
"('inanis', 'kiara', 'irys', 'sana', 'ceres', 'mumei')",978,5.659722222222222
"('inanis', 'kiara', 'irys', 'sana', 'ouro', 'mumei')",943,5.457175925925926
"('inanis', 'kiara', 'irys', 'sana', 'mumei', 'hakos')",1016,5.87962962962963
"('inanis', 'kiara', 'irys', 'ceres', 'ouro', 'mumei')",1528,8.842592592592592
"('inanis', 'kiara', 'irys', 'ceres', 'mumei', 'hakos')",1659,9.600694444444445
"('inanis', 'kiara', 'irys', 'ouro', 'mumei', 'hakos')",1588,9.189814814814815
"('inanis', 'kiara', 'sana', 'ceres', 'ouro', 'mumei')",1073,6.2094907407407405
"('inanis', 'kiara', 'sana', 'ceres', 'mumei', 'hakos')",1180,6.828703703703703
"('inanis', 'kiara', 'sana', 'ouro', 'mumei', 'hakos')",1127,6.5219907407407405
"('inanis', 'kiara', 'ceres', 'ouro', 'mumei', 'hakos')",1888,10.925925925925926
"('inanis', 'irys', 'sana', 'ceres', 'ouro', 'mumei')",1026,5.9375
"('inanis', 'irys', 'sana', 'ceres', 'mumei', 'hakos')",1106,6.400462962962964
"('inanis', 'irys', 'sana', 'ouro', 'mumei', 'hakos')",1077,6.232638888888889
"('inanis', 'irys', 'ceres', 'ouro', 'mumei', 'hakos')",1853,10.72337962962963
"('inanis', 'sana', 'ceres', 'ouro', 'mumei', 'hakos')",1253,7.251157407407407
"('kiara', 'irys', 'sana', 'ceres', 'ouro', 'mumei')",968,5.601851851851851
"('kiara', 'irys', 'sana', 'ceres', 'mumei', 'hakos')",1035,5.989583333333334
"('kiara', 'irys', 'sana', 'ouro', 'mumei', 'hakos')",1017,5.885416666666667
"('kiara', 'irys', 'ceres', 'ouro', 'mumei', 'hakos')",1646,9.525462962962964
"('kiara', 'sana', 'ceres', 'ouro', 'mumei', 'hakos')",1151,6.660879629629629
"('irys', 'sana', 'ceres', 'ouro', 'mumei', 'hakos')",1131,6.545138888888889
"('amelia', 'calliope', 'gura', 'inanis', 'kiara', 'irys', 'mumei')",1308,7.569444444444444
"('amelia', 'calliope', 'gura', 'inanis', 'kiara', 'sana', 'mumei')",948,5.486111111111111
"('amelia', 'calliope', 'gura', 'inanis', 'kiara', 'ceres', 'mumei')",1556,9.00462962962963
"('amelia', 'calliope', 'gura', 'inanis', 'kiara', 'ouro', 'mumei')",1528,8.842592592592592
"('amelia', 'calliope', 'gura', 'inanis', 'kiara', 'mumei', 'hakos')",1643,9.508101851851853
"('amelia', 'calliope', 'gura', 'inanis', 'irys', 'sana', 'mumei')",865,5.005787037037037
"('amelia', 'calliope', 'gura', 'inanis', 'irys', 'ceres', 'mumei')",1424,8.24074074074074
"('amelia', 'calliope', 'gura', 'inanis', 'irys', 'ouro', 'mumei')",1414,8.18287037037037
"('amelia', 'calliope', 'gura', 'inanis', 'irys', 'mumei', 'hakos')",1508,8.726851851851853
"('amelia', 'calliope', 'gura', 'inanis', 'sana', 'ceres', 'mumei')",1001,5.7928240740740735
"('amelia', 'calliope', 'gura', 'inanis', 'sana', 'ouro', 'mumei')",974,5.636574074074074
"('amelia', 'calliope', 'gura', 'inanis', 'sana', 'mumei', 'hakos')",1033,5.9780092592592595
"('amelia', 'calliope', 'gura', 'inanis', 'ceres', 'ouro', 'mumei')",1678,9.710648148148149
"('amelia', 'calliope', 'gura', 'inanis', 'ceres', 'mumei', 'hakos')",1781,10.306712962962964
"('amelia', 'calliope', 'gura', 'inanis', 'ouro', 'mumei', 'hakos')",1779,10.29513888888889
"('amelia', 'calliope', 'gura', 'kiara', 'irys', 'sana', 'mumei')",841,4.866898148148148
"('amelia', 'calliope', 'gura', 'kiara', 'irys', 'ceres', 'mumei')",1307,7.563657407407407
"('amelia', 'calliope', 'gura', 'kiara', 'irys', 'ouro', 'mumei')",1318,7.627314814814815
"('amelia', 'calliope', 'gura', 'kiara', 'irys', 'mumei', 'hakos')",1402,8.113425925925926
"('amelia', 'calliope', 'gura', 'kiara', 'sana', 'ceres', 'mumei')",947,5.480324074074074
"('amelia', 'calliope', 'gura', 'kiara', 'sana', 'ouro', 'mumei')",932,5.393518518518518
"('amelia', 'calliope', 'gura', 'kiara', 'sana', 'mumei', 'hakos')",995,5.758101851851852
"('amelia', 'calliope', 'gura', 'kiara', 'ceres', 'ouro', 'mumei')",1508,8.726851851851853
"('amelia', 'calliope', 'gura', 'kiara', 'ceres', 'mumei', 'hakos')",1600,9.25925925925926
"('amelia', 'calliope', 'gura', 'kiara', 'ouro', 'mumei', 'hakos')",1632,9.444444444444445
"('amelia', 'calliope', 'gura', 'irys', 'sana', 'ceres', 'mumei')",871,5.0405092592592595
"('amelia', 'calliope', 'gura', 'irys', 'sana', 'ouro', 'mumei')",874,5.05787037037037
"('amelia', 'calliope', 'gura', 'irys', 'sana', 'mumei', 'hakos')",923,5.341435185185185
"('amelia', 'calliope', 'gura', 'irys', 'ceres', 'ouro', 'mumei')",1414,8.18287037037037
"('amelia', 'calliope', 'gura', 'irys', 'ceres', 'mumei', 'hakos')",1491,8.628472222222221
"('amelia', 'calliope', 'gura', 'irys', 'ouro', 'mumei', 'hakos')",1525,8.825231481481481
"('amelia', 'calliope', 'gura', 'sana', 'ceres', 'ouro', 'mumei')",987,5.711805555555555
"('amelia', 'calliope', 'gura', 'sana', 'ceres', 'mumei', 'hakos')",1048,6.064814814814815
"('amelia', 'calliope', 'gura', 'sana', 'ouro', 'mumei', 'hakos')",1041,6.024305555555555
"('amelia', 'calliope', 'gura', 'ceres', 'ouro', 'mumei', 'hakos')",1752,10.13888888888889
"('amelia', 'calliope', 'inanis', 'kiara', 'irys', 'sana', 'mumei')",823,4.762731481481482
"('amelia', 'calliope', 'inanis', 'kiara', 'irys', 'ceres', 'mumei')",1265,7.320601851851852
"('amelia', 'calliope', 'inanis', 'kiara', 'irys', 'ouro', 'mumei')",1245,7.204861111111111
"('amelia', 'calliope', 'inanis', 'kiara', 'irys', 'mumei', 'hakos')",1339,7.7488425925925934
"('amelia', 'calliope', 'inanis', 'kiara', 'sana', 'ceres', 'mumei')",933,5.399305555555555
"('amelia', 'calliope', 'inanis', 'kiara', 'sana', 'ouro', 'mumei')",895,5.179398148148148
"('amelia', 'calliope', 'inanis', 'kiara', 'sana', 'mumei', 'hakos')",969,5.607638888888889
"('amelia', 'calliope', 'inanis', 'kiara', 'ceres', 'ouro', 'mumei')",1456,8.425925925925926
"('amelia', 'calliope', 'inanis', 'kiara', 'ceres', 'mumei', 'hakos')",1569,9.07986111111111
"('amelia', 'calliope', 'inanis', 'kiara', 'ouro', 'mumei', 'hakos')",1544,8.935185185185185
"('amelia', 'calliope', 'inanis', 'irys', 'sana', 'ceres', 'mumei')",852,4.930555555555555
"('amelia', 'calliope', 'inanis', 'irys', 'sana', 'ouro', 'mumei')",841,4.866898148148148
"('amelia', 'calliope', 'inanis', 'irys', 'sana', 'mumei', 'hakos')",892,5.162037037037037
"('amelia', 'calliope', 'inanis', 'irys', 'ceres', 'ouro', 'mumei')",1355,7.841435185185184
"('amelia', 'calliope', 'inanis', 'irys', 'ceres', 'mumei', 'hakos')",1454,8.414351851851851
"('amelia', 'calliope', 'inanis', 'irys', 'ouro', 'mumei', 'hakos')",1441,8.33912037037037
"('amelia', 'calliope', 'inanis', 'sana', 'ceres', 'ouro', 'mumei')",940,5.439814814814815
"('amelia', 'calliope', 'inanis', 'sana', 'ceres', 'mumei', 'hakos')",1012,5.856481481481481
"('amelia', 'calliope', 'inanis', 'sana', 'ouro', 'mumei', 'hakos')",983,5.688657407407407
"('amelia', 'calliope', 'inanis', 'ceres', 'ouro', 'mumei', 'hakos')",1676,9.699074074074074
"('amelia', 'calliope', 'kiara', 'irys', 'sana', 'ceres', 'mumei')",822,4.756944444444445
"('amelia', 'calliope', 'kiara', 'irys', 'sana', 'ouro', 'mumei')",820,4.74537037037037
"('amelia', 'calliope', 'kiara', 'irys', 'sana', 'mumei', 'hakos')",873,5.052083333333333
"('amelia', 'calliope', 'kiara', 'irys', 'ceres', 'ouro', 'mumei')",1257,7.274305555555556
"('amelia', 'calliope', 'kiara', 'irys', 'ceres', 'mumei', 'hakos')",1345,7.783564814814816
"('amelia', 'calliope', 'kiara', 'irys', 'ouro', 'mumei', 'hakos')",1359,7.864583333333333
"('amelia', 'calliope', 'kiara', 'sana', 'ceres', 'ouro', 'mumei')",904,5.231481481481481
"('amelia', 'calliope', 'kiara', 'sana', 'ceres', 'mumei', 'hakos')",976,5.648148148148148
"('amelia', 'calliope', 'kiara', 'sana', 'ouro', 'mumei', 'hakos')",961,5.561342592592593
"('amelia', 'calliope', 'kiara', 'ceres', 'ouro', 'mumei', 'hakos')",1528,8.842592592592592
"('amelia', 'calliope', 'irys', 'sana', 'ceres', 'ouro', 'mumei')",858,4.965277777777778
"('amelia', 'calliope', 'irys', 'sana', 'ceres', 'mumei', 'hakos')",906,5.243055555555555
"('amelia', 'calliope', 'irys', 'sana', 'ouro', 'mumei', 'hakos')",907,5.248842592592593
"('amelia', 'calliope', 'irys', 'ceres', 'ouro', 'mumei', 'hakos')",1445,8.362268518518519
"('amelia', 'calliope', 'sana', 'ceres', 'ouro', 'mumei', 'hakos')",1009,5.83912037037037
"('amelia', 'gura', 'inanis', 'kiara', 'irys', 'sana', 'mumei')",904,5.231481481481481
"('amelia', 'gura', 'inanis', 'kiara', 'irys', 'ceres', 'mumei')",1457,8.431712962962964
"('amelia', 'gura', 'inanis', 'kiara', 'irys', 'ouro', 'mumei')",1408,8.148148148148149
"('amelia', 'gura', 'inanis', 'kiara', 'irys', 'mumei', 'hakos')",1517,8.778935185185185
"('amelia', 'gura', 'inanis', 'kiara', 'sana', 'ceres', 'mumei')",1050,6.076388888888888
"('amelia', 'gura', 'inanis', 'kiara', 'sana', 'ouro', 'mumei')",995,5.758101851851852
"('amelia', 'gura', 'inanis', 'kiara', 'sana', 'mumei', 'hakos')",1077,6.232638888888889
"('amelia', 'gura', 'inanis', 'kiara', 'ceres', 'ouro', 'mumei')",1676,9.699074074074074
"('amelia', 'gura', 'inanis', 'kiara', 'ceres', 'mumei', 'hakos')",1801,10.422453703703702
"('amelia', 'gura', 'inanis', 'kiara', 'ouro', 'mumei', 'hakos')",1750,10.127314814814815
"('amelia', 'gura', 'inanis', 'irys', 'sana', 'ceres', 'mumei')",960,5.555555555555555
"('amelia', 'gura', 'inanis', 'irys', 'sana', 'ouro', 'mumei')",940,5.439814814814815
"('amelia', 'gura', 'inanis', 'irys', 'sana', 'mumei', 'hakos')",999,5.78125
"('amelia', 'gura', 'inanis', 'irys', 'ceres', 'ouro', 'mumei')",1606,9.293981481481481
"('amelia', 'gura', 'inanis', 'irys', 'ceres', 'mumei', 'hakos')",1721,9.95949074074074
"('amelia', 'gura', 'inanis', 'irys', 'ouro', 'mumei', 'hakos')",1673,9.681712962962962
"('amelia', 'gura', 'inanis', 'sana', 'ceres', 'ouro', 'mumei')",1086,6.284722222222222
"('amelia', 'gura', 'inanis', 'sana', 'ceres', 'mumei', 'hakos')",1175,6.799768518518519
"('amelia', 'gura', 'inanis', 'sana', 'ouro', 'mumei', 'hakos')",1133,6.556712962962963
"('amelia', 'gura', 'inanis', 'ceres', 'ouro', 'mumei', 'hakos')",2012,11.643518518518519
"('amelia', 'gura', 'kiara', 'irys', 'sana', 'ceres', 'mumei')",905,5.237268518518518
"('amelia', 'gura', 'kiara', 'irys', 'sana', 'ouro', 'mumei')",899,5.202546296296296
"('amelia', 'gura', 'kiara', 'irys', 'sana', 'mumei', 'hakos')",955,5.52662037037037
"('amelia', 'gura', 'kiara', 'irys', 'ceres', 'ouro', 'mumei')",1440,8.333333333333332
"('amelia', 'gura', 'kiara', 'irys', 'ceres', 'mumei', 'hakos')",1524,8.819444444444445
"('amelia', 'gura', 'kiara', 'irys', 'ouro', 'mumei', 'hakos')",1521,8.802083333333334
"('amelia', 'gura', 'kiara', 'sana', 'ceres', 'ouro', 'mumei')",999,5.78125
"('amelia', 'gura', 'kiara', 'sana', 'ceres', 'mumei', 'hakos')",1081,6.255787037037037
"('amelia', 'gura', 'kiara', 'sana', 'ouro', 'mumei', 'hakos')",1062,6.145833333333333
"('amelia', 'gura', 'kiara', 'ceres', 'ouro', 'mumei', 'hakos')",1752,10.13888888888889
"('amelia', 'gura', 'irys', 'sana', 'ceres', 'ouro', 'mumei')",966,5.590277777777778
"('amelia', 'gura', 'irys', 'sana', 'ceres', 'mumei', 'hakos')",1020,5.902777777777778
"('amelia', 'gura', 'irys', 'sana', 'ouro', 'mumei', 'hakos')",1015,5.873842592592593
"('amelia', 'gura', 'irys', 'ceres', 'ouro', 'mumei', 'hakos')",1712,9.907407407407408
"('amelia', 'gura', 'sana', 'ceres', 'ouro', 'mumei', 'hakos')",1163,6.730324074074074
"('amelia', 'inanis', 'kiara', 'irys', 'sana', 'ceres', 'mumei')",888,5.138888888888888
"('amelia', 'inanis', 'kiara', 'irys', 'sana', 'ouro', 'mumei')",864,5.0
"('amelia', 'inanis', 'kiara', 'irys', 'sana', 'mumei', 'hakos')",929,5.376157407407407
"('amelia', 'inanis', 'kiara', 'irys', 'ceres', 'ouro', 'mumei')",1371,7.934027777777778
"('amelia', 'inanis', 'kiara', 'irys', 'ceres', 'mumei', 'hakos')",1478,8.55324074074074
"('amelia', 'inanis', 'kiara', 'irys', 'ouro', 'mumei', 'hakos')",1424,8.24074074074074
"('amelia', 'inanis', 'kiara', 'sana', 'ceres', 'ouro', 'mumei')",968,5.601851851851851
"('amelia', 'inanis', 'kiara', 'sana', 'ceres', 'mumei', 'hakos')",1059,6.128472222222222
"('amelia', 'inanis', 'kiara', 'sana', 'ouro', 'mumei', 'hakos')",1010,5.844907407407407
"('amelia', 'inanis', 'kiara', 'ceres', 'ouro', 'mumei', 'hakos')",1672,9.675925925925926
"('amelia', 'inanis', 'irys', 'sana', 'ceres', 'ouro', 'mumei')",932,5.393518518518518
"('amelia', 'inanis', 'irys', 'sana', 'ceres', 'mumei', 'hakos')",993,5.746527777777778
"('amelia', 'inanis', 'irys', 'sana', 'ouro', 'mumei', 'hakos')",971,5.619212962962963
"('amelia', 'inanis', 'irys', 'ceres', 'ouro', 'mumei', 'hakos')",1636,9.467592592592593
"('amelia', 'inanis', 'sana', 'ceres', 'ouro', 'mumei', 'hakos')",1106,6.400462962962964
"('amelia', 'kiara', 'irys', 'sana', 'ceres', 'ouro', 'mumei')",878,5.081018518518519
"('amelia', 'kiara', 'irys', 'sana', 'ceres', 'mumei', 'hakos')",936,5.416666666666667
"('amelia', 'kiara', 'irys', 'sana', 'ouro', 'mumei', 'hakos')",925,5.3530092592592595
"('amelia', 'kiara', 'irys', 'ceres', 'ouro', 'mumei', 'hakos')",1463,8.466435185185185
"('amelia', 'kiara', 'sana', 'ceres', 'ouro', 'mumei', 'hakos')",1028,5.949074074074074
"('amelia', 'irys', 'sana', 'ceres', 'ouro', 'mumei', 'hakos')",1004,5.810185185185185
"('calliope', 'gura', 'inanis', 'kiara', 'irys', 'sana', 'mumei')",826,4.780092592592593
"('calliope', 'gura', 'inanis', 'kiara', 'irys', 'ceres', 'mumei')",1290,7.465277777777778
"('calliope', 'gura', 'inanis', 'kiara', 'irys', 'ouro', 'mumei')",1263,7.309027777777779
"('calliope', 'gura', 'inanis', 'kiara', 'irys', 'mumei', 'hakos')",1349,7.806712962962963
"('calliope', 'gura', 'inanis', 'kiara', 'sana', 'ceres', 'mumei')",947,5.480324074074074
"('calliope', 'gura', 'inanis', 'kiara', 'sana', 'ouro', 'mumei')",911,5.271990740740741
"('calliope', 'gura', 'inanis', 'kiara', 'sana', 'mumei', 'hakos')",976,5.648148148148148
"('calliope', 'gura', 'inanis', 'kiara', 'ceres', 'ouro', 'mumei')",1495,8.65162037037037
"('calliope', 'gura', 'inanis', 'kiara', 'ceres', 'mumei', 'hakos')",1601,9.265046296296296
"('calliope', 'gura', 'inanis', 'kiara', 'ouro', 'mumei', 'hakos')",1578,9.131944444444445
"('calliope', 'gura', 'inanis', 'irys', 'sana', 'ceres', 'mumei')",869,5.028935185185185
"('calliope', 'gura', 'inanis', 'irys', 'sana', 'ouro', 'mumei')",861,4.982638888888889
"('calliope', 'gura', 'inanis', 'irys', 'sana', 'mumei', 'hakos')",908,5.25462962962963
"('calliope', 'gura', 'inanis', 'irys', 'ceres', 'ouro', 'mumei')",1389,8.038194444444445
"('calliope', 'gura', 'inanis', 'irys', 'ceres', 'mumei', 'hakos')",1483,8.582175925925926
"('calliope', 'gura', 'inanis', 'irys', 'ouro', 'mumei', 'hakos')",1479,8.559027777777779
"('calliope', 'gura', 'inanis', 'sana', 'ceres', 'ouro', 'mumei')",977,5.653935185185185
"('calliope', 'gura', 'inanis', 'sana', 'ceres', 'mumei', 'hakos')",1044,6.041666666666667
"('calliope', 'gura', 'inanis', 'sana', 'ouro', 'mumei', 'hakos')",1026,5.9375
"('calliope', 'gura', 'inanis', 'ceres', 'ouro', 'mumei', 'hakos')",1742,10.081018518518519
"('calliope', 'gura', 'kiara', 'irys', 'sana', 'ceres', 'mumei')",827,4.78587962962963
"('calliope', 'gura', 'kiara', 'irys', 'sana', 'ouro', 'mumei')",824,4.768518518518518
"('calliope', 'gura', 'kiara', 'irys', 'sana', 'mumei', 'hakos')",875,5.063657407407407
"('calliope', 'gura', 'kiara', 'irys', 'ceres', 'ouro', 'mumei')",1272,7.361111111111112
"('calliope', 'gura', 'kiara', 'irys', 'ceres', 'mumei', 'hakos')",1356,7.847222222222222
"('calliope', 'gura', 'kiara', 'irys', 'ouro', 'mumei', 'hakos')",1367,7.91087962962963
"('calliope', 'gura', 'kiara', 'sana', 'ceres', 'ouro', 'mumei')",915,5.295138888888888
"('calliope', 'gura', 'kiara', 'sana', 'ceres', 'mumei', 'hakos')",985,5.700231481481482
"('calliope', 'gura', 'kiara', 'sana', 'ouro', 'mumei', 'hakos')",972,5.625
"('calliope', 'gura', 'kiara', 'ceres', 'ouro', 'mumei', 'hakos')",1565,9.056712962962964
"('calliope', 'gura', 'irys', 'sana', 'ceres', 'ouro', 'mumei')",877,5.075231481481481
"('calliope', 'gura', 'irys', 'sana', 'ceres', 'mumei', 'hakos')",926,5.358796296296296
"('calliope', 'gura', 'irys', 'sana', 'ouro', 'mumei', 'hakos')",930,5.381944444444445
"('calliope', 'gura', 'irys', 'ceres', 'ouro', 'mumei', 'hakos')",1478,8.55324074074074
"('calliope', 'gura', 'sana', 'ceres', 'ouro', 'mumei', 'hakos')",1048,6.064814814814815
"('calliope', 'inanis', 'kiara', 'irys', 'sana', 'ceres', 'mumei')",822,4.756944444444445
"('calliope', 'inanis', 'kiara', 'irys', 'sana', 'ouro', 'mumei')",804,4.652777777777778
"('calliope', 'inanis', 'kiara', 'irys', 'sana', 'mumei', 'hakos')",860,4.976851851851852
"('calliope', 'inanis', 'kiara', 'irys', 'ceres', 'ouro', 'mumei')",1236,7.152777777777778
"('calliope', 'inanis', 'kiara', 'irys', 'ceres', 'mumei', 'hakos')",1339,7.7488425925925934
"('calliope', 'inanis', 'kiara', 'irys', 'ouro', 'mumei', 'hakos')",1303,7.5405092592592595
"('calliope', 'inanis', 'kiara', 'sana', 'ceres', 'ouro', 'mumei')",894,5.173611111111111
"('calliope', 'inanis', 'kiara', 'sana', 'ceres', 'mumei', 'hakos')",974,5.636574074074074
"('calliope', 'inanis', 'kiara', 'sana', 'ouro', 'mumei', 'hakos')",938,5.4282407407407405
"('calliope', 'inanis', 'kiara', 'ceres', 'ouro', 'mumei', 'hakos')",1517,8.778935185185185
"('calliope', 'inanis', 'irys', 'sana', 'ceres', 'ouro', 'mumei')",848,4.907407407407407
"('calliope', 'inanis', 'irys', 'sana', 'ceres', 'mumei', 'hakos')",904,5.231481481481481
"('calliope', 'inanis', 'irys', 'sana', 'ouro', 'mumei', 'hakos')",890,5.150462962962963
"('calliope', 'inanis', 'irys', 'ceres', 'ouro', 'mumei', 'hakos')",1426,8.252314814814815
"('calliope', 'inanis', 'sana', 'ceres', 'ouro', 'mumei', 'hakos')",999,5.78125
"('calliope', 'kiara', 'irys', 'sana', 'ceres', 'ouro', 'mumei')",813,4.704861111111111
"('calliope', 'kiara', 'irys', 'sana', 'ceres', 'mumei', 'hakos')",871,5.0405092592592595
"('calliope', 'kiara', 'irys', 'sana', 'ouro', 'mumei', 'hakos')",862,4.988425925925926
"('calliope', 'kiara', 'irys', 'ceres', 'ouro', 'mumei', 'hakos')",1316,7.615740740740741
"('calliope', 'kiara', 'sana', 'ceres', 'ouro', 'mumei', 'hakos')",953,5.515046296296297
"('calliope', 'irys', 'sana', 'ceres', 'ouro', 'mumei', 'hakos')",921,5.329861111111111
"('gura', 'inanis', 'kiara', 'irys', 'sana', 'ceres', 'mumei')",902,5.219907407407407
"('gura', 'inanis', 'kiara', 'irys', 'sana', 'ouro', 'mumei')",876,5.069444444444445
"('gura', 'inanis', 'kiara', 'irys', 'sana', 'mumei', 'hakos')",933,5.399305555555555
"('gura', 'inanis', 'kiara', 'irys', 'ceres', 'ouro', 'mumei')",1408,8.148148148148149
"('gura', 'inanis', 'kiara', 'irys', 'ceres', 'mumei', 'hakos')",1510,8.738425925925926
"('gura', 'inanis', 'kiara', 'irys', 'ouro', 'mumei', 'hakos')",1456,8.425925925925926
"('gura', 'inanis', 'kiara', 'sana', 'ceres', 'ouro', 'mumei')",991,5.734953703703704
"('gura', 'inanis', 'kiara', 'sana', 'ceres', 'mumei', 'hakos')",1079,6.244212962962963
"('gura', 'inanis', 'kiara', 'sana', 'ouro', 'mumei', 'hakos')",1036,5.99537037037037
"('gura', 'inanis', 'kiara', 'ceres', 'ouro', 'mumei', 'hakos')",1728,10.0
"('gura', 'inanis', 'irys', 'sana', 'ceres', 'ouro', 'mumei')",950,5.497685185185185
"('gura', 'inanis', 'irys', 'sana', 'ceres', 'mumei', 'hakos')",1012,5.856481481481481
"('gura', 'inanis', 'irys', 'sana', 'ouro', 'mumei', 'hakos')",991,5.734953703703704
"('gura', 'inanis', 'irys', 'ceres', 'ouro', 'mumei', 'hakos')",1684,9.74537037037037
"('gura', 'inanis', 'sana', 'ceres', 'ouro', 'mumei', 'hakos')",1154,6.6782407407407405
"('gura', 'kiara', 'irys', 'sana', 'ceres', 'ouro', 'mumei')",895,5.179398148148148
"('gura', 'kiara', 'irys', 'sana', 'ceres', 'mumei', 'hakos')",953,5.515046296296297
"('gura', 'kiara', 'irys', 'sana', 'ouro', 'mumei', 'hakos')",943,5.457175925925926
"('gura', 'kiara', 'irys', 'ceres', 'ouro', 'mumei', 'hakos')",1505,8.70949074074074
"('gura', 'kiara', 'sana', 'ceres', 'ouro', 'mumei', 'hakos')",1055,6.105324074074074
"('gura', 'irys', 'sana', 'ceres', 'ouro', 'mumei', 'hakos')",1033,5.9780092592592595
"('inanis', 'kiara', 'irys', 'sana', 'ceres', 'ouro', 'mumei')",871,5.0405092592592595
"('inanis', 'kiara', 'irys', 'sana', 'ceres', 'mumei', 'hakos')",937,5.422453703703703
"('inanis', 'kiara', 'irys', 'sana', 'ouro', 'mumei', 'hakos')",905,5.237268518518518
"('inanis', 'kiara', 'irys', 'ceres', 'ouro', 'mumei', 'hakos')",1444,8.356481481481481
"('inanis', 'kiara', 'sana', 'ceres', 'ouro', 'mumei', 'hakos')",1024,5.9259259259259265
"('inanis', 'irys', 'sana', 'ceres', 'ouro', 'mumei', 'hakos')",991,5.734953703703704
"('kiara', 'irys', 'sana', 'ceres', 'ouro', 'mumei', 'hakos')",934,5.405092592592593
"('amelia', 'calliope', 'gura', 'inanis', 'kiara', 'irys', 'sana', 'mumei')",771,4.461805555555555
"('amelia', 'calliope', 'gura', 'inanis', 'kiara', 'irys', 'ceres', 'mumei')",1186,6.863425925925926
"('amelia', 'calliope', 'gura', 'inanis', 'kiara', 'irys', 'ouro', 'mumei')",1165,6.741898148148148
"('amelia', 'calliope', 'gura', 'inanis', 'kiara', 'irys', 'mumei', 'hakos')",1244,7.199074074074074
"('amelia', 'calliope', 'gura', 'inanis', 'kiara', 'sana', 'ceres', 'mumei')",873,5.052083333333333
"('amelia', 'calliope', 'gura', 'inanis', 'kiara', 'sana', 'ouro', 'mumei')",843,4.878472222222222
"('amelia', 'calliope', 'gura', 'inanis', 'kiara', 'sana', 'mumei', 'hakos')",900,5.208333333333334
"('amelia', 'calliope', 'gura', 'inanis', 'kiara', 'ceres', 'ouro', 'mumei')",1360,7.87037037037037
"('amelia', 'calliope', 'gura', 'inanis', 'kiara', 'ceres', 'mumei', 'hakos')",1455,8.42013888888889
"('amelia', 'calliope', 'gura', 'inanis', 'kiara', 'ouro', 'mumei', 'hakos')",1435,8.304398148148149
"('amelia', 'calliope', 'gura', 'inanis', 'irys', 'sana', 'ceres', 'mumei')",801,4.635416666666667
"('amelia', 'calliope', 'gura', 'inanis', 'irys', 'sana', 'ouro', 'mumei')",793,4.58912037037037
"('amelia', 'calliope', 'gura', 'inanis', 'irys', 'sana', 'mumei', 'hakos')",835,4.832175925925926
"('amelia', 'calliope', 'gura', 'inanis', 'irys', 'ceres', 'ouro', 'mumei')",1265,7.320601851851852
"('amelia', 'calliope', 'gura', 'inanis', 'irys', 'ceres', 'mumei', 'hakos')",1355,7.841435185185184
"('amelia', 'calliope', 'gura', 'inanis', 'irys', 'ouro', 'mumei', 'hakos')",1343,7.7719907407407405
"('amelia', 'calliope', 'gura', 'inanis', 'sana', 'ceres', 'ouro', 'mumei')",890,5.150462962962963
"('amelia', 'calliope', 'gura', 'inanis', 'sana', 'ceres', 'mumei', 'hakos')",950,5.497685185185185
"('amelia', 'calliope', 'gura', 'inanis', 'sana', 'ouro', 'mumei', 'hakos')",929,5.376157407407407
"('amelia', 'calliope', 'gura', 'inanis', 'ceres', 'ouro', 'mumei', 'hakos')",1563,9.04513888888889
"('amelia', 'calliope', 'gura', 'kiara', 'irys', 'sana', 'ceres', 'mumei')",770,4.456018518518518
"('amelia', 'calliope', 'gura', 'kiara', 'irys', 'sana', 'ouro', 'mumei')",769,4.450231481481481
"('amelia', 'calliope', 'gura', 'kiara', 'irys', 'sana', 'mumei', 'hakos')",816,4.722222222222222
"('amelia', 'calliope', 'gura', 'kiara', 'irys', 'ceres', 'ouro', 'mumei')",1173,6.788194444444444
"('amelia', 'calliope', 'gura', 'kiara', 'irys', 'ceres', 'mumei', 'hakos')",1251,7.239583333333334
"('amelia', 'calliope', 'gura', 'kiara', 'irys', 'ouro', 'mumei', 'hakos')",1258,7.280092592592593
"('amelia', 'calliope', 'gura', 'kiara', 'sana', 'ceres', 'ouro', 'mumei')",845,4.890046296296297
"('amelia', 'calliope', 'gura', 'kiara', 'sana', 'ceres', 'mumei', 'hakos')",907,5.248842592592593
"('amelia', 'calliope', 'gura', 'kiara', 'sana', 'ouro', 'mumei', 'hakos')",897,5.190972222222222
"('amelia', 'calliope', 'gura', 'kiara', 'ceres', 'ouro', 'mumei', 'hakos')",1417,8.200231481481483
"('amelia', 'calliope', 'gura', 'irys', 'sana', 'ceres', 'ouro', 'mumei')",804,4.652777777777778
"('amelia', 'calliope', 'gura', 'irys', 'sana', 'ceres', 'mumei', 'hakos')",850,4.918981481481482
"('amelia', 'calliope', 'gura', 'irys', 'sana', 'ouro', 'mumei', 'hakos')",850,4.918981481481482
"('amelia', 'calliope', 'gura', 'irys', 'ceres', 'ouro', 'mumei', 'hakos')",1341,7.760416666666667
"('amelia', 'calliope', 'gura', 'sana', 'ceres', 'ouro', 'mumei', 'hakos')",947,5.480324074074074
"('amelia', 'calliope', 'inanis', 'kiara', 'irys', 'sana', 'ceres', 'mumei')",760,4.398148148148148
"('amelia', 'calliope', 'inanis', 'kiara', 'irys', 'sana', 'ouro', 'mumei')",747,4.322916666666667
"('amelia', 'calliope', 'inanis', 'kiara', 'irys', 'sana', 'mumei', 'hakos')",798,4.618055555555555
"('amelia', 'calliope', 'inanis', 'kiara', 'irys', 'ceres', 'ouro', 'mumei')",1132,6.550925925925926
"('amelia', 'calliope', 'inanis', 'kiara', 'irys', 'ceres', 'mumei', 'hakos')",1222,7.0717592592592595
"('amelia', 'calliope', 'inanis', 'kiara', 'irys', 'ouro', 'mumei', 'hakos')",1196,6.921296296296296
"('amelia', 'calliope', 'inanis', 'kiara', 'sana', 'ceres', 'ouro', 'mumei')",823,4.762731481481482
"('amelia', 'calliope', 'inanis', 'kiara', 'sana', 'ceres', 'mumei', 'hakos')",893,5.167824074074074
"('amelia', 'calliope', 'inanis', 'kiara', 'sana', 'ouro', 'mumei', 'hakos')",862,4.988425925925926
"('amelia', 'calliope', 'inanis', 'kiara', 'ceres', 'ouro', 'mumei', 'hakos')",1380,7.986111111111111
"('amelia', 'calliope', 'inanis', 'irys', 'sana', 'ceres', 'ouro', 'mumei')",782,4.525462962962963
"('amelia', 'calliope', 'inanis', 'irys', 'sana', 'ceres', 'mumei', 'hakos')",831,4.809027777777778
"('amelia', 'calliope', 'inanis', 'irys', 'sana', 'ouro', 'mumei', 'hakos')",817,4.7280092592592595
"('amelia', 'calliope', 'inanis', 'irys', 'ceres', 'ouro', 'mumei', 'hakos')",1301,7.528935185185186
"('amelia', 'calliope', 'inanis', 'sana', 'ceres', 'ouro', 'mumei', 'hakos')",907,5.248842592592593
"('amelia', 'calliope', 'kiara', 'irys', 'sana', 'ceres', 'ouro', 'mumei')",754,4.3634259259259265
"('amelia', 'calliope', 'kiara', 'irys', 'sana', 'ceres', 'mumei', 'hakos')",805,4.658564814814815
"('amelia', 'calliope', 'kiara', 'irys', 'sana', 'ouro', 'mumei', 'hakos')",800,4.62962962962963
"('amelia', 'calliope', 'kiara', 'irys', 'ceres', 'ouro', 'mumei', 'hakos')",1211,7.008101851851851
"('amelia', 'calliope', 'kiara', 'sana', 'ceres', 'ouro', 'mumei', 'hakos')",874,5.05787037037037
"('amelia', 'calliope', 'irys', 'sana', 'ceres', 'ouro', 'mumei', 'hakos')",838,4.849537037037037
"('amelia', 'gura', 'inanis', 'kiara', 'irys', 'sana', 'ceres', 'mumei')",832,4.814814814814815
"('amelia', 'gura', 'inanis', 'kiara', 'irys', 'sana', 'ouro', 'mumei')",810,4.6875
"('amelia', 'gura', 'inanis', 'kiara', 'irys', 'sana', 'mumei', 'hakos')",864,5.0
"('amelia', 'gura', 'inanis', 'kiara', 'irys', 'ceres', 'ouro', 'mumei')",1281,7.413194444444445
"('amelia', 'gura', 'inanis', 'kiara', 'irys', 'ceres', 'mumei', 'hakos')",1375,7.957175925925926
"('amelia', 'gura', 'inanis', 'kiara', 'irys', 'ouro', 'mumei', 'hakos')",1324,7.662037037037036
"('amelia', 'gura', 'inanis', 'kiara', 'sana', 'ceres', 'ouro', 'mumei')",908,5.25462962962963
"('amelia', 'gura', 'inanis', 'kiara', 'sana', 'ceres', 'mumei', 'hakos')",988,5.717592592592593
"('amelia', 'gura', 'inanis', 'kiara', 'sana', 'ouro', 'mumei', 'hakos')",944,5.462962962962963
"('amelia', 'gura', 'inanis', 'kiara', 'ceres', 'ouro', 'mumei', 'hakos')",1555,8.998842592592593
"('amelia', 'gura', 'inanis', 'irys', 'sana', 'ceres', 'ouro', 'mumei')",869,5.028935185185185
"('amelia', 'gura', 'inanis', 'irys', 'sana', 'ceres', 'mumei', 'hakos')",924,5.347222222222222
"('amelia', 'gura', 'inanis', 'irys', 'sana', 'ouro', 'mumei', 'hakos')",902,5.219907407407407
"('amelia', 'gura', 'inanis', 'irys', 'ceres', 'ouro', 'mumei', 'hakos')",1508,8.726851851851853
"('amelia', 'gura', 'inanis', 'sana', 'ceres', 'ouro', 'mumei', 'hakos')",1035,5.989583333333334
"('amelia', 'gura', 'kiara', 'irys', 'sana', 'ceres', 'ouro', 'mumei')",821,4.751157407407407
"('amelia', 'gura', 'kiara', 'irys', 'sana', 'ceres', 'mumei', 'hakos')",874,5.05787037037037
"('amelia', 'gura', 'kiara', 'irys', 'sana', 'ouro', 'mumei', 'hakos')",865,5.005787037037037
"('amelia', 'gura', 'kiara', 'irys', 'ceres', 'ouro', 'mumei', 'hakos')",1357,7.8530092592592595
"('amelia', 'gura', 'kiara', 'sana', 'ceres', 'ouro', 'mumei', 'hakos')",957,5.538194444444445
"('amelia', 'gura', 'irys', 'sana', 'ceres', 'ouro', 'mumei', 'hakos')",933,5.399305555555555
"('amelia', 'inanis', 'kiara', 'irys', 'sana', 'ceres', 'ouro', 'mumei')",801,4.635416666666667
"('amelia', 'inanis', 'kiara', 'irys', 'sana', 'ceres', 'mumei', 'hakos')",858,4.965277777777778
"('amelia', 'inanis', 'kiara', 'irys', 'sana', 'ouro', 'mumei', 'hakos')",832,4.814814814814815
"('amelia', 'inanis', 'kiara', 'irys', 'ceres', 'ouro', 'mumei', 'hakos')",1307,7.563657407407407
"('amelia', 'inanis', 'kiara', 'sana', 'ceres', 'ouro', 'mumei', 'hakos')",929,5.376157407407407
"('amelia', 'inanis', 'irys', 'sana', 'ceres', 'ouro', 'mumei', 'hakos')",902,5.219907407407407
"('amelia', 'kiara', 'irys', 'sana', 'ceres', 'ouro', 'mumei', 'hakos')",851,4.924768518518519
"('calliope', 'gura', 'inanis', 'kiara', 'irys', 'sana', 'ceres', 'mumei')",768,4.444444444444445
"('calliope', 'gura', 'inanis', 'kiara', 'irys', 'sana', 'ouro', 'mumei')",755,4.369212962962963
"('calliope', 'gura', 'inanis', 'kiara', 'irys', 'sana', 'mumei', 'hakos')",800,4.62962962962963
"('calliope', 'gura', 'inanis', 'kiara', 'irys', 'ceres', 'ouro', 'mumei')",1153,6.672453703703704
"('calliope', 'gura', 'inanis', 'kiara', 'irys', 'ceres', 'mumei', 'hakos')",1234,7.141203703703704
"('calliope', 'gura', 'inanis', 'kiara', 'irys', 'ouro', 'mumei', 'hakos')",1210,7.002314814814816
"('calliope', 'gura', 'inanis', 'kiara', 'sana', 'ceres', 'ouro', 'mumei')",838,4.849537037037037
"('calliope', 'gura', 'inanis', 'kiara', 'sana', 'ceres', 'mumei', 'hakos')",904,5.231481481481481
"('calliope', 'gura', 'inanis', 'kiara', 'sana', 'ouro', 'mumei', 'hakos')",877,5.075231481481481
"('calliope', 'gura', 'inanis', 'kiara', 'ceres', 'ouro', 'mumei', 'hakos')",1409,8.153935185185185
"('calliope', 'gura', 'inanis', 'irys', 'sana', 'ceres', 'ouro', 'mumei')",799,4.623842592592593
"('calliope', 'gura', 'inanis', 'irys', 'sana', 'ceres', 'mumei', 'hakos')",846,4.895833333333333
"('calliope', 'gura', 'inanis', 'irys', 'sana', 'ouro', 'mumei', 'hakos')",838,4.849537037037037
"('calliope', 'gura', 'inanis', 'irys', 'ceres', 'ouro', 'mumei', 'hakos')",1324,7.662037037037036
"('calliope', 'gura', 'inanis', 'sana', 'ceres', 'ouro', 'mumei', 'hakos')",940,5.439814814814815
"('calliope', 'gura', 'kiara', 'irys', 'sana', 'ceres', 'ouro', 'mumei')",761,4.403935185185185
"('calliope', 'gura', 'kiara', 'irys', 'sana', 'ceres', 'mumei', 'hakos')",811,4.693287037037037
"('calliope', 'gura', 'kiara', 'irys', 'sana', 'ouro', 'mumei', 'hakos')",807,4.670138888888889
"('calliope', 'gura', 'kiara', 'irys', 'ceres', 'ouro', 'mumei', 'hakos')",1221,7.065972222222222
"('calliope', 'gura', 'kiara', 'sana', 'ceres', 'ouro', 'mumei', 'hakos')",887,5.133101851851852
"('calliope', 'gura', 'irys', 'sana', 'ceres', 'ouro', 'mumei', 'hakos')",858,4.965277777777778
"('calliope', 'inanis', 'kiara', 'irys', 'sana', 'ceres', 'ouro', 'mumei')",748,4.328703703703703
"('calliope', 'inanis', 'kiara', 'irys', 'sana', 'ceres', 'mumei', 'hakos')",803,4.6469907407407405
"('calliope', 'inanis', 'kiara', 'irys', 'sana', 'ouro', 'mumei', 'hakos')",784,4.537037037037037
"('calliope', 'inanis', 'kiara', 'irys', 'ceres', 'ouro', 'mumei', 'hakos')",1193,6.903935185185185
"('calliope', 'inanis', 'kiara', 'sana', 'ceres', 'ouro', 'mumei', 'hakos')",867,5.017361111111112
"('calliope', 'inanis', 'irys', 'sana', 'ceres', 'ouro', 'mumei', 'hakos')",830,4.8032407407407405
"('calliope', 'kiara', 'irys', 'sana', 'ceres', 'ouro', 'mumei', 'hakos')",800,4.62962962962963
"('gura', 'inanis', 'kiara', 'irys', 'sana', 'ceres', 'ouro', 'mumei')",815,4.716435185185185
"('gura', 'inanis', 'kiara', 'irys', 'sana', 'ceres', 'mumei', 'hakos')",870,5.034722222222222
"('gura', 'inanis', 'kiara', 'irys', 'sana', 'ouro', 'mumei', 'hakos')",845,4.890046296296297
"('gura', 'inanis', 'kiara', 'irys', 'ceres', 'ouro', 'mumei', 'hakos')",1337,7.737268518518518
"('gura', 'inanis', 'kiara', 'sana', 'ceres', 'ouro', 'mumei', 'hakos')",951,5.503472222222222
"('gura', 'inanis', 'irys', 'sana', 'ceres', 'ouro', 'mumei', 'hakos')",922,5.335648148148149
"('gura', 'kiara', 'irys', 'sana', 'ceres', 'ouro', 'mumei', 'hakos')",872,5.046296296296297
"('inanis', 'kiara', 'irys', 'sana', 'ceres', 'ouro', 'mumei', 'hakos')",847,4.90162037037037
"('amelia', 'calliope', 'gura', 'inanis', 'kiara', 'irys', 'sana', 'ceres', 'mumei')",717,4.149305555555555
"('amelia', 'calliope', 'gura', 'inanis', 'kiara', 'irys', 'sana', 'ouro', 'mumei')",706,4.085648148148148
"('amelia', 'calliope', 'gura', 'inanis', 'kiara', 'irys', 'sana', 'mumei', 'hakos')",749,4.3344907407407405
"('amelia', 'calliope', 'gura', 'inanis', 'kiara', 'irys', 'ceres', 'ouro', 'mumei')",1068,6.180555555555555
"('amelia', 'calliope', 'gura', 'inanis', 'kiara', 'irys', 'ceres', 'mumei', 'hakos')",1147,6.637731481481482
"('amelia', 'calliope', 'gura', 'inanis', 'kiara', 'irys', 'ouro', 'mumei', 'hakos')",1123,6.498842592592593
"('amelia', 'calliope', 'gura', 'inanis', 'kiara', 'sana', 'ceres', 'ouro', 'mumei')",780,4.513888888888888
"('amelia', 'calliope', 'gura', 'inanis', 'kiara', 'sana', 'ceres', 'mumei', 'hakos')",839,4.855324074074074
"('amelia', 'calliope', 'gura', 'inanis', 'kiara', 'sana', 'ouro', 'mumei', 'hakos')",814,4.710648148148148
"('amelia', 'calliope', 'gura', 'inanis', 'kiara', 'ceres', 'ouro', 'mumei', 'hakos')",1295,7.494212962962964
"('amelia', 'calliope', 'gura', 'inanis', 'irys', 'sana', 'ceres', 'ouro', 'mumei')",739,4.27662037037037
"('amelia', 'calliope', 'gura', 'inanis', 'irys', 'sana', 'ceres', 'mumei', 'hakos')",783,4.53125
"('amelia', 'calliope', 'gura', 'inanis', 'irys', 'sana', 'ouro', 'mumei', 'hakos')",773,4.47337962962963
"('amelia', 'calliope', 'gura', 'inanis', 'irys', 'ceres', 'ouro', 'mumei', 'hakos')",1220,7.060185185185184
"('amelia', 'calliope', 'gura', 'inanis', 'sana', 'ceres', 'ouro', 'mumei', 'hakos')",860,4.976851851851852
"('amelia', 'calliope', 'gura', 'kiara', 'irys', 'sana', 'ceres', 'ouro', 'mumei')",710,4.108796296296297
"('amelia', 'calliope', 'gura', 'kiara', 'irys', 'sana', 'ceres', 'mumei', 'hakos')",758,4.386574074074074
"('amelia', 'calliope', 'gura', 'kiara', 'irys', 'sana', 'ouro', 'mumei', 'hakos')",754,4.3634259259259265
"('amelia', 'calliope', 'gura', 'kiara', 'irys', 'ceres', 'ouro', 'mumei', 'hakos')",1135,6.568287037037036
"('amelia', 'calliope', 'gura', 'kiara', 'sana', 'ceres', 'ouro', 'mumei', 'hakos')",822,4.756944444444445
"('amelia', 'calliope', 'gura', 'irys', 'sana', 'ceres', 'ouro', 'mumei', 'hakos')",790,4.5717592592592595
"('amelia', 'calliope', 'inanis', 'kiara', 'irys', 'sana', 'ceres', 'ouro', 'mumei')",697,4.033564814814815
"('amelia', 'calliope', 'inanis', 'kiara', 'irys', 'sana', 'ceres', 'mumei', 'hakos')",747,4.322916666666667
"('amelia', 'calliope', 'inanis', 'kiara', 'irys', 'sana', 'ouro', 'mumei', 'hakos')",731,4.2303240740740735
"('amelia', 'calliope', 'inanis', 'kiara', 'irys', 'ceres', 'ouro', 'mumei', 'hakos')",1104,6.388888888888888
"('amelia', 'calliope', 'inanis', 'kiara', 'sana', 'ceres', 'ouro', 'mumei', 'hakos')",802,4.641203703703703
"('amelia', 'calliope', 'inanis', 'irys', 'sana', 'ceres', 'ouro', 'mumei', 'hakos')",768,4.444444444444445
"('amelia', 'calliope', 'kiara', 'irys', 'sana', 'ceres', 'ouro', 'mumei', 'hakos')",744,4.305555555555555
"('amelia', 'gura', 'inanis', 'kiara', 'irys', 'sana', 'ceres', 'ouro', 'mumei')",754,4.3634259259259265
"('amelia', 'gura', 'inanis', 'kiara', 'irys', 'sana', 'ceres', 'mumei', 'hakos')",806,4.664351851851852
"('amelia', 'gura', 'inanis', 'kiara', 'irys', 'sana', 'ouro', 'mumei', 'hakos')",782,4.525462962962963
"('amelia', 'gura', 'inanis', 'kiara', 'irys', 'ceres', 'ouro', 'mumei', 'hakos')",1224,7.083333333333333
"('amelia', 'gura', 'inanis', 'kiara', 'sana', 'ceres', 'ouro', 'mumei', 'hakos')",874,5.05787037037037
"('amelia', 'gura', 'inanis', 'irys', 'sana', 'ceres', 'ouro', 'mumei', 'hakos')",844,4.884259259259259
"('amelia', 'gura', 'kiara', 'irys', 'sana', 'ceres', 'ouro', 'mumei', 'hakos')",800,4.62962962962963
"('amelia', 'inanis', 'kiara', 'irys', 'sana', 'ceres', 'ouro', 'mumei', 'hakos')",781,4.519675925925926
"('calliope', 'gura', 'inanis', 'kiara', 'irys', 'sana', 'ceres', 'ouro', 'mumei')",707,4.091435185185185
"('calliope', 'gura', 'inanis', 'kiara', 'irys', 'sana', 'ceres', 'mumei', 'hakos')",753,4.357638888888888
"('calliope', 'gura', 'inanis', 'kiara', 'irys', 'sana', 'ouro', 'mumei', 'hakos')",740,4.282407407407407
"('calliope', 'gura', 'inanis', 'kiara', 'irys', 'ceres', 'ouro', 'mumei', 'hakos')",1117,6.46412037037037
"('calliope', 'gura', 'inanis', 'kiara', 'sana', 'ceres', 'ouro', 'mumei', 'hakos')",816,4.722222222222222
"('calliope', 'gura', 'inanis', 'irys', 'sana', 'ceres', 'ouro', 'mumei', 'hakos')",785,4.542824074074074
"('calliope', 'gura', 'kiara', 'irys', 'sana', 'ceres', 'ouro', 'mumei', 'hakos')",753,4.357638888888888
"('calliope', 'inanis', 'kiara', 'irys', 'sana', 'ceres', 'ouro', 'mumei', 'hakos')",738,4.270833333333333
"('gura', 'inanis', 'kiara', 'irys', 'sana', 'ceres', 'ouro', 'mumei', 'hakos')",796,4.606481481481482
"('amelia', 'calliope', 'gura', 'inanis', 'kiara', 'irys', 'sana', 'ceres', 'ouro', 'mumei')",661,3.8252314814814814
"('amelia', 'calliope', 'gura', 'inanis', 'kiara', 'irys', 'sana', 'ceres', 'mumei', 'hakos')",706,4.085648148148148
"('amelia', 'calliope', 'gura', 'inanis', 'kiara', 'irys', 'sana', 'ouro', 'mumei', 'hakos')",693,4.010416666666667
"('amelia', 'calliope', 'gura', 'inanis', 'kiara', 'irys', 'ceres', 'ouro', 'mumei', 'hakos')",1043,6.03587962962963
"('amelia', 'calliope', 'gura', 'inanis', 'kiara', 'sana', 'ceres', 'ouro', 'mumei', 'hakos')",761,4.403935185185185
"('amelia', 'calliope', 'gura', 'inanis', 'irys', 'sana', 'ceres', 'ouro', 'mumei', 'hakos')",728,4.212962962962963
"('amelia', 'calliope', 'gura', 'kiara', 'irys', 'sana', 'ceres', 'ouro', 'mumei', 'hakos')",704,4.074074074074074
"('amelia', 'calliope', 'inanis', 'kiara', 'irys', 'sana', 'ceres', 'ouro', 'mumei', 'hakos')",690,3.9930555555555554
"('amelia', 'gura', 'inanis', 'kiara', 'irys', 'sana', 'ceres', 'ouro', 'mumei', 'hakos')",737,4.265046296296297
"('calliope', 'gura', 'inanis', 'kiara', 'irys', 'sana', 'ceres', 'ouro', 'mumei', 'hakos')",700,4.050925925925926
"('amelia', 'calliope', 'gura', 'inanis', 'kiara', 'irys', 'sana', 'ceres', 'ouro', 'mumei', 'hakos')",656,3.7962962962962963
